Price,Date,Close,High,Low,Open,Volume
Ticker,,POWERGRID.NS,POWERGRID.NS,POWERGRID.NS,POWERGRID.NS,POWERGRID.NS
0,2007-10-05,31.243087768554688,34.00713890708205,25.823684924550964,27.888959409330344,855215656
1,2007-10-08,29.643657684326172,32.299008600809344,29.457316456226895,32.299008600809344,126671715
2,2007-10-09,31.662355422973633,31.94186524924102,28.059772627915926,29.65919394543385,116725709
3,2007-10-10,31.95738983154297,32.609582148487036,31.677880042092518,32.485353937265906,67931378
4,2007-10-11,35.52891159057617,37.26808955233463,31.67787738318619,37.26808955233463,106320954
5,2007-10-12,35.29598617553711,36.615897385582315,34.47298355762381,34.78355090116386,99410791
6,2007-10-15,35.761844635009766,36.24322664510452,35.4512772268222,36.025827774437204,41814972
7,2007-10-16,39.41100311279297,40.03214200646518,35.55996893099584,35.80842111859341,138614496
8,2007-10-17,42.485633850097656,43.47944706299793,32.95121030044613,35.40469417302467,204876259
9,2007-10-18,40.994895935058594,46.414297521934664,39.24019136515026,43.16886724242726,146617799
10,2007-10-19,40.85515213012695,42.51668855072136,38.820933147259815,40.06320273838237,110266491
11,2007-10-22,40.311649322509766,41.569445290888815,38.9762073113403,40.032139575352076,72253405
12,2007-10-23,43.184417724609375,43.57262706272986,41.305482000701666,41.305482000701666,74594921
13,2007-10-24,42.51667785644531,44.566423008690414,42.035295983563984,44.1005678168567,63055170
14,2007-10-25,42.423519134521484,43.41733657037701,37.46996706609637,41.07255000564734,34522489
15,2007-10-26,43.696834564208984,44.39561107467692,42.004240887250994,43.16886840469756,62370025
16,2007-10-29,44.58195877075195,45.653417926773926,44.19374954209758,44.41114839507992,43657697
17,2007-10-30,45.57577133178711,46.802509839097944,43.85212000877217,45.187562143586355,79921711
18,2007-10-31,46.522987365722656,47.54786187019512,45.653400706477655,45.80868433936699,44655368
19,2007-11-01,45.482601165771484,48.029255269010356,45.109922851472305,47.672103638179664,50632492
20,2007-11-02,46.30559158325195,46.58510551036276,43.47942843980119,43.836584188367574,32001693
21,2007-11-05,47.25284194946289,48.29324358732327,45.99504144553975,46.27455547686043,38833135
22,2007-11-06,47.87397384643555,50.90200582830951,47.22178150017936,48.0758418027592,81880281
23,2007-11-07,47.17520523071289,49.442345824143835,46.1192767928456,48.75909999368403,33593141
24,2007-11-08,46.36772537231445,47.625525913127305,45.34285460188037,45.963989423316804,27990521
25,2007-11-12,47.485755920410156,48.32428938520071,43.74341711624664,44.970159738377454,35153735
26,2007-11-13,48.619327545166016,49.597613813961146,46.75592352371276,48.29323352634733,43830531
27,2007-11-14,47.98265838623047,50.156629391049286,47.73420202970528,49.47337967602801,36738579
28,2007-11-15,48.7901496887207,49.64420999792116,47.87397421755158,48.883318219333944,29242252
29,2007-11-16,48.44852066040039,49.5510331003557,47.88949688657311,48.57274676158221,18895294
30,2007-11-19,50.203216552734375,52.02003612601181,49.178346133110516,49.551024371001624,40716718
31,2007-11-20,49.42681121826172,51.398914959507934,48.821203131338784,50.001361724153256,26342171
32,2007-11-21,45.57577133178711,50.016882759868096,44.47325470989338,49.72184630423909,26814499
33,2007-11-22,44.00741195678711,46.926748970719906,42.09742323425793,45.09439788808632,34096185
34,2007-11-23,46.926734924316406,47.20624466623216,44.286908526133296,46.89567735025048,27664090
35,2007-11-26,47.29941940307617,48.66591493082743,46.92674110223821,48.66591493082743,20159123
36,2007-11-27,46.13478469848633,48.10688795286707,45.653407054529666,48.10688795286707,20573198
37,2007-11-28,45.4515495300293,47.36154246339106,45.14098212133178,47.144143592366774,16435311
38,2007-11-29,44.22480773925781,46.833572949707936,43.65025723037338,46.58512072484213,25530967
39,2007-11-30,45.93292236328125,46.212432132793516,44.41114320719072,45.032277900479855,18437721
40,2007-12-03,46.585121154785156,47.15967166897223,46.13479675417749,46.491948410345735,16851227
41,2007-12-04,45.9795036315918,47.283888087577324,45.637878730039496,46.895678929526746,14008727
42,2007-12-05,47.81187057495117,47.98268520534968,45.96399671542005,46.057165268480496,27725290
43,2007-12-06,46.926734924316406,49.58208379102427,46.3211269732166,48.85224975599955,24104710
44,2007-12-07,46.72486114501953,47.88948853872359,45.886331948955814,47.22176967546766,11742386
45,2007-12-10,46.77145004272461,47.34599619238882,46.165842107468286,47.17518585800303,8330010
46,2007-12-11,46.554046630859375,47.454690891962805,46.32112117303927,47.19070786396569,11685950
47,2007-12-12,46.522987365722656,46.94225401699148,45.653400706477655,45.96396797225632,16342131
48,2007-12-13,45.74658966064453,47.2062581475509,45.57577927300954,46.585123338201804,14620172
49,2007-12-14,45.296260833740234,46.01056832242727,45.063335302887,45.591301524423514,10991851
50,2007-12-17,42.56325912475586,45.808689072401684,41.92659363672532,45.56023270670492,19355678
51,2007-12-18,42.37691879272461,43.78999834273351,41.057007749095256,42.08187816862494,21607783
52,2007-12-19,41.600502014160156,44.1160981117741,41.24335044386025,43.7434156482984,19526912
53,2007-12-20,41.18123245239258,42.485616772154835,40.99489123352104,42.1439919062801,17105204
54,2007-12-24,42.43903350830078,43.10675236348815,41.46074313953987,41.802368013366014,16711519
55,2007-12-26,43.72789764404297,44.255863870003914,42.67196940446073,42.67196940446073,20930094
56,2007-12-27,44.03845977783203,45.24967156174239,43.66577728478001,44.62853688154845,44565277
57,2007-12-28,44.380088806152344,44.566430069942584,43.47944006655613,43.945291119861956,18354518
58,2007-12-31,44.7061882019043,44.97017133946397,44.16269524142146,44.721719099607824,11982308
59,2008-01-01,45.52919006347656,45.94845689554239,44.51984601444472,44.93911284651055,16687746
60,2008-01-02,45.280738830566406,45.870816060588915,44.61301974890042,45.52919107088955,13437280
61,2008-01-03,47.14413070678711,47.33047194354227,44.45772419827857,45.00121701495008,31815218
62,2008-01-04,46.895687103271484,48.44852400612752,46.58511972270028,47.827389244985106,28011310
63,2008-01-07,46.507469177246094,47.57892391237225,46.01056061882261,46.60063768905223,15858063
64,2008-01-08,44.9235725402832,47.20624307843812,44.38007975559577,46.55405089434548,13282666
65,2008-01-09,44.20927429199219,45.17203397939877,44.10057487025701,44.97016603179889,13113527
66,2008-01-10,43.15334701538086,45.653416920196754,42.85830632317277,44.41114741589259,18023003
67,2008-01-11,43.805538177490234,44.224804966461505,42.08188675890601,43.74342301899838,11629440
68,2008-01-14,44.47324752807617,44.93909847868857,43.184394073849596,43.88317049976819,10264240
69,2008-01-15,43.12228012084961,45.373893111050236,42.76512855797518,45.187556095525295,11558334
70,2008-01-16,42.23716354370117,43.1688654948561,41.1657088272763,42.811713922714475,14834065
71,2008-01-17,43.3707389831543,44.33349853872396,41.49180412856824,42.392448533840906,16169395
72,2008-01-18,41.352046966552734,43.06016708255744,40.99489120879003,43.01357861861378,13254156
73,2008-01-21,34.317710876464844,40.994910901020056,29.89212270750798,40.994910901020056,33202389
74,2008-01-22,30.87040901184082,32.60958739964004,24.51930361225784,30.932522074368627,58755707
75,2008-01-23,34.317710876464844,35.63762250922576,31.367320167940445,31.367320167940445,28425991
76,2008-01-24,34.39533996582031,36.833294330617385,32.76486149547271,36.16557541856188,29911930
77,2008-01-25,36.16558074951172,36.336391119981144,34.70591240929452,36.02582374651703,12550722
78,2008-01-28,36.55379104614258,36.833300848049106,32.7648672930195,35.668673163155496,13601109
79,2008-01-29,35.948177337646484,37.174919991966334,35.40468450310916,36.64695383919446,7679877
80,2008-01-30,33.960548400878906,36.18110407241371,33.51022406625039,36.02582040010583,9016102
81,2008-01-31,31.739994049072266,34.41087434352055,31.36731361654153,34.31770370884541,41538563
82,2008-02-01,32.842491149902344,33.07541655930112,31.988431315440163,32.28346974611154,9089201
83,2008-02-04,34.535091400146484,34.93882930713317,33.46363464765169,33.46363464765169,12009385
84,2008-02-05,35.6065559387207,36.072406985687685,33.8518511709463,34.59721200362557,14593303
85,2008-02-06,35.29598617553711,35.715252931784015,33.323884807759555,34.62826722939384,12429218
86,2008-02-07,33.63444519042969,36.01028614051689,33.417048516177246,34.81460127287472,11300078
87,2008-02-08,32.764862060546875,34.13135748346127,32.15925407618051,33.851847726191814,13514197
88,2008-02-11,30.451139450073242,33.23071928653849,30.125043268045314,33.23071928653849,15133331
89,2008-02-12,29.907642364501953,31.569178519456425,29.65918806476536,31.367310585640855,10237627
90,2008-02-13,29.47284698486328,30.823813596836416,28.867241117001566,30.435604437159743,10395753
91,2008-02-14,32.05055618286133,32.376652297781156,30.12503706854214,30.12503706854214,12514003
92,2008-02-15,32.96673583984375,33.230718962283326,31.072273929344174,31.926334246899412,12080990
93,2008-02-18,32.7803955078125,33.7120998054008,32.50088569285498,33.7120998054008,6977153
94,2008-02-19,32.42324447631836,33.44811732811319,32.17479013252416,33.37047547731313,7226542
95,2008-02-20,31.615758895874023,32.128196221045364,31.25860733186287,32.11266743431241,5604999
96,2008-02-21,31.833168029785156,32.3766609986528,31.444958766308268,32.12820664879359,3874365
97,2008-02-22,31.42942237854004,31.631290304291714,30.451134007313104,30.777230131055415,2691220
98,2008-02-25,31.693401336669922,32.08161048165924,30.932511833724746,31.802100739734694,6270186
99,2008-02-26,31.817630767822266,32.267952972340915,31.66234710376966,31.988443219514025,7139423
100,2008-02-27,33.681034088134766,35.34256799781342,32.28348113856253,32.28348113856253,43223132
101,2008-02-28,34.628265380859375,34.89224845124424,33.541279736494936,34.007130726936836,35763847
102,2008-02-29,34.1313591003418,35.094118720846105,33.572339559320845,34.410870977021894,16477462
103,2008-03-03,32.70275115966797,33.78973907276784,32.33007073281162,32.64063810622021,10049153
104,2008-03-04,31.864219665527344,33.04437610544834,31.056745758548615,32.92014999858078,11485198
105,2008-03-05,32.45429992675781,32.60958361815532,31.087802178757862,32.01950432714288,8581053
106,2008-03-07,30.79276466369629,31.988449971758975,29.503908716301332,31.988449971758975,14251925
107,2008-03-10,30.683509826660156,30.90200840773611,28.91991156609301,30.83958054412078,11713659
108,2008-03-11,33.21186065673828,33.52400213264144,29.7158765499918,30.433800251093192,19665129
109,2008-03-12,32.369075775146484,34.335567295006854,32.05693433125896,34.11706870765451,12262350
110,2008-03-13,27.92106056213379,31.83843857097645,27.156314380073216,31.526297099372556,47000084
111,2008-03-14,29.840730667114258,29.965586403932186,28.123952643221667,28.701413072060507,35798540
112,2008-03-17,28.67020034790039,29.27887577258506,28.06152492321572,29.27887577258506,19211273
113,2008-03-18,28.91990852355957,29.481763470676476,28.15516039498258,28.623372498105947,12632937
114,2008-03-19,29.091588973999023,32.400286822539215,28.904303271488747,30.27772470041569,16449023
115,2008-03-24,29.372512817382812,30.18408130080802,28.732622526625743,30.18408130080802,11636914
116,2008-03-25,30.480619430541992,30.667903025626618,29.59101547414496,30.137262997619896,13232423
117,2008-03-26,30.2933349609375,31.026868226423773,29.96558601004268,30.277727464829226,11448313
118,2008-03-27,30.83958625793457,31.13612236952623,29.840733904492858,29.840733904492858,17425122
119,2008-03-28,30.90201187133789,31.136120090613037,30.090445319686307,30.980047238814667,11599511
120,2008-03-31,30.683509826660156,31.04247374692633,30.277725537893634,30.90200840773611,9914705
121,2008-04-01,30.745943069458008,31.182942424910078,30.35576620754274,30.902013814224112,6034588
122,2008-04-02,31.245359420776367,32.150570695360095,30.90200305509905,30.90200305509905,6087024
123,2008-04-03,30.99565315246582,31.463865333410876,30.74593956592618,31.323402102496303,3883474
124,2008-04-04,30.83958625793457,31.198550244707906,30.246518268441204,31.198550244707906,5906537
125,2008-04-07,30.714725494384766,31.026866936191112,30.355761566200695,30.88640371074718,4088729
126,2008-04-08,29.934371948242188,30.730333049769445,29.715873361920593,30.66790306781073,5753811
127,2008-04-09,30.012409210205078,30.277728182959677,29.66905275505822,30.02801670668353,3776374
128,2008-04-10,30.605480194091797,30.823978816047955,29.856341456857827,29.965589709413415,7075297
129,2008-04-11,30.745943069458008,31.05808455899022,30.43380157992579,30.902013814224112,4012660
130,2008-04-15,31.21414566040039,31.370216346365506,30.028008023696653,30.558647932609226,6362785
131,2008-04-16,30.792760848999023,31.74479266969682,30.667903002193377,31.526294083842725,4725794
132,2008-04-17,31.97889518737793,32.712426223634566,30.917613133596763,31.260969527993925,14831167
133,2008-04-21,32.49393081665039,33.05578582709791,32.150576505764676,32.46271794303056,7639361
134,2008-04-22,33.024566650390625,33.39913802110414,32.15057243031062,32.462713828009,8814769
135,2008-04-23,33.0557861328125,33.445962933003386,32.618788963336556,33.087001123565614,5265604
136,2008-04-24,31.885250091552734,33.461564508833604,31.604323691850663,33.399136655215834,8801780
137,2008-04-25,32.15057373046875,32.60317835206571,31.71357448591232,32.462715140790024,4095990
138,2008-04-28,32.275428771972656,32.899711579541965,32.150573057196546,32.18178592746839,4708244
139,2008-04-29,32.7280387878418,33.04018024316435,32.30664909326318,32.462719820924455,6497143
140,2008-04-30,32.946533203125,33.36792496108449,32.77485711795469,33.055783545364704,6331377
141,2008-05-02,33.24306106567383,34.1794850825273,33.180631104408455,33.445952089254504,5658418
142,2008-05-05,33.08699417114258,33.86734760755215,32.86849351547256,33.68006193607618,7642293
143,2008-05-06,32.80607604980469,33.46157399064651,32.618792435881915,32.8216835468428,5061166
144,2008-05-07,32.33784866333008,32.99334629654183,31.83842381040842,32.77484779108586,4303106
145,2008-05-08,31.947683334350586,32.27543226718636,31.760399741904855,32.08814655789603,3642073
146,2008-05-09,31.760398864746094,32.58757280477019,31.276579226478706,31.52629279302102,8621761
147,2008-05-12,31.760398864746094,31.994504936471163,31.058078532726338,31.760398864746094,4890395
148,2008-05-13,31.854032516479492,32.08813853614568,31.588713630964264,31.900854990519175,5056766
149,2008-05-14,31.90086555480957,32.072543782786546,31.214154759746442,31.214154759746442,2982486
150,2008-05-15,31.916461944580078,32.27542365528779,31.21414389740444,31.21414389740444,2646760
151,2008-05-16,32.16617965698242,32.259822505047325,31.776002887415704,32.15057427967531,4422288
152,2008-05-20,32.103759765625,32.22861763298372,31.776010774470205,31.838440766572052,3464912
153,2008-05-21,32.306644439697266,32.774856555238124,31.370220208615535,31.370220208615535,3419088
154,2008-05-22,31.86965560913086,32.025726365310376,31.526301215642984,31.526301215642984,3558000
155,2008-05-23,31.33901023864746,32.11936388949423,31.21415450124988,31.68236669175794,4417028
156,2008-05-26,31.10491180419922,31.29219757326682,29.6534523860385,29.6534523860385,2605807
157,2008-05-27,30.16848373413086,31.495085115220636,30.028020481855062,31.151728616906443,3316550
158,2008-05-28,31.27657699584961,31.463860569765973,29.74708283288848,30.2777228009181,4505700
159,2008-05-29,31.791614532470703,32.15057847744723,30.87079765943478,31.60433092873248,11026212
160,2008-05-30,30.77715301513672,31.99450589467222,30.652297286548535,31.86964804923943,4023430
161,2008-06-02,29.46615982055664,31.21415274695053,29.02916053053585,30.58986774451445,4431595
162,2008-06-03,28.373659133911133,29.341296144235223,28.10833811350699,29.029154763451153,6240766
163,2008-06-04,27.499666213989258,28.54533869763973,27.32798801015277,28.248804772928235,5762089
164,2008-06-05,27.452842712402344,27.65573589735156,26.532025983793368,27.46845020614373,9721099
165,2008-06-06,27.15630531311035,28.29562257417556,26.76612860387791,27.31237599680333,6317089
166,2008-06-09,26.78173828125,27.43723605299275,25.5956005650149,26.844166136453047,6500809
167,2008-06-10,26.594457626342773,26.81295833612633,25.985782218568563,26.532029759338055,6717902
168,2008-06-11,26.719318389892578,27.156315623407732,26.53203265161755,26.844174137512642,2586175
169,2008-06-12,26.906604766845703,27.062675525776555,25.595610815195553,26.375964609849827,3244212
170,2008-06-13,26.734920501708984,27.125097280475313,26.453991950890526,26.859776224176407,4248430
171,2008-06-16,27.671344757080078,28.092734407832868,26.87538370542103,26.969026555647595,4354615
172,2008-06-17,28.49852180480957,28.717020401392812,27.187528108465408,28.061524611643097,4736084
173,2008-06-18,28.467302322387695,29.09158725491682,28.404874464188104,28.404874464188104,5055019
174,2008-06-19,27.858638763427734,28.40488645779816,27.406033954318435,27.905461264480945,4221271
175,2008-06-20,27.21873664855957,28.201983351835874,26.85977487683856,28.09273301252371,3837789
176,2008-06-23,26.266706466674805,27.09388251457866,26.001387525035266,27.000239663534607,4516050
177,2008-06-24,25.455141067504883,26.65688645170892,25.18981999820957,26.266707536985678,5238203
178,2008-06-25,24.752822875976562,25.26785540336762,24.19096786264884,24.97132145981384,3933879
179,2008-06-26,26.157459259033203,27.281169281743235,24.893286012695565,24.893286012695565,18253250
180,2008-06-27,25.002534866333008,25.845318462704434,24.86207163921932,25.283463437405032,6821283
181,2008-06-30,24.503116607666016,25.221042554492385,23.800798160805595,24.986936405538913,4596315
182,2008-07-01,22.770723342895508,24.50310871016169,21.896726911794644,24.50310871016169,6202295
183,2008-07-02,23.769577026367188,24.01929061083996,22.052799043778347,22.786332301258728,5245963
184,2008-07-03,23.14529800415039,23.769581011577316,22.474194617904466,23.566689880901585,4726793
185,2008-07-04,23.45743751525879,23.91004223382754,22.630263447420894,22.78633418602011,4862814
186,2008-07-07,23.972469329833984,24.940108724561536,23.769578222961176,23.769578222961176,5528014
187,2008-07-08,24.674789428710938,25.28346485830688,22.1620481108729,22.1620481108729,8354280
188,2008-07-09,26.391565322875977,26.500813555928776,25.002534232085914,25.002534232085914,6860769
189,2008-07-10,27.546485900878906,27.874234806149918,25.658029938931083,26.391563102306954,7216175
190,2008-07-11,26.235498428344727,28.15516770266342,26.03260519422366,27.81181334136186,6040791
191,2008-07-14,26.25110626220703,27.187532915857567,25.5956103565503,25.5956103565503,5942149
192,2008-07-15,25.158601760864258,25.87652739967986,24.971318192158662,25.595600988199305,3693378
193,2008-07-16,24.471893310546875,25.59560329126815,24.050501538565264,25.158604024612313,6973872
194,2008-07-17,25.720458984375,25.90774468655392,24.971320409348365,24.971320409348365,5038238
195,2008-07-18,27.15630531311035,27.374803846911696,25.423920300749483,26.188666227476247,5983177
196,2008-07-21,28.685802459716797,28.857480654157406,27.171915813528305,27.624520422984915,8754188
197,2008-07-22,29.856325149536133,30.121644003837197,28.436081707280934,28.685795188915446,12631056
198,2008-07-23,31.963294982910156,32.587577939204465,30.621086203508415,31.182941287542267,12798869
199,2008-07-24,30.83958625793457,32.55636446807798,28.91991692423948,28.91991692423948,10764301
200,2008-07-25,30.90201187133789,31.90086626851648,29.731481359186244,30.511835033954007,10710381
201,2008-07-28,30.652297973632812,31.510686948240387,30.308941537051922,30.902009436406566,5533881
202,2008-07-29,29.419334411621094,30.43379399993447,29.185228352779546,29.965581882251374,5145929
203,2008-07-30,30.652297973632812,30.902009436406566,29.684658646428236,29.684658646428236,7354746
204,2008-07-31,29.57541847229004,31.182948738988642,29.185241531369805,31.182948738988642,6006517
205,2008-08-01,30.433788299560547,30.55864611099631,28.09272814963528,29.107187547936228,4699412
206,2008-08-04,30.621084213256836,31.18293926077229,29.825123072347,29.825123072347,4301346
207,2008-08-05,31.994510650634766,32.22861676417078,30.43380111021643,30.745942594931112,9161115
208,2008-08-06,31.182926177978516,33.13380947110544,30.964427672517072,33.13380947110544,8616591
209,2008-08-07,31.10491180419922,31.807230262934805,30.13727219209207,30.13727219209207,4809365
210,2008-08-08,30.574262619018555,31.33900873683157,30.465012266397558,30.745938720502043,4883824
211,2008-08-11,30.855195999145508,31.307800773173696,30.621089862560744,30.964446376289786,2714705
212,2008-08-12,30.324546813964844,31.21415071475283,30.090440747109536,31.058077886671455,5801276
213,2008-08-13,30.44940185546875,30.745935776820392,29.731476176460667,29.965582238082142,2754609
214,2008-08-14,29.715879440307617,30.58987396436969,29.65344944557884,30.277732458106076,2566362
215,2008-08-18,29.372512817382812,30.277722026950336,29.09158640526719,29.653439229498435,2963058
216,2008-08-19,28.826269149780273,29.497372398309274,28.233199144321404,29.325696299972517,2941144
217,2008-08-20,29.15401840209961,29.388124484391838,28.951125194006227,29.029160554770304,3319410
218,2008-08-21,28.841876983642578,29.32569664416143,28.49852054924994,29.02916057952931,4138486
219,2008-08-22,28.545347213745117,29.840735759295615,27.811815930287825,29.840735759295615,4139879
220,2008-08-25,28.85747718811035,29.247653893682322,28.654584031106467,29.247653893682322,2034227
221,2008-08-26,28.90431022644043,28.997953100227903,28.373670097438115,28.56095372816803,1489491
222,2008-08-27,28.326833724975586,29.263257770411737,28.170763050736227,29.06036674063817,4297168
223,2008-08-28,27.90544891357422,28.71701528733371,27.546485031757594,28.404873885846744,7382078
224,2008-08-29,29.06037139892578,29.16962173514342,28.280017902640736,28.40487361530861,2219080
225,2008-09-01,29.044647216796875,29.17044881070453,28.462810045991457,28.997470019420668,3417069
226,2008-09-02,30.57000732421875,30.6958089369891,28.997474367300832,29.249079725722957,5030404
227,2008-09-04,29.925275802612305,30.47566171136076,29.673670389179488,30.224056297927945,2813325
228,2008-09-05,29.264801025390625,29.595032874967163,28.934569175814083,29.563581410100404,3330688
229,2008-09-08,30.805879592895508,32.048178220708245,30.50709710135799,30.821603191076704,8377948
230,2008-09-09,30.91595458984375,31.167559881238848,30.208315907540534,30.805878741213995,3737279
231,2008-09-10,30.64862823486328,31.16756245830769,30.34984572688149,30.758704092594588,3847698
232,2008-09-11,29.830915451049805,30.507102817490257,29.595035839563877,30.507102817490257,2567354
233,2008-09-12,30.12969970703125,30.94741665092195,29.64221468789955,30.03534742383131,6093354
234,2008-09-15,28.226932525634766,29.484957088397593,27.37776637234611,29.02892361097232,6770268
235,2008-09-16,28.777318954467773,29.028924299564903,26.733028991485753,27.126161676674602,4654621
236,2008-09-17,28.03822898864746,29.186175502657125,27.676545661730678,29.186175502657125,4674190
237,2008-09-18,27.97532081604004,28.52570643691642,25.962482827130152,27.676540476997587,6603710
238,2008-09-19,29.67366600036621,29.83091909389334,28.305563233527575,28.63579515651086,9821730
239,2008-09-22,29.0289249420166,31.765130197792196,28.793045325682936,30.507103444464622,4162514
240,2008-09-23,28.682964324951172,29.32770230222271,28.148304343633733,28.682964324951172,6569683
241,2008-09-24,29.343427658081055,29.65793377633252,28.39990930332667,28.7773162186522,5730103
242,2008-09-25,28.431364059448242,29.547861335060105,27.75517454720491,29.42205759346812,10926783
243,2008-09-26,27.97532081604004,28.58860935703549,27.487838115282727,28.58860935703549,4967945
244,2008-09-29,26.937454223632812,28.77731356608499,26.418517896622514,28.77731356608499,7859964
245,2008-09-30,26.984636306762695,27.991055627749734,25.475006258841393,25.475006258841393,6616439
246,2008-10-01,27.880979537963867,28.14830850167156,26.78020581446123,27.330593742653278,3743739
247,2008-10-03,28.274112701416016,28.62006821284782,27.51929660460923,28.022507335813753,4681406
248,2008-10-06,27.6922664642334,28.30555287804428,27.126155108069202,27.959597478580076,5560277
249,2008-10-07,28.60433578491211,29.217624386599518,27.67654321590949,27.67654321590949,9928258
250,2008-10-08,28.384187698364258,28.62006732135362,26.449973510122625,27.645099492726445,9985473
251,2008-10-10,28.21120834350586,28.85594639395558,26.119743246044564,28.27411128140838,9025179
252,2008-10-13,28.777318954467773,28.997472831597264,28.16403239214943,28.35273693419261,6805621
253,2008-10-14,28.085407257080078,29.84664262779607,27.86525336896094,28.934573472900443,5099383
254,2008-10-15,27.849523544311523,28.447084314719493,27.55074315910754,27.92815007372737,5495022
255,2008-10-16,26.78020477294922,27.456394289190484,26.261270467848043,27.456394289190484,6651066
256,2008-10-17,24.767356872558594,27.5192847029938,24.405673649401624,27.330582360063733,5586092
257,2008-10-20,25.050424575805664,26.04112039345667,24.264159069518367,24.861722134025726,7922965
258,2008-10-21,25.254850387573242,26.575775776213455,24.53148582409272,25.302025456392734,8047276
259,2008-10-22,23.87101936340332,25.191944602640447,23.635139780222367,25.003242215824326,5408099
260,2008-10-23,22.707345962524414,23.493611197651067,22.361388405916305,23.273457358391795,6641370
261,2008-10-24,19.766714096069336,22.32993803470389,19.499383049908452,22.015431925282176,9905588
262,2008-10-27,18.241357803344727,19.49938218524699,16.354321230491333,19.405029930028125,12878172
263,2008-10-29,20.64733123779297,21.952530714009253,18.870370473502163,20.757407094276175,13094201
264,2008-10-31,21.968263626098633,22.644453249284247,20.883217641081853,21.732383971404474,8097887
265,2008-11-03,22.644447326660156,23.242008109108134,21.858179883778423,23.21055664355565,4951148
266,2008-11-04,23.63514518737793,23.82384975024621,22.219867364510513,22.329943248782378,4515828
267,2008-11-05,22.770246505737305,24.783086765377192,22.329936699153144,24.783086765377192,6145587
268,2008-11-06,22.01543426513672,23.509340576546965,21.559400784583083,22.32994040798492,4896229
269,2008-11-07,23.729490280151367,24.43712897721155,21.70092430894078,21.858177352731932,8250147
270,2008-11-10,24.264150619506836,24.814536282235657,23.729490688003597,24.46857872679659,3775177
271,2008-11-11,23.981101989746094,24.98752131256685,23.430716189294582,24.37423470435432,8900004
272,2008-11-12,22.974672317504883,24.500027557817493,22.691617717369688,24.500027557817493,5705390
273,2008-11-14,22.89605140686035,23.902472748968492,22.61299673744321,22.770249805537453,4038880
274,2008-11-17,23.83957290649414,24.625840481795013,21.700930476537195,24.625840481795013,5361538
275,2008-11-18,22.55009651184082,23.776669621102744,22.109786630219677,23.776669621102744,6392448
276,2008-11-19,21.999711990356445,23.352088912695994,21.716655165002727,22.644450048633818,5606729
277,2008-11-20,21.763830184936523,22.17268644794847,20.83603539441243,22.015433382826583,5080395
278,2008-11-21,23.147661209106445,23.87102588850123,21.071919456561705,21.622305301097484,8350092
279,2008-11-24,23.729490280151367,24.106897158673952,22.550092451717727,23.839566131076626,5420119
280,2008-11-25,23.147661209106445,24.264158634598214,22.958958770708886,23.981103910561046,5453771
281,2008-11-26,23.66659164428711,24.028272824789028,22.72307329562357,23.399260592346668,5246053
282,2008-11-27,23.66659164428711,23.666591644287113,23.666591644287113,23.666591644287113,0
283,2008-11-28,23.2891902923584,23.745226017840437,22.361397369575485,22.958960467535967,8464961
284,2008-12-01,23.10048484802246,24.65729000941039,23.00613256763014,23.74522294234153,5733003
285,2008-12-02,22.89605140686035,23.147656742387387,22.17268686705059,22.927502873631695,5879324
286,2008-12-03,23.58796501159668,23.886745394117874,22.408567080949013,23.116205839337614,6430656
287,2008-12-04,24.720182418823242,24.845986127558902,20.914658088203968,20.914658088203968,4648185
288,2008-12-05,24.421403884887695,25.600801744163157,23.603687182637657,23.603687182637657,5338962
289,2008-12-08,24.48430633544922,25.286297360640255,23.430712122879996,25.081869237675196,11709287
290,2008-12-10,24.09117889404297,25.632260480535926,23.745223370212646,25.632260480535926,11172070
291,2008-12-11,23.82384490966797,24.515757944798068,23.446435860614166,24.515757944798068,9867592
292,2008-12-12,23.084753036499023,23.352084071767997,22.581542428774245,23.2420060848029,9847702
293,2008-12-15,23.4621639251709,23.981100352759242,23.273461514768954,23.87102234703044,5741641
294,2008-12-16,24.35850715637207,24.65728757066203,22.329940793659485,23.587967519661756,9183505
295,2008-12-17,24.327054977416992,25.003244456186202,23.68231696570914,25.003244456186202,8720755
296,2008-12-18,25.050424575805664,25.31775570109602,23.776674029043903,23.776674029043903,12640018
297,2008-12-19,26.261272430419922,26.575778610441184,25.01897344591225,25.78951316038803,10050607
298,2008-12-22,26.276994705200195,26.497148575643525,25.364925623533168,25.364925623533168,6524631
299,2008-12-23,25.742334365844727,26.528599767400294,25.55363194920023,26.10401773028913,5151765
300,2008-12-24,25.302024841308594,26.088290188395018,21.22916863709592,21.22916863709592,13318746
301,2008-12-26,25.349205017089844,26.68585637648486,24.68874327217661,26.68585637648486,5480531
302,2008-12-29,25.883853912353516,26.088281985162865,24.84598355397245,25.632248653824686,3418418
303,2008-12-30,25.836687088012695,26.261271265357642,24.877442854927715,25.820961353132986,4868199
304,2008-12-31,26.151187896728516,26.54432052377659,25.56935288842597,26.54432052377659,4396180
305,2009-01-02,26.528596878051758,26.968906734695597,26.025388355591737,26.968906734695597,3976548
306,2009-01-05,25.93103790283203,26.96890861893555,25.600806020497092,26.96890861893555,4505326
307,2009-01-06,25.742334365844727,26.921734601059487,25.31775232873356,26.921734601059487,3969700
308,2009-01-07,24.38996124267578,26.638681920662748,22.848881669050318,26.638681920662748,12109220
309,2009-01-09,24.264150619506836,26.41851820962632,23.053301308351045,26.41851820962632,5272587
310,2009-01-12,23.61941909790039,24.84599447241014,22.6759005634536,24.84599447241014,6595708
311,2009-01-13,23.273462295532227,23.88674888245502,22.92750466553403,23.587968456300985,4104761
312,2009-01-14,23.32064437866211,23.713777197832187,22.67590612864678,23.713777197832187,2777281
313,2009-01-15,22.974672317504883,23.320629835786317,22.48718963203657,23.1162017504532,3693599
314,2009-01-16,23.698040008544922,24.04399757541456,22.80169889364252,23.776666534389747,2131503
315,2009-01-19,24.6101131439209,24.8145412924863,23.603691736850482,24.34278205775256,2587926
316,2009-01-20,27.362031936645508,27.991044017978925,23.58795944864499,24.641553405150113,19101726
317,2009-01-21,25.53790855407715,27.959607919021185,25.191950892547545,27.959607919021185,11311625
318,2009-01-22,26.748756408691406,27.11043764867217,25.223400641019914,26.35562369876385,10535551
319,2009-01-23,27.12615966796875,27.456391525649813,25.91531023409858,27.189060466364868,7005930
320,2009-01-27,28.006784439086914,28.384191459300446,26.104021468278276,27.047540085252965,8487928
321,2009-01-28,28.635787963867188,28.777315285916917,27.67654390771519,28.588612900810965,6636133
322,2009-01-29,28.447086334228516,29.217628083510803,27.377766311412564,29.217628083510803,13844487
323,2009-01-30,27.75517463684082,27.97532851923608,27.04753578657518,27.959604917757495,4578388
324,2009-02-02,26.2927188873291,27.991053353055914,25.915311939239132,27.676547207500725,6678800
325,2009-02-03,26.717304229736328,27.362042283484126,24.091176943958327,24.091176943958327,6591337
326,2009-02-04,27.128582000732422,28.34660053732901,25.973836680664753,27.682226400001895,7225484
327,2009-02-05,26.97039794921875,27.682226464216452,26.701484096460316,26.891305891996783,3622655
328,2009-02-06,27.334218978881836,27.666403857588023,27.0494863243363,27.191851578854532,2228530
329,2009-02-09,27.35004425048828,28.40987886362861,26.638215609113068,28.40987886362861,3190528
330,2009-02-10,27.302579879760742,27.88786185124526,26.796389950611488,27.745494458634617,3258153
331,2009-02-11,27.365859985351562,27.52404410991123,26.416755237993534,27.20767586079189,1899711
332,2009-02-12,28.694602966308594,29.01097117974721,27.049488685529628,27.350038059194464,8517373
333,2009-02-13,29.67534637451172,29.975895759199165,29.10588314033536,29.26406725285605,9331167
334,2009-02-16,28.299142837524414,30.18153543307197,27.88786587445583,30.18153543307197,3238379
335,2009-02-17,27.049484252929688,28.267502533275376,26.90711900931356,28.267502533275376,2684742
336,2009-02-18,27.792949676513672,28.125136667947523,26.27438210532242,27.049483654995488,4576718
337,2009-02-19,27.88787269592285,28.473152749494595,27.47659348674473,27.840416164762033,5072418
338,2009-02-20,27.302579879760742,27.745494458634617,26.970392872850855,27.52403716919768,3336292
339,2009-02-24,29.042604446411133,29.327337082547693,25.94219599670293,27.39749041559931,9913081
340,2009-02-25,28.963516235351562,30.355537634364108,28.662966867607576,29.35897649435924,7821109
341,2009-02-26,29.39060401916504,29.54878806811732,28.330770032981338,29.090052609748916,9451371
342,2009-02-27,30.65608787536621,31.795014311955043,28.82115179219944,28.947698220482966,35406885
343,2009-03-02,29.232425689697266,29.91261637507174,28.821146652850626,29.10587713847043,9682882
344,2009-03-03,28.188419342041016,29.580438831852412,27.99859752728965,29.39061916261063,6218930
345,2009-03-04,28.963516235351562,29.24824890914262,28.314960981477135,28.726240079946958,6597422
346,2009-03-05,29.010982513427734,29.374807388322665,28.568067699784457,29.374807388322665,6109769
347,2009-03-06,29.27988624572754,29.390615983272546,28.473146838567875,28.568057735676543,3962742
348,2009-03-09,28.773693084716797,29.422248307754266,28.504781408683098,29.422248307754266,2964226
349,2009-03-12,29.61207389831543,29.88098775452182,28.821153315954763,29.722803638049683,6091612
350,2009-03-13,30.023353576660156,30.213173232575734,29.295706198543513,30.0549891132247,6329765
351,2009-03-16,30.339725494384766,30.56118285922845,29.343164134323665,30.213176896252882,8232474
352,2009-03-17,30.466272354125977,30.94082477606515,30.086630845676584,30.545364424449172,4981205
353,2009-03-18,30.244810104370117,31.11482273749256,27.20767423599349,27.20767423599349,4007849
354,2009-03-19,30.434627532958984,30.60862831820468,29.105879440292867,29.105879440292867,3286397
355,2009-03-20,30.56117820739746,30.798454379079647,30.070807023485738,30.35553971680998,3154546
356,2009-03-23,31.06736946105957,31.320462337793543,30.30808439432929,30.355540917848995,7034396
357,2009-03-24,31.13064193725586,31.68428634653928,30.687725122523485,31.478645707214085,7551877
358,2009-03-25,30.70353889465332,31.32045641976684,30.260624298548496,30.861722985477762,5666796
359,2009-03-26,30.450448989868164,31.621013173261222,29.833531362045235,31.621013173261222,9588411
360,2009-03-27,29.912628173828125,30.8459141842733,29.643716419230557,30.8459141842733,6291705
361,2009-03-30,29.912628173828125,30.5928212730073,27.68223133835083,30.5928212730073,4842258
362,2009-03-31,30.244810104370117,30.940819781766198,28.48896599751205,30.940819781766198,7683950
363,2009-04-01,29.090070724487305,31.605200385437033,28.947705420879352,31.605200385437033,7321541
364,2009-04-02,29.61207389831543,30.05498856623365,29.311524506120257,29.706984797300592,9185217
365,2009-04-06,29.264062881469727,30.16571304635535,29.05842442411428,29.738615148144472,6958026
366,2009-04-08,30.81426239013672,31.225541372279483,28.314952972812918,28.947689208260673,16888845
367,2009-04-09,30.355541229248047,31.921563611274287,30.134081741569823,31.47864678142731,7959989
368,2009-04-13,29.944265365600586,30.84591367448105,29.50134848718571,30.52954539511744,6786405
369,2009-04-15,30.7193603515625,30.924998828960668,29.738618046642266,29.738618046642266,9517190
370,2009-04-16,29.92844009399414,31.257186152808817,29.65952625609305,31.130639726449036,16019178
371,2009-04-17,30.845903396606445,32.14301376800312,29.770252463381627,30.62444610394357,24728264
372,2009-04-20,32.2379264831543,32.87066286704677,30.22898760609205,31.92155829120806,20235831
373,2009-04-21,31.63682746887207,32.34865589382587,31.352094811585093,32.079742075084134,8757532
374,2009-04-22,30.577001571655273,32.39611915701448,30.13408469834896,32.39611915701448,10270548
375,2009-04-23,31.652645111083984,31.90574009887011,30.070804119307137,30.830089082665516,7645123
376,2009-04-24,31.652645111083984,32.14301624763664,31.035727553392842,32.079743037067395,4953362
377,2009-04-27,30.608633041381836,31.636831946227403,30.38717570693439,31.636831946227403,6298942
378,2009-04-28,29.105878829956055,31.28882054676864,28.94769474086133,30.956633530567917,8020828
379,2009-04-29,29.295705795288086,29.896804582344117,28.85278897989628,29.7069849290414,10317407
380,2009-04-30,29.295705795288086,29.295705795288086,29.295705795288086,29.295705795288086,0
381,2009-05-04,29.75443458557129,30.3397165844649,29.596250493492914,30.0075295619985,6346688
382,2009-05-05,30.355541229248047,30.687726169746433,29.580437313393208,30.054989680401732,10754066
383,2009-05-06,30.482084274291992,31.19391274553238,30.13407838570411,30.671906058159788,8162872
384,2009-05-07,30.7193603515625,30.97245534755894,30.213170359569627,30.68772267249699,6552316
385,2009-05-08,30.7984561920166,31.953201582815748,30.244811758834807,30.687726447176445,16052278
386,2009-05-11,30.7984561920166,31.621014493804775,30.592817689324303,30.719364130133485,8177989
387,2009-05-12,32.016475677490234,32.15884096366549,30.418815554722343,31.09900644728721,9045014
388,2009-05-13,31.38373374938965,32.41193040451544,31.083182241484,32.269565142907545,8210662
389,2009-05-14,31.431188583374023,32.11138151406739,30.60863038898039,31.605191525900658,7465672
390,2009-05-15,31.937379837036133,32.2379292157589,31.415370988772,31.478644203422693,5990389
391,2009-05-18,37.03090286254883,37.9641907232612,34.19941018579335,36.06598161619995,170650
392,2009-05-19,37.34727478027344,39.19802970286229,33.851407708397815,36.0659852213373,19037417
393,2009-05-20,37.584556579589844,41.12788284815529,35.43325410361602,38.913305003056685,10704619
394,2009-05-21,37.1574592590332,39.22966946848224,36.8727244165585,37.93255885516217,11495294
395,2009-05-22,37.552913665771484,38.850024075837325,36.85690194592598,37.616184727836824,8524108
396,2009-05-25,36.88853454589844,37.96418536316015,36.44562000832215,37.94836867257502,5914983
397,2009-05-26,34.08867645263672,37.220720252613745,33.345210448299426,37.17326588872363,11328948
398,2009-05-27,34.705596923828125,36.06598050438703,34.088679412152864,34.800507805357164,9833643
399,2009-05-28,35.433250427246094,36.03434920748785,33.89886364985251,35.433250427246094,18047010
400,2009-05-29,36.366539001464844,36.69872393262731,35.60725394828493,36.06598746106542,12795881
401,2009-06-01,37.99583053588867,38.21728570288426,36.160892387965745,37.299818774431984,13519274
402,2009-06-02,37.663631439208984,39.13474662563179,36.761985732714024,38.2805509877745,10664555
403,2009-06-03,39.73586654663086,40.02059714858419,37.3314666915436,38.2805715587344,19445390
404,2009-06-04,39.704219818115234,40.14713446374028,38.502022309844605,40.02058803513578,11373782
405,2009-06-05,39.561859130859375,40.653326972169914,38.86584729415386,40.147136935567616,13240784
406,2009-06-08,38.264739990234375,40.257857720361216,37.537090633555685,39.54602934659908,8283946
407,2009-06-09,38.296382904052734,38.73929753900366,36.80945060348341,38.185653172560386,6301719
408,2009-06-10,38.69184494018555,39.76749604325758,38.1540172431402,39.76749604325758,5514227
409,2009-06-11,38.78675842285156,39.70422552590031,38.34384371355415,39.530224697932496,8425194
410,2009-06-12,38.359649658203125,39.29293748739129,37.363090768860935,38.91329396239523,8819990
411,2009-06-15,38.58112716674805,39.13477173025379,37.48965473942873,39.13477173025379,6088490
412,2009-06-16,38.86583709716797,39.15056757711043,37.41054273288487,38.850020405900274,5235173
413,2009-06-17,37.663631439208984,39.79912053385222,37.046716181660706,39.79912053385222,8548532
414,2009-06-18,34.62651062011719,37.80601173259207,34.072866222514925,37.64782761899142,15756310
415,2009-06-19,34.18358612060547,35.7337891294672,32.96556793827931,35.7337891294672,11260656
416,2009-06-22,33.645755767822266,34.61067893169533,33.21866010694991,34.16776443623321,11032509
417,2009-06-23,33.96214294433594,34.45251204237952,32.6650321898416,32.902308390382544,9061729
418,2009-06-24,34.02541732788086,35.05361423191996,33.61413813716328,35.05361423191996,12156270
419,2009-06-25,33.86722946166992,34.94288063085336,33.392674951136684,34.484147107098934,22858397
420,2009-06-26,35.069419860839844,35.27505830595961,33.55085012322617,34.76886839342172,16833106
421,2009-06-29,35.259246826171875,36.08180292379597,34.95869744154943,36.08180292379597,16727201
422,2009-06-30,34.61069107055664,35.89198279357284,34.10450320471088,35.433249302631296,10678356
423,2009-07-01,33.85139846801758,34.8954137253786,33.2186622084665,34.658137628046944,9694486
424,2009-07-02,34.8321418762207,35.06941798273284,33.77230774226297,35.06941798273284,11593296
425,2009-07-03,35.733802795410156,35.98689783021352,33.93050415888922,34.6265138954663,14320723
426,2009-07-06,32.791568756103516,37.17326879710456,32.4277462164575,36.31907301618091,16536927
427,2009-07-07,33.0762939453125,34.45249613107817,32.58592507373747,34.45249613107817,6256398
428,2009-07-08,32.2379264831543,32.87066286704677,31.225548698028163,32.87066286704677,9995092
429,2009-07-09,32.55429458618164,32.9655736636902,31.700100899361775,32.427748167952444,5766023
430,2009-07-10,32.47520446777344,33.661585254814604,31.98483331336124,32.744118304373124,4813799
431,2009-07-13,32.61758804321289,33.31359806655164,31.39956889323725,32.7441366855084,6649724
432,2009-07-14,34.16777801513672,34.452508568875444,32.79157533254424,33.139581249788826,6681312
433,2009-07-15,35.13270568847656,35.33834420749258,34.23105525323165,34.64233443677336,5318107
434,2009-07-16,35.069419860839844,36.19252510873704,34.16776974960325,36.19252510873704,6733724
435,2009-07-17,35.338348388671875,35.68635438796185,34.832160379852716,35.68635438796185,4714999
436,2009-07-20,35.41743469238281,36.06599005141653,35.053612053307816,35.449072376436966,3204852
437,2009-07-21,34.86378860473633,35.65470921389696,34.325963019609,35.65470921389696,3387311
438,2009-07-22,34.436702728271484,35.65471953153874,34.04124230925417,34.95870962317029,4155805
439,2009-07-23,35.9394416809082,36.28744760482266,34.51578459390996,35.55979807463444,7225701
440,2009-07-24,35.76544189453125,36.84109529863074,35.48070916454478,36.84109529863074,3938895
441,2009-07-27,36.27163314819336,36.667093521332895,35.591442164597304,36.667093521332895,5271010
442,2009-07-28,36.793636322021484,37.01509582535501,36.09762870915187,36.92018706165164,5714377
443,2009-07-29,37.14162826538086,37.3314500122124,35.686336073204664,37.29981233923754,8829709
444,2009-07-30,37.663631439208984,38.169821287901556,37.236537911297575,37.36308430071641,17110331
445,2009-07-31,37.14162826538086,38.35964649228084,36.95180651854931,37.93254863466427,5752956
446,2009-08-03,37.10999298095703,37.72691262511262,36.951808896918976,37.521274174066725,3665243
447,2009-08-04,36.667083740234375,37.91673990241214,36.54053731279045,37.91673990241214,3621563
448,2009-08-05,36.33490753173828,36.8569143518188,35.749625337276065,36.8569143518188,4774621
449,2009-08-06,35.60725784301758,36.63545257626049,35.33834395498612,36.19253785592478,7103528
450,2009-08-07,35.686344146728516,36.2241696904148,35.16433529759916,35.43324914219694,3574790
451,2009-08-10,35.00615310668945,36.319080430490665,34.721422551928285,36.0343498757295,2330557
452,2009-08-11,35.22761535644531,35.62307568329986,34.56324114912584,35.62307568329986,2647345
453,2009-08-12,34.76887512207031,35.22761075774476,33.21867170137176,33.21867170137176,3169220
454,2009-08-13,35.354156494140625,35.71797908201226,34.990333906268994,35.71797908201226,3372052
455,2009-08-14,35.401607513427734,36.06598155803127,35.116877006031395,35.116877006031395,5692114
456,2009-08-17,33.677398681640625,35.24342063973564,33.50339576507253,34.800506075297676,7525848
457,2009-08-18,34.405052185058594,34.48414423931841,33.2186713711613,33.75649691102622,3831268
458,2009-08-19,33.566673278808594,34.78469170570876,33.4559456962326,34.72141849487831,2016070
459,2009-08-20,33.898860931396484,34.15195592481051,33.693222456096514,33.97795298274404,1291386
460,2009-08-21,34.29692840576172,34.42430916373954,33.453038172869995,34.07401477882325,2476248
461,2009-08-24,34.599456787109375,34.82237259035616,34.296930973640876,34.67906895694942,3720905
462,2009-08-25,35.013431549072266,35.31595728518326,34.631293663478495,34.99750868725216,5644025
463,2009-08-26,34.85420227050781,35.47517651583169,34.55167657761848,35.029349406270306,4450635
464,2009-08-27,34.408382415771484,35.17265823891093,34.201389517275196,34.854209619333176,7528977
465,2009-08-28,34.265071868896484,34.82235680515592,33.882931899196144,34.647209678979486,4498782
466,2009-08-31,34.265071868896484,34.45613969412931,33.81924262411853,34.04215616669884,5347897
467,2009-09-01,33.93070602416992,34.55168253620127,33.66002600369113,34.360612507942726,4467549
468,2009-09-02,34.36061477661133,34.45614979704832,33.59633893235131,33.75556324654031,3513954
469,2009-09-03,33.86701202392578,34.710902011800194,33.596332041096936,34.710902011800194,5440841
470,2009-09-04,34.12177658081055,34.201388733881444,33.35750077517709,33.946629412131,3523284
471,2009-09-07,34.074012756347656,34.758676461224105,33.946632005930574,34.679064302070195,4931172
472,2009-09-08,34.408382415771484,34.80644319024368,34.24915810598261,34.28100167216964,4162308
473,2009-09-09,33.58041763305664,34.39246210516608,33.4371161755357,34.39246210516608,8053306
474,2009-09-10,34.20138168334961,34.59944236664485,33.803321000054375,34.01031385113835,7355612
475,2009-09-11,34.456146240234375,34.647216261384735,33.96255048527742,34.456146240234375,4466196
476,2009-09-14,34.39246368408203,34.51984228336665,34.07401502625232,34.23323935516717,2292939
477,2009-09-15,34.16954803466797,34.631298129288574,34.01032371516996,34.583531697286396,6351632
478,2009-09-16,34.32878112792969,34.66315271625793,33.97848667165846,34.42431617596899,7262510
479,2009-09-17,34.408382415771484,34.59945029174739,34.08993379619373,34.53576099975542,4533815
480,2009-09-18,34.344696044921875,34.47207463973983,34.10585955992464,34.10585955992464,3807983
481,2009-09-22,34.39246368408203,34.64722304226944,34.296928654809484,34.39246368408203,3732519
482,2009-09-23,35.06119918823242,35.602561358180395,34.48799129550373,34.58352630422814,10885467
483,2009-09-24,35.475181579589844,36.09615807316991,34.99750868275458,35.347803004280884,10152395
484,2009-09-25,35.4433479309082,35.889175228828286,35.188588549403136,35.34781289289151,5754133
485,2009-09-29,35.331886291503906,36.08024149063412,35.18858482943718,35.98470646271692,3351144
486,2009-09-30,35.013431549072266,35.793630182079916,34.90197583556704,35.411492296486145,5591598
487,2009-10-01,34.93383026123047,35.34781399918045,34.82237451307138,35.061211035778854,4613924
488,2009-10-05,34.6790657043457,34.886058622286626,34.44022921722642,34.6790657043457,3847231
489,2009-10-06,34.870140075683594,34.99751868740596,34.15363052560394,34.917906515174884,2883224
490,2009-10-07,34.647212982177734,35.15672939099226,34.47206583930311,35.02935082869302,3492297
491,2009-10-08,34.36061477661133,34.83828771917833,34.26508191579231,34.71090913167432,6173266
492,2009-10-09,34.344696044921875,34.64722182732809,34.08993669566787,34.55168680140557,4193022
493,2009-10-12,34.48800277709961,34.63130425808466,34.281009829349266,34.392467736570104,1800379
494,2009-10-13,34.48800277709961,34.48800277709961,34.48800277709961,34.48800277709961,0
495,2009-10-14,35.39556884765625,35.66625101525573,34.50391451593082,34.806440247024646,6809859
496,2009-10-15,35.80955123901367,36.30314697285204,35.39556765064544,35.39556765064544,7572106
497,2009-10-16,35.666259765625,36.14393277179221,35.52295829569849,35.98470843640314,3312168
498,2009-10-20,35.61848449707031,36.207613096161474,35.379648053207426,35.50702662608721,3209019
499,2009-10-21,35.475181579589844,35.88916518877063,35.25226799299028,35.60256231451658,1976113
500,2009-10-22,34.742759704589844,35.475189924330785,32.163324591078165,35.18858698265983,2682882
501,2009-10-23,35.12489318847656,35.188582482968336,34.710909534853,35.029358166929896,1979627
502,2009-10-26,35.013431549072266,35.347803008823476,34.615370801658386,34.87013011192683,1820035
503,2009-10-27,34.742759704589844,35.10897481446031,34.56761250262725,34.67906824233561,4096925
504,2009-10-28,34.265071868896484,34.7108989540571,33.81924262411853,34.7108989540571,1873167
505,2009-10-29,33.69186782836914,34.69498218548586,33.4371106833405,33.78740283756374,4457277
506,2009-10-30,33.23012924194336,34.36062256071233,32.83206836629362,34.36062256071233,2912146
507,2009-11-03,32.609153747558594,33.644111993769826,32.38624009568293,32.95944817166206,3200653
508,2009-11-04,33.261966705322266,33.40526815300087,31.940403630998013,33.007207376328125,2690289
509,2009-11-05,33.93070602416992,34.07400962517275,32.62506802979599,33.198275954953786,2975233
510,2009-11-06,33.97846603393555,34.50390739920164,33.819241770451995,34.36060383437261,2665782
511,2009-11-09,34.18547058105469,34.31284917162288,33.45303612662445,34.281003444171816,1222652
512,2009-11-10,33.50080871582031,34.39246543506297,33.27789507591422,34.39246543506297,2700520
513,2009-11-11,34.56760787963867,34.69498646787528,33.437114810471286,33.70779485037858,3211200
514,2009-11-12,33.86701202392578,35.061196295011094,33.612252741555814,35.061196295011094,7034805
515,2009-11-13,33.35749816894531,34.153619637453055,33.15050529136268,33.914783196900736,5050823
516,2009-11-16,33.42118835449219,34.02624198262201,33.15050618406335,33.75555981219318,6037955
517,2009-11-17,33.4052734375,33.56449777335736,33.03905832887538,33.56449777335736,4578478
518,2009-11-18,33.261966705322266,33.69187104835807,33.13458596101623,33.437113878981854,3519599
519,2009-11-19,33.30974197387695,33.59634710490672,33.15051762095547,33.373431283121846,3934390
520,2009-11-20,34.01032257080078,34.13770115826597,33.341579587563594,33.46895817502879,4677765
521,2009-11-23,33.819244384765625,34.137692936349616,33.564485111574946,34.07400365795631,2821321
522,2009-11-24,33.07089614868164,33.9147862777297,32.97536113185875,33.9147862777297,5439086
523,2009-11-25,33.341583251953125,33.38934968759782,33.0549781592303,33.11866961958085,1865683
524,2009-11-26,32.83205795288086,33.341576575954825,32.67283365312247,33.086817264417846,5780245
525,2009-11-27,32.5295295715332,32.959436009788746,31.972244567670337,32.76836600176015,7226035
526,2009-11-30,31.781177520751953,33.039051231506335,30.268546655046734,32.80021477902656,34539390
527,2009-12-01,32.640987396240234,32.92759024831507,31.844865963123894,32.48176310961696,9492411
528,2009-12-02,32.816131591796875,33.0231244551818,32.41807088484612,32.67283016921811,4964876
529,2009-12-03,32.83205795288086,33.05497154061905,32.75244580300166,32.86390367667965,3578736
530,2009-12-04,33.0390510559082,33.24604178311009,32.56137815348743,32.640990303890895,3567645
531,2009-12-07,32.959442138671875,33.182355749744794,32.927596411539454,33.102743591531755,4545289
532,2009-12-08,33.341583251953125,33.516730448680704,32.8639102570333,33.0549781592303,4206166
533,2009-12-09,33.11865997314453,33.5644871080335,33.054968531345324,33.30972781968941,3096689
534,2009-12-10,33.596336364746094,33.819249955650896,33.11866345868531,33.11866345868531,3347394
535,2009-12-11,33.48487854003906,33.994397171120276,33.35749996207767,33.755560717729296,2530102
536,2009-12-14,33.42118835449219,33.67594766319855,33.29380762033013,33.43711121621467,1458861
537,2009-12-15,33.42118835449219,33.59633551420392,33.182351907508306,33.48487764176434,2359025
538,2009-12-16,33.2938117980957,33.50080470722622,32.975363162157706,33.277891093993226,3602393
539,2009-12-17,33.325660705566406,33.723721538473015,33.23012567374518,33.723721538473015,1264927
540,2009-12-18,33.2938117980957,33.51672757094673,32.99128602587821,33.2938117980957,1671508
541,2009-12-21,33.2938117980957,33.405269684521215,33.0549753211422,33.134587480126704,1309866
542,2009-12-22,33.91478729248047,34.2013901919066,33.134586431430975,33.325656470793696,3246132
543,2009-12-23,34.88605880737305,35.1726617295895,34.01032501662282,34.07401431493558,9531688
544,2009-12-24,34.647212982177734,35.4274115354001,34.408376558153485,34.87012654601019,3529789
545,2009-12-29,34.93383026123047,35.45927190695799,34.774605912758815,34.949753128001326,3582130
546,2009-12-30,34.663143157958984,35.188582537858274,34.567608136263296,34.870133905284646,1887030
547,2009-12-31,35.077125549316406,35.95285931128101,34.79052263652067,34.933824092918535,8785123
548,2010-01-04,35.79362869262695,36.03246513113677,35.06119867555769,35.09304223825505,4353415
549,2010-01-05,35.90510177612305,36.43054129965583,35.745877416310854,35.98471395602914,4374738
550,2010-01-06,36.159847259521484,36.43052727119916,35.98470009924902,36.175770121294946,5549959
551,2010-01-07,36.47830581665039,36.70122163630598,35.889177012239365,36.27131502367704,4535147
552,2010-01-08,36.5738410949707,36.87636475517456,36.319079554590004,36.65345326648278,3809958
553,2010-01-11,36.74973678588867,37.181522980922054,36.65378622615724,37.10156273510554,3041300
554,2010-01-12,36.222015380859375,36.94165789816958,36.078087311209615,36.52586617897281,2569224
555,2010-01-13,36.7657356262207,36.94164645180814,35.75823511272339,36.22200415747895,3322262
556,2010-01-14,37.53335952758789,37.90117589457169,36.79772245549809,36.94165267385454,6747297
557,2010-01-15,37.94914627075195,38.84470376358677,37.53335466423261,37.85319569636184,11273753
558,2010-01-18,37.61332321166992,38.38094099032704,37.45340266036125,37.98113961205535,4085821
559,2010-01-19,37.1815299987793,38.02910789678694,36.98962450497411,37.58133130332269,4992784
560,2010-01-20,37.38941955566406,37.72525519818083,37.0695785655268,37.181523779699056,3697700
561,2010-01-21,36.34994125366211,37.56533978342612,36.15803793506318,37.2614890664547,3555527
562,2010-01-22,36.55784225463867,36.76574242639517,35.102567081076764,35.182527350791645,4943166
563,2010-01-25,36.877685546875,37.42141714881954,35.83820414725364,36.55784444881881,2912852
564,2010-01-27,36.23799514770508,37.549341972962125,35.88616917291916,36.87767499166562,8252922
565,2010-01-28,36.42990493774414,37.725263847667016,34.6387962837541,37.06958706468223,11600411
566,2010-01-29,36.04609298706055,36.365934022949006,35.51835614546893,36.11006076042607,3996285
567,2010-02-01,36.12605667114258,36.34994498367917,35.82220809205284,35.902168358605984,2078776
568,2010-02-02,36.36592483520508,36.94163898816399,35.982116122919244,36.269972114868544,3466800
569,2010-02-03,36.12605667114258,36.541850491031134,35.98212862515913,36.46189022447799,2006355
570,2010-02-04,35.82221603393555,36.541858592460564,35.72626325898658,35.98213660249667,2254939
571,2010-02-05,34.350921630859375,35.50234977744125,34.22298613415472,35.3744142807366,4391981
572,2010-02-08,34.702754974365234,34.84668298142094,34.15902574267678,34.702754974365234,1831316
573,2010-02-09,34.5748405456543,34.86269673539872,34.39892746567191,34.5748405456543,1113258
574,2010-02-10,34.31895065307617,34.7507347298604,34.23899039785012,34.70275944434906,1023345
575,2010-02-11,34.2390022277832,34.62281115166609,34.20701724701734,34.3829303031066,640478
576,2010-02-15,33.551334381103516,34.70276304339847,33.51934940807161,34.31895421232048,1575236
577,2010-02-16,34.14304733276367,34.38292816641602,33.519355430018464,33.583325387574845,1192982
578,2010-02-17,34.25498580932617,34.46288162305145,34.12704808859752,34.3829213609939,989784
579,2010-02-18,34.5908088684082,35.006602565074914,33.96711940793835,34.302952861748395,1713670
580,2010-02-19,34.27098083496094,34.59082192713397,34.063084992672955,34.59082192713397,1267093
581,2010-02-22,34.22299575805664,34.65478197671312,34.143035507865484,34.350931290738245,835164
582,2010-02-23,34.09507369995117,34.286979256085054,33.91916063500538,34.2230114603943,801182
583,2010-02-24,33.983123779296875,34.19101961583225,33.7912182616787,33.967131291318495,906081
584,2010-02-25,34.047088623046875,34.22300163750105,33.61530233021036,34.22300163750105,1650113
585,2010-02-26,34.39891052246094,34.83069459440199,33.903156511807985,34.22299752912464,1548385
586,2010-03-02,34.39891052246094,35.02260007241627,34.22299752912464,34.41490300713892,780476
587,2010-03-03,34.76673889160156,34.86269166391202,34.079079164261174,34.079079164261174,1578097
588,2010-03-04,34.79871368408203,35.022601974551286,34.63879316673816,34.862681457207415,1157814
589,2010-03-05,34.622802734375,35.07057934186732,34.542842470961304,34.862683524616095,766252
590,2010-03-08,35.198516845703125,35.40641266166048,34.702762781811394,34.8626833076435,1998979
591,2010-03-09,34.79871368408203,35.31045803814592,34.702760939863545,35.182522491895156,1368556
592,2010-03-10,34.89467239379883,35.086575745982245,34.5908216236513,34.830702440676475,1572349
593,2010-03-11,34.15903091430664,35.24648954232328,33.93514045936722,34.86268074237981,4256779
594,2010-03-12,33.999114990234375,34.35094105874468,33.75923417144859,33.91915471730578,7813231
595,2010-03-15,33.47136688232422,34.06307357208274,33.327438872914456,34.06307357208274,2420100
596,2010-03-16,33.567325592041016,33.66327833842949,33.11954683191507,33.27946735287558,1690093
597,2010-03-17,34.015098571777344,34.17502124482,33.615297311822346,33.615297311822346,2067076
598,2010-03-18,33.935142517089844,34.19101578892113,32.67177081318274,33.75922950713953,2257266
599,2010-03-19,34.60680389404297,34.9426373725334,33.77521643959626,33.90315413900529,3363560
600,2010-03-22,34.39891052246094,34.8946645331139,34.11105230543952,34.22299752912464,2178427
601,2010-03-23,34.52685546875,34.830704084173504,34.15903906624701,34.46288768167052,1381649
602,2010-03-25,34.047088623046875,34.68677073447224,33.90316058178836,34.68677073447224,3128139
603,2010-03-26,34.14304733276367,34.38292816641602,33.85518903094403,34.07907737520729,2059990
604,2010-03-29,34.14304733276367,34.43090346552195,33.93514930882815,34.36693567702693,1977720
605,2010-03-30,34.12704086303711,34.38291408125863,34.06307310074685,34.14303334587479,1369034
606,2010-03-31,34.27098083496094,34.41491106168778,33.67927394681634,34.22300553875947,1719363
607,2010-04-01,34.11105728149414,34.414908027518685,34.06308198952239,34.38292305349683,928358
608,2010-04-05,34.39891052246094,34.622798800770454,34.143037274795475,34.54283854644129,1444077
609,2010-04-06,34.28697204589844,34.54284534391564,34.19101928800934,34.54284534391564,2818200
610,2010-04-07,35.358436584472656,35.50236462070559,34.25498541460561,34.25498541460561,3932498
611,2010-04-08,35.55033493041992,36.110056679975955,34.59081193118101,35.822200647828524,4525961
612,2010-04-09,35.07057571411133,35.64628998494935,34.9586326583483,35.56632972980687,2218499
613,2010-04-12,34.6867790222168,35.34245377690098,34.57483592740728,34.8946770595399,854787
614,2010-04-13,34.46288299560547,34.92665210019767,34.350937756642075,34.38292273036333,1196945
615,2010-04-15,34.43089294433594,34.830694211587655,34.31894989094188,34.702758673691385,1834504
616,2010-04-16,34.5108528137207,34.60680555060541,34.254981740775705,34.31894950901196,3410045
617,2010-04-19,34.39891052246094,34.510853577085335,34.06307702046631,34.35093306842701,1997149
618,2010-04-20,34.52685546875,34.81471376419962,34.07907662107103,34.38292740555585,2663183
619,2010-04-21,35.198516845703125,35.56633318749259,34.510857283188486,34.54284225597929,4408329
620,2010-04-22,34.7507438659668,35.71026718094184,34.41491244097458,35.08657746002032,3257926
621,2010-04-23,35.07057571411133,35.1825209389351,34.670774438398915,34.862679918365174,1225052
622,2010-04-26,35.310462951660156,35.61431371214356,35.086574630036445,35.18252738760693,1204934
623,2010-04-27,36.206024169921875,36.669793374756736,35.21451796804416,35.26249326993479,11718037
624,2010-04-28,36.74973678588867,38.54084715980283,34.574819834927816,35.98211929367431,8993805
625,2010-04-29,35.32645034790039,36.429901478269926,35.05458677120516,36.429901478269926,5294606
626,2010-04-30,35.198516845703125,35.66228593680405,35.118556582787065,35.66228593680405,1318467
627,2010-05-03,34.97462844848633,35.16653177752777,34.894668185787154,35.16653177752777,1557313
628,2010-05-04,34.3829231262207,35.16653330080331,34.270977885968456,34.99062028143308,1045708
629,2010-05-05,34.30296325683594,34.44689130378145,33.96712970125569,34.22300298974831,1404451
630,2010-05-06,34.14304733276367,34.38292816641602,33.71126096456489,34.06308705487955,1322298
631,2010-05-07,33.90315628051758,34.14303704186858,33.599305580891084,33.74323577295024,5243780
632,2010-05-10,34.5748405456543,34.750751456574896,33.96714101199348,33.99912382804187,1121466
633,2010-05-11,34.14304733276367,34.83070485494254,34.047094565490454,34.83070485494254,838559
634,2010-05-12,34.17503356933594,34.43090473273323,33.935150557793456,34.41491441181698,1266616
635,2010-05-13,34.65479278564453,34.73475306077553,34.06308588205063,34.382926982574624,1612426
636,2010-05-14,33.983123779296875,34.670781240816524,33.74324296680474,34.30296486261972,1711958
637,2010-05-17,33.15153121948242,33.871173551122006,32.95962573008753,33.58331748609051,1851642
638,2010-05-18,33.26347732543945,33.56732588409589,32.97561908376948,33.56732588409589,1361316
639,2010-05-19,32.847679138183594,33.26347287447361,32.65577366941571,33.26347287447361,2450689
640,2010-05-20,33.29545211791992,33.455372601796554,32.38390666125935,32.70374762901262,2116627
641,2010-05-21,33.055580139160156,33.327445901314775,32.096056981994614,32.35193025771762,1432024
642,2010-05-24,32.863677978515625,33.27946962616658,32.65577998562911,33.13554158128271,3809046
643,2010-05-25,32.27196502685547,32.703751248737596,32.00009930655033,32.6237909979491,2621138
644,2010-05-26,33.00760269165039,33.2634759506503,32.751729432650485,32.91164994839283,1674436
645,2010-05-27,32.415897369384766,33.42339796517671,32.048081034307955,33.42339796517671,4522469
646,2010-05-28,32.95962905883789,33.23149483476087,32.415899676052994,32.415899676052994,1223573
647,2010-05-31,33.03960037231445,33.15154565137151,32.67178388809005,33.02361004878784,3962642
648,2010-06-01,33.279476165771484,33.58332697130932,32.89566724764019,33.58332697130932,2173677
649,2010-06-02,33.39140701293945,33.47136726007624,32.94363049659766,33.39140701293945,1067731
650,2010-06-03,33.77522277832031,33.88716801517983,33.3914139461835,33.55133447366225,855327
651,2010-06-04,33.82320022583008,33.95113578014266,33.519349488481,33.90316048954068,730766
652,2010-06-07,33.40741729736328,33.567337876850736,32.623806891687096,33.3914248056022,1110289
653,2010-06-08,32.95962905883789,33.58332087783049,32.8316934990277,33.40740785629568,1369731
654,2010-06-09,32.76772689819336,33.21550354270229,32.67177414035255,32.95963024481384,2036943
655,2010-06-10,32.60780715942383,33.167529063344716,32.46387910365641,32.87967078274868,2079894
656,2010-06-11,32.431884765625,32.9436312262592,32.36791700031087,32.78371072844358,1791437
657,2010-06-14,32.95962905883789,33.05558181322606,32.52784491768271,32.92764625341588,1700881
658,2010-06-15,33.03960037231445,33.10357034266808,32.78372916714711,32.975632571022615,1047592
659,2010-06-16,32.831703186035156,33.32745742242899,32.75174289529621,33.03959907433175,1289944
660,2010-06-17,32.895668029785156,33.05558859689734,32.70376465068745,32.83170023675259,662067
661,2010-06-18,32.895668029785156,33.23150165453304,32.59181938608431,32.815707746229066,1111519
662,2010-06-21,33.07156753540039,33.183512754130774,32.895654549850065,33.00759976858044,1131800
663,2010-06-22,32.815704345703125,33.183522913382866,32.6557837951627,33.103562638112656,1139377
664,2010-06-23,32.719749450683594,32.89566247863393,32.59181388620761,32.62379886185718,1355354
665,2010-06-24,32.4478874206543,32.87967159867145,32.30395936131524,32.65578326535945,2329371
666,2010-06-25,32.415897369384766,32.68776312596218,32.27196933257475,32.33593710792799,1672844
667,2010-06-28,33.02359390258789,33.18351441215857,32.43188714955209,32.43188714955209,2401306
668,2010-06-29,32.799713134765625,33.50336531980792,32.65578506748383,33.18352420626556,1542276
669,2010-06-30,33.29545211791992,33.42338980645746,32.495849698536766,32.6237873870743,2708253
670,2010-07-01,33.02359390258789,33.27946498265239,32.783713138231874,33.16752192738936,1450319
671,2010-07-02,33.11955642700195,33.34344695645883,32.97562835025219,33.135548917543375,1534161
672,2010-07-05,32.655784606933594,33.23149903700272,31.984119579404062,32.94364290649882,1409644
673,2010-07-06,32.639793395996094,32.76773114605617,32.55983311560658,32.65578588588628,765539
674,2010-07-07,32.847679138183594,33.51934394074997,32.79970168646131,32.943631872567536,4099698
675,2010-07-08,32.62380599975586,33.26348830021683,32.57582852578432,33.26348830021683,2147848
676,2010-07-09,32.60780715942383,32.847687975389924,32.51185439922515,32.7837201916112,2076435
677,2010-07-12,32.287960052490234,32.783714080216136,32.207999795407375,32.67176885267581,4188571
678,2010-07-13,32.303951263427734,32.447879286687204,32.0640705016417,32.239981325036226,3777184
679,2010-07-14,32.2079963684082,32.6237900948099,32.12803611983328,32.591805127755705,2928502
680,2010-07-15,32.224002838134766,32.5118589903186,32.16003287626147,32.463883687975134,3552196
681,2010-07-16,32.0960578918457,32.44788392707093,31.984114821772966,32.44788392707093,1309829
682,2010-07-19,32.00010299682617,32.43188926850222,31.696254442601965,31.696254442601965,3056097
683,2010-07-20,31.936141967773438,32.192015287658535,31.888166669259316,32.14403998914441,2241425
684,2010-07-21,31.952129364013672,32.09605740567623,31.85617661321831,32.09605740567623,1373142
685,2010-07-22,32.4478874206543,32.84768879051902,31.984118265423458,32.20800659873546,5819774
686,2010-07-23,32.303951263427734,32.75172781780403,32.176013555705424,32.75172781780403,1826820
687,2010-07-26,32.303951263427734,32.447879286687204,31.98411024771303,32.303951263427734,1879489
688,2010-07-27,32.35193634033203,32.5598321958475,32.03209522780894,32.03209522780894,2785906
689,2010-07-28,32.3839225769043,32.815706794142876,32.22400201443191,32.463882858140494,3199899
690,2010-07-29,32.0960578918457,32.60780445779857,31.904154556409143,32.04808260025182,2312762
691,2010-07-30,32.1120491027832,32.36792237559271,32.03208884059654,32.14403407528224,1285466
692,2010-08-02,32.160030364990234,32.43189617453814,32.08007008795395,32.30396059890462,778568
693,2010-08-03,31.952129364013672,32.239985447338775,31.88816158650376,32.239985447338775,1708893
694,2010-08-04,32.03209686279297,32.14404212551452,31.5523351695203,32.14404212551452,1886451
695,2010-08-05,31.600309371948242,32.23999160739261,31.504356602819303,31.84019021023988,1508701
696,2010-08-06,31.840190887451172,32.38392253439267,31.66427783515018,31.74423811628141,3922176
697,2010-08-09,32.67177200317383,32.75173226796716,32.17601792764299,32.22399538795558,3155186
698,2010-08-10,32.4638786315918,32.92764776857024,32.319948408856106,32.92764776857024,2033594
699,2010-08-11,32.03209686279297,32.495866065810915,31.98412156109029,32.303962689938736,1383082
700,2010-08-12,31.904155731201172,32.048083780343646,31.824193293831915,31.85617826877962,746648
701,2010-08-13,32.59181594848633,32.68776871244539,31.87217347238527,32.096061808915564,2838836
702,2010-08-16,33.67927551269531,34.382927683440464,32.75173716989319,32.75173716989319,10437835
703,2010-08-17,33.58332061767578,34.3189555035384,33.4553828897956,34.047089729721435,4272775
704,2010-08-18,33.24747848510742,33.98311318114327,32.83168477264712,33.791207723373745,2042150
705,2010-08-19,33.37541961669922,33.90315862967499,32.991610805755556,33.90315862967499,2150678
706,2010-08-20,33.00760269165039,33.615299783846964,32.94363491916562,33.423396466392646,1350531
707,2010-08-23,33.37541961669922,33.55133262102448,32.71974505642917,33.167523810080816,1558660
708,2010-08-24,32.95962905883789,33.56732839058895,32.79970852454462,33.56732839058895,1419761
709,2010-08-25,32.95962905883789,33.263479809243954,32.73574074463953,32.78371820636415,1708531
710,2010-08-26,33.72724533081055,33.96712610668807,32.943635230089484,33.231491293518175,6819779
711,2010-08-27,33.37541961669922,34.063079148323254,33.167523810080816,33.871173658321,3318728
712,2010-08-30,34.7827262878418,35.022607098956264,33.58332223226948,33.7112577972394,12599675
713,2010-08-31,34.79871368408203,35.422403267910965,34.3829199051758,34.830696486114306,7251681
714,2010-09-01,34.60680389404297,35.08656538644056,34.31894786622864,34.79870935862623,4105554
715,2010-09-02,34.41490173339844,34.89466324161682,34.23898874657291,34.89466324161682,2077611
716,2010-09-03,34.54283905029297,34.89466504209741,34.47887127970873,34.670774591461445,2025354
717,2010-09-06,34.558841705322266,34.79872254240184,34.22300809959858,34.22300809959858,1657041
718,2010-09-07,34.44585037231445,35.026942803573654,34.30057781183053,35.026942803573654,2364772
719,2010-09-08,34.381282806396484,34.57498100071232,34.13916115816336,34.44584814139398,2119627
720,2010-09-09,33.735618591308594,34.542690596907086,33.622627634795634,34.51040684095397,4325702
721,2010-09-13,34.0745964050293,34.381285602525395,33.84861661949812,34.15530362767068,2223035
722,2010-09-14,33.913169860839844,34.33284770671495,33.751755473143476,33.92931173747403,2096762
723,2010-09-15,34.4942626953125,34.63953519968504,33.91316829917701,33.91316829917701,3700295
724,2010-09-16,34.106876373291016,34.833241296209955,33.99388539844098,34.51041244157932,1645185
725,2010-09-17,33.97774124145508,34.36513537823177,33.89703403840481,34.30057005365615,3999245
726,2010-09-20,34.106876373291016,34.30057456179872,34.026169159633355,34.155299825756295,1658444
727,2010-09-21,34.106876373291016,34.542696202771694,33.99388539844098,34.39742146672928,4168036
728,2010-09-22,34.17144775390625,34.47813697154086,33.99389141457139,34.13916617632407,2530696
729,2010-09-23,33.913169860839844,34.30056614276933,33.800181103046036,34.0907261251704,1296047
730,2010-09-24,34.0745964050293,34.15530362767068,33.71948593900131,33.913181959746524,2212027
731,2010-09-27,34.17144775390625,34.574986082934764,33.99389141457139,34.574986082934764,1731020
732,2010-09-28,34.510414123535156,34.59112134112629,34.090736154196556,34.21986901593641,3076594
733,2010-09-29,35.07536315917969,35.65645553905731,34.57498018279383,34.57498018279383,11684464
734,2010-09-30,34.381282806396484,35.446618496486884,34.268291828158354,35.123789632176056,5236368
735,2010-10-01,35.02693557739258,35.2690571913564,34.51040859187386,34.51040859187386,3875195
736,2010-10-04,35.41434097290039,35.67260454770932,34.81710878231123,35.26906839623404,4550532
737,2010-10-05,36.124549865722656,36.350531772577845,35.38204539230545,35.41432695805414,10282420
738,2010-10-06,36.07612609863281,36.689499924904105,35.81786262834701,36.318247691527716,5975746
739,2010-10-07,35.26906204223633,36.28597208502022,34.99465663293993,36.07613419978651,5825104
740,2010-10-08,35.34976577758789,35.73715993720595,35.0753603953084,35.34976577758789,2872678
741,2010-10-11,35.47889709472656,36.07613131935803,35.34976643555806,36.02770786950064,2923343
742,2010-10-12,35.33362579345703,35.55960554957886,34.93008973276689,35.51118209802534,1328063
743,2010-10-13,35.46276092529297,35.83401324925511,35.28520460931497,35.446619043963445,2785869
744,2010-10-14,34.526554107666016,35.76944606600135,34.21986713553697,35.64031321135741,6206210
745,2010-10-15,34.46198654174805,35.01079511778107,34.123015830593694,34.54269374967417,3825540
746,2010-10-18,34.46198654174805,35.0915023257072,34.15529740017026,34.99465323833122,2661071
747,2010-10-19,34.0100212097168,34.70410443690275,33.832464933491416,34.60725535993228,2506333
748,2010-10-20,33.654911041259766,34.300568639033735,33.49349664181627,34.15529392807626,1611212
749,2010-10-21,34.09072494506836,34.542686528566506,33.96159431511042,34.3167046421561,5077785
750,2010-10-22,34.510414123535156,35.123790290821844,34.12301991696236,34.526556004918056,7613777
751,2010-10-25,33.493499755859375,34.833238520072804,33.36436691070477,34.57497720840981,4373958
752,2010-10-26,32.99311828613281,33.70334135048682,32.863985426680856,33.57421068035822,3559839
753,2010-10-27,32.88011932373047,33.33208093808062,32.79941212716681,33.20294810998509,4326267
754,2010-10-28,32.26675033569336,33.154529630788204,32.0246287097584,33.154529630788204,12789477
755,2010-10-29,32.412025451660156,32.92855250380536,32.28289478328552,32.31517635571752,2557085
756,2010-11-01,32.49273681640625,32.83170760083414,32.37974582515575,32.54116027590012,3644082
757,2010-11-02,32.3151741027832,32.428165071726056,31.653374547524734,32.2828925326018,8722079
758,2010-11-03,32.42817306518555,32.4765965270555,31.97621126732992,32.28290049025198,5792586
759,2010-11-04,32.76713562011719,33.687196489371075,32.282892365986775,32.5411536833978,7578044
760,2010-11-08,31.75023078918457,32.089201583050915,31.088431084840508,31.395118111929612,23828591
761,2010-11-09,33.509639739990234,33.89703608953147,31.766364924347197,31.863214011732506,37552410
762,2010-11-10,32.92855453491211,33.977748395473476,32.815563551122274,33.57421229525757,23142609
763,2010-11-11,32.68642807006836,33.477358272364725,32.5411533438864,32.92854969460744,9305659
764,2010-11-12,32.13762283325195,32.91241347869739,31.960066506837983,32.55730082586946,8655373
765,2010-11-15,32.6702880859375,33.18681293465989,32.28289390206489,32.28289390206489,6781511
766,2010-11-16,32.33131790161133,32.84784494840481,32.250610687382554,32.84784494840481,5839719
767,2010-11-18,32.7348518371582,33.00925722336336,32.10533604510755,32.638002748537374,11698558
768,2010-11-19,32.89625930786133,33.332079019954534,32.37973240384884,32.444299908842424,13151040
769,2010-11-22,32.75099563598633,32.89626818276879,31.863216285364995,32.605723089203856,16159489
770,2010-11-23,31.78251075744629,32.41202661977596,31.314407141740485,31.992348648448377,29650997
771,2010-11-24,31.346683502197266,31.717935741476087,30.991570951243094,31.152985349072647,29495589
772,2010-11-25,31.169124603271484,31.39510430334798,30.119931105688096,30.668739574251788,297127250
773,2010-11-26,31.136852264404297,31.233699172183485,30.168365672025583,30.910870308057248,108003635
774,2010-11-29,30.297502517700195,30.991583841321756,30.023097051529554,30.91087660883907,47311917
775,2010-11-30,30.652606964111328,30.70103041483494,29.635694795006586,30.055372728796325,56380039
776,2010-12-01,31.265987396240234,31.395118084589402,30.475057004123318,30.539622348297904,49377032
777,2010-12-02,31.960058212280273,31.992341968458256,31.169128079149278,31.443533438693255,69791050
778,2010-12-03,32.218326568603516,32.39588287580207,31.395112554736247,31.960063048071376,70133580
779,2010-12-06,32.18605041503906,32.37974644605235,31.895503084533658,32.28289952520753,35990183
780,2010-12-07,31.943927764892578,32.12148190726903,31.66952232596311,31.943927764892578,22324627
781,2010-12-08,31.588808059692383,31.879353127288585,31.411251767573326,31.701799024492622,8690959
782,2010-12-09,30.862449645996094,31.717945337589736,30.668751434269,31.57267277345619,19659317
783,2010-12-10,31.02386474609375,31.136855736868327,30.5396213959003,30.79788495386819,12656908
784,2010-12-13,31.60494613647461,31.717934898358127,30.97543043953755,31.02385388187008,10228525
785,2010-12-14,31.330549240112305,31.798650669735533,31.23370014000874,31.637236232670737,12502825
786,2010-12-15,31.201412200927734,31.411250050574512,31.07227936402566,31.314400970228704,7532899
787,2010-12-16,31.02386474609375,31.233702655448138,30.781743070997024,31.217562961900565,10117565
788,2010-12-20,30.943151473999023,31.346687520299234,30.830160505305695,30.91086771456574,12117884
789,2010-12-21,31.362834930419922,31.669521941823483,30.959298812961674,30.991580388764202,13693395
790,2010-12-22,31.621091842651367,31.734080618216556,31.362828343851792,31.443535550393968,11598882
791,2010-12-23,31.395111083984375,31.669516472192953,31.346687633982004,31.491960173312297,4611659
792,2010-12-24,31.556520462036133,31.637227658696155,31.152984478736037,31.152984478736037,4676656
793,2010-12-27,31.217567443847656,31.572677971379047,31.104576436850817,31.47582884957088,5508784
794,2010-12-28,31.03998565673828,31.298249040210013,30.959278486235995,31.152974381848207,6071879
795,2010-12-29,30.894729614257812,31.15299094572357,30.830162092068093,31.007718399443263,10314957
796,2010-12-30,31.185264587402344,31.49195146099249,30.55574896491255,30.89471958912169,31947999
797,2010-12-31,31.734081268310547,31.79864659700233,31.23369613963373,31.28212177814492,12208677
798,2011-01-03,31.734081268310547,31.879353805197848,31.58880873142325,31.78250690682174,5686478
799,2011-01-04,31.766361236572266,31.92777563370138,31.556521206710688,31.78250311414975,9878712
800,2011-01-05,31.66952133178711,31.91164299759817,31.54039065241728,31.766370435976235,6557909
801,2011-01-06,31.960058212280273,32.20218200496922,31.57266408475927,31.701796920148237,16916733
802,2011-01-07,31.588808059692383,32.250607590687174,31.362828319414987,31.960060333767874,15775814
803,2011-01-10,31.03998565673828,31.830915489796244,30.975420358200875,31.57265210632451,11747099
804,2011-01-11,31.007719039916992,31.63723487968336,30.733315822235923,31.249840685159697,8402847
805,2011-01-12,31.395111083984375,31.459678603085106,30.83016061711521,31.217556974426895,5356220
806,2011-01-13,31.233701705932617,31.45968368061184,31.136854790296987,31.378976458033126,5840003
807,2011-01-14,31.50811195373535,32.008497248060706,31.07229200947562,31.152999244388617,13619178
808,2011-01-17,31.556520462036133,31.637227658696155,30.878581323685665,31.152984478736037,10222664
809,2011-01-18,31.84706687927246,31.92777407389413,31.37896558833134,31.37896558833134,8525103
810,2011-01-19,31.60494613647461,31.960056488666446,31.443531742935733,31.588804259256158,8181638
811,2011-01-20,31.92777442932129,31.960055993935658,31.314398429774705,31.314398429774705,8113388
812,2011-01-21,31.911636352539062,31.96005979988851,31.60494941090546,31.71793818449518,7263505
813,2011-01-24,31.814786911010742,32.04076664497388,31.604949055757054,31.685656259981247,10580288
814,2011-01-25,31.766361236572266,32.10533190840798,31.653370282852734,31.960057199533477,5774233
815,2011-01-27,31.895498275756836,32.121478039197285,30.071516098094857,31.734083846253178,21308494
816,2011-01-28,31.169124603271484,31.895489332367678,30.73330707940739,31.798640263956976,12161301
817,2011-01-31,31.169124603271484,31.76635870070188,30.73330707940739,30.943144903194987,10372393
818,2011-02-01,30.878585815429688,31.5081016030856,30.83016017679576,31.314403427196176,5685819
819,2011-02-02,30.846298217773438,31.15298513366442,30.458904103525732,31.007712614486888,9759510
820,2011-02-03,31.84706687927246,31.94391595068302,30.684882400991324,30.830154913445774,8272335
821,2011-02-04,31.411245346069336,32.347450063431545,31.36282190781036,31.782499733571168,13585721
822,2011-02-07,31.57265853881836,31.79863822440058,31.15298072883849,31.427386040181403,10075695
823,2011-02-08,30.894729614257812,31.96006307986227,30.814022400843943,31.96006307986227,6969251
824,2011-02-09,30.95929527282715,31.37897322485909,30.58804077362365,31.314405701990097,15914271
825,2011-02-10,30.79787826538086,31.395110287322233,30.684887299144943,30.87858547288562,15041071
826,2011-02-11,31.28467559814453,31.641657000062807,31.073729941646352,31.31712725239626,16032113
827,2011-02-14,31.982410430908203,32.209580791058414,31.17108614404462,31.333351001417334,9448315
828,2011-02-15,32.04731750488281,32.20958237021095,31.739014700930955,31.96618507221874,6653191
829,2011-02-16,31.998634338378906,32.06353983503385,31.86882334506903,31.949955766102146,3070813
830,2011-02-17,31.998634338378906,32.112220608168386,31.88504806858943,31.99863433837891,2410838
831,2011-02-18,31.83637809753418,32.12845401182033,31.544302183248025,31.998642983439456,7982842
832,2011-02-21,32.11222839355469,32.12845312100866,31.495620523696022,31.495620523696022,9078739
833,2011-02-22,31.949960708618164,32.09599864889764,31.739015060785036,31.96618543464846,6311548
834,2011-02-23,32.32317352294922,32.53411920015122,31.966189885135634,31.966189885135634,28541975
835,2011-02-24,31.885047912597656,32.45297705790878,31.446934161676865,32.29071001577863,14267832
836,2011-02-25,32.193355560302734,32.4042989912305,31.300898858771816,31.98240992851702,31955636
837,2011-02-28,32.11222839355469,33.88091516071094,31.70656619003911,32.55034225283652,128195783
838,2011-03-01,32.290714263916016,32.48543297940301,31.80391967605659,32.290714263916016,22095525
839,2011-03-03,32.225807189941406,32.74505560538543,31.98240990786289,31.98240990786289,12055696
840,2011-03-04,32.128448486328125,32.43675347721216,32.01486440624379,32.22580784129898,5797710
841,2011-03-07,31.820148468017578,32.09599963098687,31.18731590687071,32.09599963098687,6845096
842,2011-03-08,31.78769302368164,32.09599580380001,31.057501186152816,31.803917748273722,8299919
843,2011-03-09,31.820148468017578,31.966186412765595,31.674110523269558,31.803921540632643,4984092
844,2011-03-10,31.93372917175293,32.095994015496146,31.57674563517474,31.80391597624368,4963678
845,2011-03-11,31.820148468017578,31.998640267535457,31.641656668499696,31.641656668499696,6148250
846,2011-03-14,32.06354904174805,32.160908415115074,31.690340678175907,31.690340678175907,4743614
847,2011-03-15,31.722782135009766,31.885046971492816,31.49561180410503,31.755235982649452,7316083
848,2011-03-16,31.998634338378906,32.12844533168879,31.803915647556313,31.82014257193449,3548194
849,2011-03-17,31.917510986328125,31.9824165014252,31.73901916916737,31.73901916916737,4312518
850,2011-03-18,31.78769302368164,32.12844745384209,31.674106746389544,31.966182601057906,7614611
851,2011-03-21,31.609207153320312,31.836377549505535,31.56052636787169,31.73901817946663,3473055
852,2011-03-22,31.59297752380371,31.77146932013854,31.414485727468886,31.77146932013854,3536038
853,2011-03-23,31.625431060791016,31.91750694214892,31.51184477311954,31.592977206925415,5655111
854,2011-03-24,31.78769302368164,31.868825450073732,31.528068819055363,31.803917748273722,7807585
855,2011-03-25,31.852598190307617,31.933730615848166,31.65787948866714,31.868825115587306,8602591
856,2011-03-28,32.1609001159668,32.25825946421016,31.771464923851177,31.820143497543942,11509824
857,2011-03-29,32.38807678222656,32.566568588697955,32.047320097300855,32.16090639256218,8985339
858,2011-03-30,32.77751541137695,32.89109950980036,32.40430485720714,32.45298564298147,4832583
859,2011-03-31,33.069580078125,33.37788281309859,32.550331744906,32.777504266225314,15647437
860,2011-04-01,34.02694320678711,34.23788881171293,32.89108936764978,32.89108936764978,22114974
861,2011-04-04,34.36770248413086,34.80581845094621,33.81600244504112,33.81600244504112,10060811
862,2011-04-05,34.14053726196289,34.48129393163678,33.799780592289004,34.237896624849455,7752278
863,2011-04-06,34.09184646606445,34.6922271934626,33.96203548758473,34.07562174439763,5371783
864,2011-04-07,34.05940628051758,34.62733335393538,33.88091447441462,34.09185793562649,5888794
865,2011-04-08,34.043182373046875,34.22167419498669,33.62129321233235,34.09186096045843,3282029
866,2011-04-11,33.83222961425781,34.05939996130522,33.62128399132548,33.76732191436611,2761151
867,2011-04-13,34.156761169433594,34.335250751277385,33.44279403862651,33.45902096448267,5725109
868,2011-04-15,34.09184646606445,34.30279205716591,33.96203548758473,34.09184646606445,2726721
869,2011-04-18,33.816017150878906,34.44884988859438,33.7024308283505,34.07564145890184,3846832
870,2011-04-19,33.57261276245117,33.99450189976103,33.426574807459616,33.99450189976103,2130742
871,2011-04-20,33.83222961425781,33.99449446227137,33.45901914331192,33.99449446227137,3816903
872,2011-04-21,33.94581985473633,34.07563307724676,33.68619561057371,33.832235761005236,3804886
873,2011-04-25,33.92959976196289,34.20545098961706,33.75111012144882,33.75111012144882,1583736
874,2011-04-26,33.84844970703125,34.12430079125389,33.45901456525507,34.07562222385345,4390914
875,2011-04-27,33.864681243896484,34.075626866707665,33.669964746906764,33.9133620187873,2846797
876,2011-04-28,33.7673225402832,33.91336266688871,33.637511539809296,33.79977639083062,5158203
877,2011-04-29,33.92959976196289,34.237904851997094,33.6375238039774,33.767334851780134,3615042
878,2011-05-02,34.52996826171875,34.65978146320579,33.75109785622814,33.75109785622814,5731198
879,2011-05-03,33.751102447509766,34.56242681395392,33.62128922836378,34.400161940665086,3804669
880,2011-05-04,33.84844970703125,33.94580904268969,33.28052281669086,33.63750631381927,4044546
881,2011-05-05,33.0533561706543,33.84845346523932,32.712599558444204,33.75109631962883,5204752
882,2011-05-06,33.45901870727539,33.63751047793578,33.06958351728953,33.134489015477534,2973311
883,2011-05-09,33.32920837402344,33.686189721588946,33.264302874544065,33.4752462980665,3424009
884,2011-05-10,33.21562194824219,33.65373791923692,33.102037874884275,33.28052744742641,1276536
885,2011-05-11,33.799781799316406,33.913368093550055,33.150722291371586,33.150722291371586,5173641
886,2011-05-12,32.90732192993164,33.799778670748374,32.84241642531658,33.799778670748374,2199955
887,2011-05-13,32.89110565185547,33.32922180134612,32.79374626298436,32.87487872023382,3389298
888,2011-05-16,33.037139892578125,33.166953129988435,32.87487499645911,32.97223437430222,2643860
889,2011-05-17,32.93977737426758,33.26430711388171,32.89109659281056,33.0371345354653,2042475
890,2011-05-18,32.89110565185547,33.394127326973944,32.809973194606,33.037143634732764,3314783
891,2011-05-19,32.079769134521484,33.085812110160305,31.917504280441545,32.90732033050078,2532955
892,2011-05-20,32.77751541137695,32.97223195189923,31.91751020461392,32.01486957530423,1959647
893,2011-05-23,32.32317352294922,32.5503439284404,32.12845477489483,32.5503439284404,1694918
894,2011-05-24,32.06354904174805,32.90732734311775,31.933738011164277,32.43675960617859,9876185
895,2011-05-25,31.49561882019043,32.27449152932839,31.300902293549584,32.128451383275014,5753045
896,2011-05-26,31.008817672729492,31.77146329384144,30.83032591025034,31.641650102557634,4935316
897,2011-05-27,31.690340042114258,31.787699413527175,31.05750742921786,31.05750742921786,4500032
898,2011-05-30,32.128448486328125,32.20958091532751,31.528069832247514,31.803918770330608,8167114
899,2011-05-31,32.79374313354492,32.90732944319838,32.12845660741443,32.193364327707,7467651
900,2011-06-01,32.66393280029297,32.85865156365996,32.404308516089834,32.6314789394456,1794961
901,2011-06-02,32.20958709716797,32.84242192550665,32.128454652597206,32.45298663173867,4461069
902,2011-06-03,32.77751541137695,33.069591322589545,32.20958611582651,32.20958611582651,5649415
903,2011-06-06,32.93977737426758,33.02090980917111,32.3556234027905,32.712604795851156,4910297
904,2011-06-07,32.92354965209961,33.00468208504401,32.7288309326898,32.826190292394706,6516069
905,2011-06-08,32.89110565185547,32.939786446720404,32.56657582285759,32.63148134848541,14162904
906,2011-06-09,32.93977737426758,33.05336146261764,32.74505865015583,32.77751250446051,6989160
907,2011-06-10,32.8424186706543,33.03713519781167,32.6152482885416,32.93977803466208,7661567
908,2011-06-13,33.280540466308594,33.426580647674285,32.631480818847635,32.777521000213326,2849421
909,2011-06-14,33.65373992919922,33.751099284219244,33.15071842897743,33.15071842897743,4458752
910,2011-06-15,33.037139892578125,33.70242640683777,32.89110192624271,33.66997474812908,2533103
911,2011-06-16,33.10204315185547,33.264308026112445,32.728832620549504,32.97222993193496,2472762
912,2011-06-17,33.32920837402344,33.42656772367144,32.95599790051575,32.97222482560006,2524363
913,2011-06-20,33.085811614990234,33.65373859577031,32.144674154897096,33.11826326480578,6194464
914,2011-06-21,32.89110565185547,33.24808934409665,32.58280275447923,33.037143634732764,5126564
915,2011-06-22,33.19939422607422,33.231848075316,32.793732114840964,32.891091461708506,2408781
916,2011-06-23,33.18317413330078,33.36166372646689,33.037133992189446,33.118266425758804,3746535
917,2011-06-24,33.637508392333984,33.79977322817212,33.03712761938979,33.102035314411204,5675164
918,2011-06-27,35.16281509399414,35.48734490857851,33.183182344686045,33.183182344686045,29869389
919,2011-06-28,35.40620422363281,35.66582625425597,35.08167448449572,35.50356138468742,13872282
920,2011-06-29,35.73072814941406,35.860539143605514,35.34129076512413,35.471103960173366,13356359
921,2011-06-30,35.5360107421875,36.18507013832916,35.06544312015637,35.69827559122292,30432762
922,2011-07-01,35.779422760009766,35.9416876759126,35.50357152263143,35.698290302058346,23953730
923,2011-07-04,35.84431838989258,36.15262120481646,35.60092108323823,35.8118667361869,5307022
924,2011-07-05,35.568458557128906,35.81185578938271,35.04921024797779,35.69826953398793,10665833
925,2011-07-06,35.38998031616211,35.60092378425676,35.227715432748276,35.45488582935597,3270036
926,2011-07-07,35.68206024169922,35.795646553215484,35.1952655366728,35.536022270363006,5856910
927,2011-07-08,35.438655853271484,35.941677388768355,35.325071765164545,35.454882780389084,12625687
928,2011-07-11,35.04921340942383,35.308837587417536,34.49751120586556,35.227705169348106,2848918
929,2011-07-12,35.114112854003906,35.37373698726776,34.57863766648646,34.95184804582116,2954427
930,2011-07-13,35.76318359375,36.120167166956534,35.11412415218032,35.14657800460201,3819442
931,2011-07-14,35.40620422363281,35.7956394704257,35.14657999215151,35.536015238944394,10479376
932,2011-07-15,35.779422760009766,36.41225549185906,35.16281695992251,35.16281695992251,8242815
933,2011-07-18,35.48733901977539,35.99035838822272,35.38997965138426,35.84432043606516,2085379
934,2011-07-19,35.64960861206055,35.811873513873394,35.24394635752842,35.27639801737584,2972184
935,2011-07-20,35.42243957519531,35.844328802794784,35.3250823849375,35.58470449343674,4177419
936,2011-07-21,35.04921340942383,35.536007917840394,34.77336230764469,35.37374308170154,3008285
937,2011-07-22,35.55223846435547,35.74695496704885,34.83827355276389,35.0492169808962,3369044
938,2011-07-25,35.211483001708984,35.53601271782214,34.8220477825448,35.503558865867625,7429567
939,2011-07-26,35.37375259399414,35.64960376995192,34.80582551478789,35.04922283444771,5770592
940,2011-07-27,34.77336883544922,35.422428301848846,34.562425389212585,35.26016343524894,7214188
941,2011-07-28,34.25412368774414,34.724693606983585,33.637518015501065,34.43261549840135,13905358
942,2011-07-29,34.10808181762695,34.935633062303886,33.21562506767023,33.751100438159106,9768024
943,2011-08-01,34.870731353759766,35.27639355699962,34.10808553132551,34.10808553132551,4672455
944,2011-08-02,35.03299331665039,35.14657960443863,34.64355807415349,34.85450152192236,3239197
945,2011-08-03,33.96205139160156,34.93564078869217,33.459029762933035,34.578657129415525,12800281
946,2011-08-04,33.913360595703125,34.6922309526945,33.686188057461024,34.27034192563344,6939466
947,2011-08-05,33.19939422607422,33.653737111170145,32.501656275096146,32.61524254658458,12075758
948,2011-08-08,33.24808120727539,33.70242197633786,31.933735281322807,31.98241386341585,13716718
949,2011-08-09,33.069580078125,33.65373390278198,32.128442749272764,32.128442749272764,7228990
950,2011-08-10,33.60506057739258,33.880911728179555,33.118265982491856,33.28053084745876,5126905
951,2011-08-11,33.42657470703125,33.832236914599186,33.19940211010654,33.21562903858092,6299073
952,2011-08-12,33.62128448486328,33.94581418565427,33.42656798490342,33.66996526049666,6421148
953,2011-08-16,33.62128448486328,34.043173536063144,33.459019634467786,33.76732241004765,4242848
954,2011-08-17,33.475250244140625,33.97827177590342,33.32921230288255,33.32921230288255,7430913
955,2011-08-18,33.312984466552734,33.70241969956336,32.98845473890088,33.58883561540005,5110388
956,2011-08-19,32.79374313354492,33.28053783058793,32.30694843650191,32.45298860630165,5245806
957,2011-08-22,33.491477966308594,33.62128898365155,32.37185078893649,32.777512969205965,3059716
958,2011-08-23,32.8424186706543,33.88091341806822,32.77751316160184,33.54015674447007,2837432
959,2011-08-24,33.11826705932617,33.34543963835279,32.550340013475946,33.23185334883948,6888368
960,2011-08-25,32.355628967285156,33.26431283465108,32.12845634979978,33.11827266602233,13758009
961,2011-08-26,31.625431060791016,32.452982325782564,31.34957990550779,32.35562296504389,9286925
962,2011-08-29,32.43675231933594,32.50165782004695,31.47938793063136,31.54429563220028,6345123
963,2011-08-30,32.51788330078125,32.80995914143383,32.209578334599534,32.777507492949,3821904
964,2011-09-02,32.24203109741211,34.0756251046092,31.917501418353268,33.491471242131745,8166250
965,2011-09-05,31.528078079223633,32.29072179079199,31.382040108996378,32.17713768099682,7422597
966,2011-09-06,31.347253799438477,31.8568319237893,30.985617135823045,31.8568319237893,14848826
967,2011-09-07,31.823938369750977,32.13625956303074,31.429427271421606,31.462304125258996,11526455
968,2011-09-08,31.626699447631836,32.15271376022272,31.347252741582494,32.086962249841974,7049237
969,2011-09-09,31.593820571899414,31.87326726020777,31.38012761934231,31.593820571899414,6782680
970,2011-09-12,31.01849365234375,31.462320259021876,30.739046940058266,31.248625058584445,5271294
971,2011-09-13,31.10068130493164,31.347251128328672,30.98561449552842,31.182871246063986,4033213
972,2011-09-14,31.215742111206055,31.347245099910406,30.755477191652,31.248616743609933,4248247
973,2011-09-15,31.560943603515625,31.692448845054518,30.870549446229486,31.297937579527463,8283475
974,2011-09-16,32.760921478271484,32.95817824636793,31.47875694473466,31.692452148429986,6853575
975,2011-09-19,32.202030181884766,32.95817815134774,32.07052492701792,32.34997164275806,3721222
976,2011-09-20,32.481475830078125,32.843112506967906,32.136277589327904,32.136277589327904,4399666
977,2011-09-21,32.62940979003906,32.77735345171638,32.26777542588627,32.31708849341564,2182138
978,2011-09-22,31.64313507080078,32.36640836031479,31.462318977967193,32.349969925635854,3792171
979,2011-09-23,31.577388763427734,31.955463905144654,31.133564331253897,31.39657041126271,3612112
980,2011-09-26,31.31437873840332,31.708892295894795,31.084247316230073,31.57738703354925,1880644
981,2011-09-27,31.774633407592773,31.98832632330528,31.412996841492994,31.708881912723115,1273121
982,2011-09-28,32.0047721862793,32.08696213133792,31.528070950848296,31.823953861241346,4398260
983,2011-09-29,32.03764343261719,32.530783016409096,31.61025534742195,31.82394827524729,9460952
984,2011-09-30,32.36640548706055,32.5800984302819,31.88970207141414,31.88970207141414,6946805
985,2011-10-03,32.0047721862793,32.267780456375874,31.626699330827627,32.20202894623797,7517061
986,2011-10-04,31.51163673400879,32.23490790143121,31.4294467779484,31.823958121129237,2740436
987,2011-10-05,31.528074264526367,31.90614715971443,31.39656900088408,31.577387344926485,3503641
988,2011-10-07,31.97188377380371,32.497900124092055,31.725314027645577,31.856819229989735,4435678
989,2011-10-10,32.23490524291992,32.349972063732665,31.758203982993702,31.758203982993702,8326437
990,2011-10-11,32.44859313964844,32.56365770499752,32.054079688324286,32.38283941139804,5044978
991,2011-10-12,32.58009338378906,32.81022472458389,32.251333688498065,32.77735009278141,4905765
992,2011-10-13,32.66229248046875,32.84311080956857,32.31709425755908,32.580102533563824,3531871
993,2011-10-14,32.514347076416016,32.89241989448248,32.39928027289419,32.465031776530346,5039179
994,2011-10-17,32.16913986206055,32.61296628867813,31.988321605677676,32.48146108878872,1605713
995,2011-10-18,32.26778030395508,32.44859862813891,31.88970522074434,31.88970522074434,2025955
996,2011-10-19,32.85954284667969,33.040361140571854,32.36640326127083,32.54721932561843,5145909
997,2011-10-20,32.547218322753906,32.84310340260897,32.448592192346716,32.5800951859193,2881549
998,2011-10-21,32.547218322753906,32.908854899395266,32.30064853764693,32.465028394384916,2127672
999,2011-10-24,33.12256622314453,33.28694616014186,32.90887096732065,32.9581862861472,3334756
1000,2011-10-25,34.15814208984375,34.4375887367526,33.0732345947578,33.138986091223266,7605862
1001,2011-10-28,34.51978302001953,35.506062280072115,33.94445345165553,34.684162896694964,8504582
1002,2011-10-31,34.470462799072266,34.71703257889073,33.993761670665464,34.51977809276263,4561310
1003,2011-11-01,34.075965881347656,34.56910564770054,33.862272874412895,34.27322267970697,2155435
1004,2011-11-02,33.8951416015625,34.17458831217723,33.665010196697715,33.86226696060753,2429706
1005,2011-11-03,34.223899841308594,34.371841292780836,33.87870163484343,34.02664531586057,2676760
1006,2011-11-04,34.1417121887207,34.51978728956287,33.993770727323785,34.51978728956287,2070811
1007,2011-11-08,34.1417121887207,34.191027495549704,33.993770727323785,34.1417121887207,923114
1008,2011-11-09,34.0430908203125,34.40472756007221,33.99377773286595,34.19103454174316,3342820
1009,2011-11-11,34.66771697998047,34.76634533060543,33.8622562040411,34.02663604523462,7747315
1010,2011-11-14,34.63485336303711,35.177308384117424,34.37184507065379,34.78279483076987,8136060
1011,2011-11-15,34.05952072143555,34.73347871501843,33.94445613638893,34.20746217623546,2602442
1012,2011-11-16,34.25678253173828,34.63485544192004,33.763642789999324,33.763642789999324,5559879
1013,2011-11-17,33.911582946777344,34.6348540939358,33.79651611969853,34.02664977385615,4564324
1014,2011-11-18,33.18830108642578,34.0266387900474,32.33352495144992,33.86225893559393,6971425
1015,2011-11-21,32.56365966796875,33.20474295024338,32.349966726907006,32.711601106361094,5725408
1016,2011-11-22,32.18559265136719,32.71160699699056,31.922584363782946,32.71160699699056,5742603
1017,2011-11-23,31.248626708984375,32.119841533005676,30.952743775268537,32.00477470903556,4916261
1018,2011-11-24,31.3308162689209,31.72532758545943,31.117123289413176,31.528073041962713,10127464
1019,2011-11-25,31.692447662353516,31.95545590607153,31.166431174917495,31.445877851907518,7728058
1020,2011-11-28,31.92258071899414,32.136273674138636,31.626697822710252,31.922580718994144,5436096
1021,2011-11-29,31.297937393188477,32.15271142515054,31.232183658038103,32.02120841393939,5379923
1022,2011-11-30,32.58009338378906,32.84310158593074,31.330806095774385,31.38012138779466,13613461
1023,2011-12-01,32.87599182128906,33.53351147935122,32.71160967722824,32.87599182128906,4222484
1024,2011-12-02,33.993770599365234,34.191027366848644,32.84311132465043,32.89242440174876,5707744
1025,2011-12-05,33.7472038269043,34.010212130976356,33.48419552283224,33.599262352596654,2957969
1026,2011-12-07,33.911582946777344,34.37184579600222,33.484194741328416,33.549946258425514,5975381
1027,2011-12-08,32.67873764038086,33.99377706146807,32.54723236054486,33.84583557250485,5809203
1028,2011-12-09,32.399288177490234,32.46503969716808,31.92258687289426,32.07052834955573,4296964
1029,2011-12-12,31.758197784423828,32.6787254826218,31.462314916577345,32.547220251710876,8160604
1030,2011-12-13,32.58009338378906,32.84310158593074,31.42943445027056,31.692442652412236,3981949
1031,2011-12-14,31.676010131835938,32.711602473405236,31.560943325197215,32.53078639089409,5776327
1032,2011-12-15,32.66229248046875,32.99105226808843,31.199311871470147,31.215750306760132,12973287
1033,2011-12-16,32.251346588134766,33.303377587940076,31.75820684795616,32.62941949712026,12589918
1034,2011-12-19,32.59654235839844,32.826673773633395,31.643137595932046,31.758204418322073,4820722
1035,2011-12-20,32.07052993774414,32.69517497948037,31.807521616462857,32.69517497948037,6670657
1036,2011-12-21,32.18559265136719,32.497914017447485,31.889707491755505,32.38284719489654,10259801
1037,2011-12-22,33.08968734741211,33.204754188185746,32.0540924690857,32.136282432625315,3456402
1038,2011-12-23,33.28693389892578,33.517065280044214,32.72804053536632,33.04036408425358,3249611
1039,2011-12-26,33.15543746948242,33.23762742954447,32.94174446513925,33.073247509420376,1273482
1040,2011-12-27,32.53078842163086,33.13899267163827,31.939020376845185,33.12255646641653,4187065
1041,2011-12-28,32.941741943359375,33.188311804669915,32.34997383030505,32.61298212827866,3375709
1042,2011-12-29,32.87599182128906,33.0403717358046,32.61298351215514,32.87599182128906,2924882
1043,2011-12-30,32.90886306762695,33.138994478271606,32.66229322131946,32.875988425846316,2087779
1044,2012-01-02,32.87599182128906,32.95818177854683,32.39928828555777,32.76092498931007,1861469
1045,2012-01-03,33.171875,33.31981647815572,32.875992043688555,32.99105664690065,3372939
1046,2012-01-04,33.3691291809082,33.632135241707395,32.66229426126128,33.138995533391224,3739279
1047,2012-01-05,33.30336380004883,33.61568728982677,33.08967089292698,33.35267909137687,5389056
1048,2012-01-06,32.793800354003906,33.30337628190186,32.49791518377313,33.27050163823967,7340405
1049,2012-01-09,33.33625793457031,33.46776098716319,32.58010980829756,32.58010980829756,2368495
1050,2012-01-10,33.73075866699219,33.96089005110835,33.22118059745616,33.22118059745616,3215986
1051,2012-01-11,32.941741943359375,33.763641481061164,32.84311355292613,33.763641481061164,4377469
1052,2012-01-12,33.05680465698242,33.33625137569326,32.69517021873052,33.33625137569326,4082544
1053,2012-01-13,33.517066955566406,33.59925689789915,33.04036573594542,33.0732403751516,5766505
1054,2012-01-16,32.92529296875,33.5170608924053,32.79378997662415,33.138985888340635,4899595
1055,2012-01-17,33.040367126464844,33.286936963840105,32.908861875471054,33.040367126464844,10428799
1056,2012-01-18,32.58009338378906,33.28692806639134,32.317085181647386,33.15542285054831,6295415
1057,2012-01-19,32.85954284667969,33.27049250118707,32.58009618979684,32.72803761951059,8276461
1058,2012-01-20,33.35268783569336,33.59925766834557,32.84310973563647,32.8759866051414,6881600
1059,2012-01-23,33.204742431640625,33.94445184159399,33.0896756316078,33.53350216939768,18551268
1060,2012-01-24,33.05680465698242,33.36912824714573,32.89242475881018,33.13899460606854,10219894
1061,2012-01-25,33.15543746948242,33.36913270337095,32.72804923125073,33.23762742954447,13171474
1062,2012-01-27,33.911582946777344,34.503351059741604,33.25406331671598,33.36913014379479,9816649
1063,2012-01-30,33.45131301879883,34.02664257335495,33.28693314606851,33.53350295516399,4243234
1064,2012-01-31,34.223899841308594,34.4540312357704,33.40200041141292,33.533505657923165,10322025
1065,2012-02-01,33.845829010009766,34.32253026181539,33.74720062664256,34.32253026181539,10757718
1066,2012-02-02,34.55265808105469,34.86497940465641,33.74719712138348,33.92801543385125,11556658
1067,2012-02-03,35.16086196899414,35.604688501023105,34.63484550359275,34.70059700438177,11926606
1068,2012-02-06,35.834815979003906,35.99919582790678,34.96360144209204,35.40742792594756,9084488
1069,2012-02-07,35.42387390136719,36.2457733209307,35.12799100214227,35.99920349506165,6079363
1070,2012-02-08,35.40743637084961,36.410154134220676,34.89785827180416,35.703321507171935,11508450
1071,2012-02-09,35.76907730102539,36.327968541630966,35.47319212926112,36.18002707052143,11499785
1072,2012-02-10,35.2923698425293,35.91701249111017,34.848543277270124,35.308806046798686,8590813
1073,2012-02-13,36.319175720214844,36.60072055387284,35.22612234628078,35.22612234628078,15608851
1074,2012-02-14,36.23637390136719,36.517918775589884,36.02107646551574,36.26949762055281,5735198
1075,2012-02-15,36.66696548461914,37.461914408514346,36.203246963727125,36.269492145813885,15930040
1076,2012-02-16,36.66696548461914,37.180369576789744,36.186685106634265,36.53447512044562,3862429
1077,2012-02-17,36.99819564819336,37.59440681188327,36.766336375170845,37.09756454985582,8544515
1078,2012-02-21,36.61728286743164,37.09756325470026,36.517913969238364,36.94851103055272,6934289
1079,2012-02-22,36.418548583984375,37.32942612043075,36.33574153521652,36.55104120978392,5872252
1080,2012-02-23,37.31285858154297,37.7931411883144,36.302614537385566,36.302614537385566,18016976
1081,2012-02-24,37.85938262939453,38.157491541885086,37.36254267828688,37.44534971118558,10958004
1082,2012-02-27,36.94850540161133,38.09124194103126,36.799453200171236,38.09124194103126,11266052
1083,2012-02-28,37.031314849853516,37.56127851697307,36.68352485957486,37.09756002745789,9416477
1084,2012-02-29,37.42879867553711,37.726903181636814,37.09757044818847,37.18037750502563,7991077
1085,2012-03-01,37.26318359375,37.62753553288156,36.9319553750068,37.04788615008097,2777389
1086,2012-03-02,37.18037796020508,37.42879913375784,36.86571158962861,37.213501681859526,3172662
1087,2012-03-05,36.53447341918945,37.213491558100294,36.153559708929905,37.06443709749005,3649302
1088,2012-03-06,36.782894134521484,37.031315237854166,36.30261378400187,36.534473031188796,4557989
1089,2012-03-07,35.97138977050781,36.53447722003218,35.37517860489414,36.435108318049096,15488701
1090,2012-03-09,36.48479461669922,36.683532436847756,36.13700680086679,36.13700680086679,3852720
1091,2012-03-12,36.716651916503906,37.047880080986104,36.385423752021715,36.766335242662336,5124092
1092,2012-03-13,36.88227081298828,37.147251582134174,36.43511183405575,36.88227081298828,9731037
1093,2012-03-14,37.296302795410156,37.5612835412722,36.948512758610164,37.180372034381875,4398722
1094,2012-03-15,36.55104064941406,37.52816336063731,36.352302836904116,37.19693517064401,4513645
1095,2012-03-16,35.70640563964844,37.09756348410262,35.524229699548364,36.60072123634865,3682825
1096,2012-03-19,35.722965240478516,35.92170077925476,34.91145449005051,35.83889374319351,3294232
1097,2012-03-20,35.590476989746094,36.03763593770366,35.27581066346868,35.722969611426244,3413743
1098,2012-03-21,36.02106475830078,36.236362124178385,35.3420467059636,35.57390592605124,3430274
1099,2012-03-22,35.19300842285156,36.004517137099384,34.878339807321524,35.77265782535504,3948023
1100,2012-03-23,35.67327880859375,35.838892876712194,35.01082253611998,35.30892696021935,3647743
1101,2012-03-26,35.093631744384766,35.607035836616504,34.86177248391115,35.44142175823753,4778733
1102,2012-03-27,35.02738952636719,35.49110808655506,34.7127209537916,35.441424757350966,5834802
1103,2012-03-28,35.17643737792969,35.40829662913825,34.861771090840605,35.192999234362716,4875221
1104,2012-03-29,35.043949127197266,35.27581065350079,34.778968376481615,35.17644174883998,12199593
1105,2012-03-30,35.82233428955078,36.219809886333664,35.04394719984986,35.04394719984986,8544753
1106,2012-04-02,35.97138977050781,36.219810902323104,35.65672120651391,35.80577568263095,8676278
1107,2012-04-03,36.468231201171875,36.600721569933235,35.938265233556876,36.15356264436528,3566758
1108,2012-04-04,36.716651916503906,36.86570414126395,36.1866859548185,36.4516689356612,3850338
1109,2012-04-09,36.33573532104492,36.7166490280038,35.95482386037062,36.46822792418545,4475284
1110,2012-04-10,36.567596435546875,36.865703123118685,36.13700163063986,36.335737176069706,4598397
1111,2012-04-11,36.99819564819336,37.09756454985582,36.12044188379212,36.12044188379212,4023851
1112,2012-04-12,37.01475524902344,37.69377116869335,36.79945784712098,36.9816315350609,5102969
1113,2012-04-13,37.09756088256836,37.52815791634902,36.61728052601034,37.09756088256836,6602489
1114,2012-04-16,37.047882080078125,37.34598654568382,36.84914427215108,37.08100355054272,4350870
1115,2012-04-17,37.62753677368164,37.726903445553205,36.76634247803667,36.81602581397245,9477019
1116,2012-04-18,37.7103385925293,38.17405715112932,37.49503892538402,37.66065301721044,4441325
1117,2012-04-19,37.975318908691406,38.091249670159755,37.52816221363817,37.594407400355145,2496045
1118,2012-04-20,37.7103385925293,38.20718086800856,37.52816264226326,37.82626935532174,2778756
1119,2012-04-23,36.683528900146484,37.92563454060949,36.50135295695495,37.577844512022885,3854809
1120,2012-04-24,36.43510437011719,36.93194657991235,36.1866832652196,36.799456222480806,3169871
1121,2012-04-25,35.92171096801758,36.58416744440547,35.67328978937211,36.36886998809351,3380361
1122,2012-04-26,35.80577850341797,36.70009419915044,35.5242336333332,36.21981375572791,4377198
1123,2012-04-27,35.855464935302734,36.43511433865408,35.68985082005949,35.83890307452137,1965594
1124,2012-04-30,36.84914779663086,37.114130817116575,35.80577982093191,35.80577982093191,3199398
1125,2012-05-02,36.302616119384766,37.04787947732635,36.137002039842194,36.70008946103,3811572
1126,2012-05-03,35.98795700073242,36.269501908238624,35.822342877795904,36.103887785302106,1452253
1127,2012-05-04,35.35861587524414,35.97138888379734,35.14331621854055,35.805774800002936,5666533
1128,2012-05-07,35.043949127197266,35.441424745840514,34.18275719480163,35.242686936518886,4565509
1129,2012-05-08,35.02738952636719,35.49110808655506,34.79552799998836,35.043949138578625,2959419
1130,2012-05-09,34.53054428100586,35.193000593636405,34.36493020284823,34.79552500903032,2412310
1131,2012-05-10,33.95089340209961,34.8948922551907,33.78527933177297,34.49741893566368,3946438
1132,2012-05-11,33.569984436035156,34.116512293108514,33.18907291897471,33.95089819938051,3389145
1133,2012-05-14,33.536861419677734,33.71903511735602,33.18907138961815,33.454054376629486,2233766
1134,2012-05-15,34.08338165283203,34.23243385765477,33.15594246707968,33.487170587256635,3494080
1135,2012-05-16,34.629913330078125,34.87833446452552,33.45405509072168,33.884649926735946,4435353
1136,2012-05-17,34.69615936279297,35.37517755213766,34.3980526657153,34.77896640426708,4208594
1137,2012-05-18,34.81209182739258,35.1598818903463,33.967459459157844,34.39805657299173,4935351
1138,2012-05-21,34.43117141723633,35.077065798365616,34.19931218379049,34.74583768021886,1491370
1139,2012-05-22,34.34836959838867,34.62991219375311,34.14963179883808,34.56366700933117,2362045
1140,2012-05-23,34.31524658203125,34.76240551698625,33.86808989336107,34.41461548383067,3087547
1141,2012-05-24,34.89488983154297,35.04394203522751,33.93432918887867,34.58022356903462,2135683
1142,2012-05-25,34.480857849121094,34.7789645301347,34.364929345075225,34.613350456110915,1446600
1143,2012-05-28,35.24268341064453,35.557351951636726,34.282122669687936,34.282122669687936,890739
1144,2012-05-29,35.55734634399414,35.85545073485451,35.04394009453092,35.67327483098014,5201353
1145,2012-05-30,35.143314361572266,35.65671844346366,34.92801696252974,35.52422808194282,4048557
1146,2012-05-31,35.159881591796875,35.44142646091281,34.7955296725039,34.82865339108872,8033660
1147,2012-06-01,34.33180618286133,35.077069527931585,34.11650878168823,34.94457916509963,3787828
1148,2012-06-04,34.46430206298828,34.59679469331529,33.818407509784855,34.116514243306845,3267896
1149,2012-06-05,35.093631744384766,35.50766694033218,34.613351366342705,34.745841730532,12393979
1150,2012-06-06,36.319175720214844,36.79945834778257,35.11019383840404,35.11019383840404,9494285
1151,2012-06-07,35.78921890258789,36.68353465475718,35.60704293081809,36.319182711217586,4231838
1152,2012-06-08,35.44142150878906,35.93826374042902,35.02738631575576,35.70640448158731,3997879
1153,2012-06-11,35.524227142333984,35.93826231899128,35.44142010700253,35.77264824832836,2205393
1154,2012-06-12,35.65673065185547,35.82234478360292,35.12676453174943,35.40830945423428,3376544
1155,2012-06-13,35.64016342163086,35.85546084839277,35.32549484150738,35.60703970384367,2496726
1156,2012-06-14,35.010826110839844,35.805775066745994,34.77896684105735,35.457985038929856,6671985
1157,2012-06-15,35.12675476074219,35.35861627772139,34.928019205697616,35.176440334216935,10286920
1158,2012-06-18,35.45798873901367,35.60704098183586,35.01082976426209,35.275812777215435,3027005
1159,2012-06-19,36.02106475830078,36.40197617371017,35.30892299754352,35.45797743914957,9746993
1160,2012-06-20,35.9051399230957,36.40198215330518,35.77264956022039,35.8885803124498,8882639
1161,2012-06-21,36.3523063659668,36.401989700775054,35.40830503432878,35.60704286613209,4083003
1162,2012-06-22,36.45167922973633,36.66697669893657,36.021082045050456,36.10388910955599,7332263
1163,2012-06-25,35.722965240478516,36.58415706774482,35.52422745541765,36.319174103091875,5097127
1164,2012-06-26,36.38542556762695,36.43510889626454,35.5407932567939,35.5407932567939,1992235
1165,2012-06-27,36.368873596191406,36.89883748210744,36.1370142557103,36.43511880114522,5727518
1166,2012-06-28,36.33573532104492,36.70008717182566,36.00450718262046,36.43510421182918,3083553
1167,2012-06-29,37.61096954345703,37.95875958421126,36.53447795072742,36.551039809103315,7486892
1168,2012-07-02,37.296302795410156,37.74346173505084,37.19693389256947,37.62753097402256,2634447
1169,2012-07-03,36.98163604736328,37.59440910644479,36.7994623371955,37.52816391672151,4091332
1170,2012-07-04,37.42879867553711,37.5612890679625,36.86571113830146,37.03132525197578,3061761
1171,2012-07-05,37.85938262939453,38.02499669519192,37.26317378955154,37.42878785534893,2830305
1172,2012-07-06,37.42879867553711,37.92564101656007,37.11413230881294,37.760026902885755,3797719
1173,2012-07-09,37.362545013427734,37.428790194630075,37.1306857560772,37.37910687029949,2397364
1174,2012-07-10,37.478477478027344,37.677215288912855,37.014758914341016,37.06444224391994,3199920
1175,2012-07-11,37.64409255981445,37.925637424911905,37.329426222889936,37.329426222889936,2903254
1176,2012-07-12,37.24662399291992,37.62753781535174,37.1306954570987,37.62753781535174,2728401
1177,2012-07-13,37.1141357421875,37.428802138021005,37.0147668155334,37.296311733339124,1672753
1178,2012-07-16,37.31285858154297,37.49503451035786,36.79945675436184,37.01475414987105,3148848
1179,2012-07-17,37.18037796020508,37.445360994585066,37.0644471806997,37.362553936734145,2407572
1180,2012-07-18,36.83258056640625,37.27973948867202,36.683528341079246,37.13068726334502,2516255
1181,2012-07-19,37.09756088256836,37.362543845378354,36.93194681159769,37.08099902621437,2171498
1182,2012-07-20,36.84914779663086,37.2631830641757,36.70009554957174,36.86570965658967,1581366
1183,2012-07-23,36.2032470703125,36.76633448913478,36.120440030889085,36.650403735428114,2728477
1184,2012-07-24,36.74976348876953,37.21348414193926,36.0707454851781,36.15355250399939,8366909
1185,2012-07-25,36.683528900146484,36.89882631264616,35.954827373665154,36.650405184553556,6131518
1186,2012-07-26,37.01475524902344,37.26317636488844,36.501351160312176,36.74977227617717,10181302
1187,2012-07-27,37.875946044921875,38.09124342804188,37.13068276234332,37.52815606379498,4785341
1188,2012-07-30,39.13460922241211,39.25053995924601,37.76001346655835,37.90906791285462,10354713
1189,2012-07-31,39.39958953857422,39.97923865857185,39.13460438817723,39.15116848714666,13034800
1190,2012-08-01,39.416160583496094,39.58177466584213,38.95244205144109,39.250546501150055,5116745
1191,2012-08-02,39.1180534362793,39.498964900894336,39.05180601088137,39.1180534362793,5172210
1192,2012-08-03,39.18429946899414,39.43272059503524,38.654337994162105,38.869635404883816,3992386
1193,2012-08-06,39.89645004272461,40.11174748808238,39.2836769347292,39.3996077107127,3989076
1194,2012-08-07,39.26710891723633,40.02893644598773,39.01868777597236,39.83019863446259,5499481
1195,2012-08-08,39.39958953857422,39.51551576851918,39.1842876999491,39.33334212783292,5783459
1196,2012-08-09,39.43272018432617,39.830195778879876,39.20086316464444,39.44928428809813,4304923
1197,2012-08-10,39.59833908081055,40.2607999831288,39.151184598286555,39.39960575194213,4906011
1198,2012-08-13,39.71426010131836,39.830190843077716,39.11805127594019,39.416155688629274,2775124
1199,2012-08-14,39.763946533203125,40.04549135877512,39.30022802244477,39.30022802244477,3520379
1200,2012-08-16,39.780513763427734,40.57546048615825,39.333354827963795,39.74739004736195,3368688
1201,2012-08-17,38.9690055847168,40.07862094662734,38.50528700599044,39.863323516422604,4100386
1202,2012-08-21,39.59833908081055,39.83020062125044,38.60465446618825,38.770268568625305,2904667
1203,2012-08-22,39.39958953857422,39.614886884631126,39.15116848714666,39.267094717091624,1988035
1204,2012-08-23,38.90275573730469,39.498964590930484,38.6874538527356,39.498964590930484,4652302
1205,2012-08-24,38.78683853149414,39.200873850108984,38.488734000605604,38.75371480749081,5080546
1206,2012-08-27,39.18429946899414,39.316794330271705,38.67089760553703,38.687457216911945,1296282
1207,2012-08-28,40.244232177734375,40.74107443937135,39.151180999160886,39.25054765446042,4356311
1208,2012-08-29,39.43272018432617,40.707949516568995,39.18429906087249,40.40984506693847,6345767
1209,2012-08-30,40.3270263671875,40.741061453245514,39.15116851981001,39.39958957144482,9698034
1210,2012-08-31,39.565208435058594,40.31047168092725,39.34990656997487,40.31047168092725,6414695
1211,2012-09-03,40.260799407958984,40.40984940248095,39.76395261517578,39.78051672072488,3891463
1212,2012-09-04,41.05573272705078,41.30415379569673,40.078608060015995,40.078608060015995,8607402
1213,2012-09-05,41.07583236694336,41.66167334144871,40.92518572870444,41.17626043206388,5181748
1214,2012-09-06,40.54019546508789,41.059081241661005,39.9376136007326,41.059081241661005,2059057
1215,2012-09-07,40.80801773071289,41.126047513136555,40.67411212674019,41.008878406951084,1292419
1216,2012-09-10,40.82476043701172,41.17626322937099,40.5067306415945,40.62389975256708,2343064
1217,2012-09-11,40.489994049072266,40.80801930319231,40.23891932923929,40.59042212078208,1345773
1218,2012-09-12,40.64063262939453,40.808015761422496,40.22217479932462,40.674110163911735,2846913
1219,2012-09-13,40.55694580078125,41.04235875658598,40.33934861183928,40.406303688694614,2572173
1220,2012-09-14,40.171958923339844,41.12604364020424,39.80371514167455,40.84149142071024,13519349
1221,2012-09-17,39.3685188293457,40.54020064006353,39.150921686895344,40.43976804623887,12665195
1222,2012-09-18,39.385257720947266,40.1050042546383,39.167660565258046,39.401998757882055,8408810
1223,2012-09-20,39.08396911621094,39.56938199925113,38.83289442647799,38.83289442647799,6301939
1224,2012-09-21,40.255653381347656,40.50672808592291,39.25135456304667,39.25135456304667,8707245
1225,2012-09-24,39.53590393066406,40.67410826726787,39.33504327348508,40.238913960511596,7593484
1226,2012-09-25,39.30156326293945,39.920881691633426,38.6989858699471,39.77023507310656,11733607
1227,2012-09-26,39.16764831542969,39.485677971589034,38.9333101960958,39.16764831542969,9302273
1228,2012-09-27,39.08396911621094,39.61959602908613,38.84963092290369,39.20113821286456,12478679
1229,2012-09-28,40.33934020996094,40.40629527287087,39.33504150965773,39.33504150965773,8847242
1230,2012-10-01,40.188697814941406,40.5067275863712,39.77023997914332,40.188697814941406,5138030
1231,2012-10-03,39.385257720947266,40.50672557326291,39.26808862463526,40.171959321261696,12133968
1232,2012-10-04,39.50242614746094,39.8371923937859,39.0002767779735,39.6028542051353,7257841
1233,2012-10-05,39.56937789916992,39.87066658751908,39.502422839289025,39.75349750300624,11584935
1234,2012-10-08,39.73676300048828,39.987837676792935,39.18439508017192,39.50242481971421,6807880
1235,2012-10-09,40.23891067504883,40.339338725159564,39.45220914732319,39.87066692371369,5205666
1236,2012-10-10,39.98783874511719,40.389555513602396,39.50242587507006,40.10500329807677,7436554
1237,2012-10-11,39.88740158081055,40.372814395282056,39.703281983904674,40.17195376375739,5476615
1238,2012-10-12,40.15522003173828,40.30586211032562,38.49812538337452,39.83719029823572,2847441
1239,2012-10-15,39.78697967529297,40.48998972383988,39.6530740804645,40.03805436830558,7208908
1240,2012-10-16,39.70328140258789,40.07152513156525,39.58611232420093,39.87066450298149,4006297
1241,2012-10-17,40.0882682800293,40.17195984411889,39.66981045958135,39.97109918219228,2639928
1242,2012-10-18,40.37282180786133,40.47324987178395,39.971100471054676,40.171961139458006,2525746
1243,2012-10-19,39.971092224121094,40.3393359501239,39.8371866529993,40.17195285108237,3153069
1244,2012-10-22,39.70328140258789,39.90414203117165,39.48568428018765,39.65306738058125,4657141
1245,2012-10-23,39.31830978393555,39.72002658845474,39.26809121038224,39.5526434514322,3935245
1246,2012-10-25,39.067230224609375,39.502424510575295,38.86636957702602,39.435469447861635,12050023
1247,2012-10-29,38.481388092041016,38.68224419266873,38.213572390274926,38.213572390274926,2123473
1248,2012-10-30,37.89555358886719,38.61530249227045,37.76164797767922,38.531610917708164,2570824
1249,2012-10-31,38.16335678100586,38.330739884952756,37.8453293375625,38.04618770013158,1852024
1250,2012-11-01,39.15092849731445,39.30157060341967,38.59856048658678,38.59856048658678,4524439
1251,2012-11-02,39.50242614746094,39.6028542051353,39.201137433880035,39.368520557042515,4726469
1252,2012-11-05,39.18439483642578,39.50242457398977,39.100703278178166,39.4689470425792,3632141
1253,2012-11-06,40.05478286743164,40.13847441505895,39.00027027543899,39.40199152027288,4718509
1254,2012-11-07,40.171958923339844,40.37281958066253,39.83719267465464,40.004575798997244,4694784
1255,2012-11-08,39.78697967529297,39.93762176676576,39.56938251612696,39.820457209139576,3005197
1256,2012-11-09,40.021305084228516,40.47324034663608,39.63632487571727,39.73675745656175,5518512
1257,2012-11-12,40.171958923339844,40.423033609853746,40.054789828188454,40.054789828188454,5986709
1258,2012-11-15,40.13847351074219,40.27237907581758,39.72001578203348,39.87066238059139,11277862
1259,2012-11-16,39.870670318603516,40.15522253888948,39.60285459457526,40.105003969000656,7952790
1260,2012-11-19,40.188697814941406,40.30586691707649,39.73676698472596,39.87067258406973,4682624
1261,2012-11-20,40.87497329711914,40.99214240472107,40.205440728603314,40.22217722659288,5826060
1262,2012-11-21,40.20542526245117,40.99212663594203,39.954350645840684,40.87495757341248,8050611
1263,2012-11-22,39.870670318603516,40.389556189286616,39.736764726868316,40.255650597551416,3266009
1264,2012-11-23,40.0882682800293,40.506726100477245,39.78697955741836,40.00457671593971,2809752
1265,2012-11-26,40.30586624145508,40.37282131028369,39.853930878257025,40.171960644355885,2935121
1266,2012-11-27,39.6865348815918,40.489977284851754,39.58610685146258,40.33933069910137,7105541
1267,2012-11-29,39.46894836425781,39.853928636976974,39.13418212005718,39.669809018889744,15583782
1268,2012-11-30,39.46894836425781,39.786978112471516,39.268087709625874,39.569380961852666,9986088
1269,2012-12-03,39.82046127319336,39.870675308809105,39.35178483262393,39.55264551564534,5791740
1270,2012-12-04,40.32261276245117,40.50673241593142,39.73677172248485,39.8204632996229,8486828
1271,2012-12-05,40.222171783447266,40.59041555440931,39.83719151676056,40.42303243493181,7991825
1272,2012-12-06,40.188697814941406,40.372821987027436,39.72002594695917,40.33934445205196,3888336
1273,2012-12-07,39.73676300048828,40.32260391186581,39.53590235133303,40.27238534415875,3172271
1274,2012-12-10,39.6865348815918,39.88739548240679,39.50241531283605,39.77022642021833,2674532
1275,2012-12-11,39.335052490234375,39.9041570621643,39.268097408633594,39.83720198056352,5034484
1276,2012-12-12,39.25135040283203,39.61959417195754,39.10070377983051,39.485688585154904,6283865
1277,2012-12-13,39.58611297607422,39.753496079224156,39.36851585009076,39.46894389575781,7727857
1278,2012-12-14,38.91658401489258,39.56937999129513,38.74920089689783,39.56937999129513,6097530
1279,2012-12-17,38.95005798339844,39.23461016606981,38.648769306681736,38.933316948795856,3910978
1280,2012-12-18,39.201141357421875,39.468952565063255,38.866375077591016,39.16766382132713,4553554
1281,2012-12-19,38.899837493896484,39.401986718464826,38.58180783544727,39.351768163562795,6136261
1282,2012-12-20,38.76594543457031,39.13418927866342,38.66551735916247,39.13418927866342,2121800
1283,2012-12-21,38.397701263427734,38.74920402335441,38.33074619460454,38.69898999201603,3053451
1284,2012-12-24,38.297271728515625,38.81616220207306,38.1131520853375,38.431177336332304,2156093
1285,2012-12-26,38.59856033325195,38.89985362538229,38.36422665561082,38.43117718898327,2963625
1286,2012-12-27,37.979225158691406,38.83287922363876,37.86205837818683,38.61528215250308,7464142
1287,2012-12-28,37.9959831237793,38.6320381688047,37.594264028485405,38.29727187767992,6441596
1288,2012-12-31,38.41443634033203,38.49812790298827,37.96250099387674,37.99597852705081,1528669
1289,2013-01-01,38.11315155029297,38.698992549255316,38.06293524535727,38.54834590472738,6397127
1290,2013-01-02,37.8620719909668,38.43117187850621,37.795116926287925,38.196838233245664,10823940
1291,2013-01-03,38.21356964111328,38.41443026784816,37.87880344340754,38.09640056380484,7768126
1292,2013-01-04,38.481388092041016,38.54833861206443,38.012714019368474,38.33074147601275,7374977
1293,2013-01-07,38.297271728515625,38.5483464458813,38.01272174433539,38.498132410519844,5751436
1294,2013-01-08,38.9835319519043,39.08395998811926,38.16335300744033,38.18008949995721,7147399
1295,2013-01-09,38.68224334716797,39.150919679875116,38.53160127498985,39.0839646207577,8208348
1296,2013-01-10,38.129878997802734,39.06722709798818,37.995973423649744,38.732460892327076,5482985
1297,2013-01-11,37.87879943847656,38.23030663323697,37.77837140600597,38.196829108894555,7053838
1298,2013-01-14,37.51057052612305,38.26379237212811,37.41014018989601,37.86207556777814,10369465
1299,2013-01-15,37.17580032348633,37.86207156652045,37.10884752983689,37.66121091529329,7333310
1300,2013-01-16,37.51057052612305,37.627737359822014,36.95820481201388,37.15906548446796,12729863
1301,2013-01-17,37.711421966552734,37.845329813561655,37.24275017771818,37.527302366118306,8720890
1302,2013-01-18,38.481388092041016,38.64877120293577,37.493825921539,37.7281618227359,11437257
1303,2013-01-21,38.129878997802734,38.53160026081896,37.89554310789569,38.280525606573136,5767870
1304,2013-01-22,37.9959831237793,38.581824133247665,37.761647174047795,38.19684380656585,5102821
1305,2013-01-23,37.54404067993164,38.364219755557016,37.34318230510242,38.163359110449015,4125262
1306,2013-01-24,37.1423225402832,37.677949426413285,37.0586309812178,37.5607803356102,7597320
1307,2013-01-25,37.159061431884766,37.37665857807953,36.92472551976451,36.92472551976451,5876853
1308,2013-01-28,37.46034622192383,37.5775153008764,36.74059979486834,37.19253507622413,4530765
1309,2013-01-29,37.527305603027344,37.962499900077574,37.22601462397848,37.37665897836348,8933771
1310,2013-01-30,37.326454162597656,37.76165083733447,37.10885696036896,37.493837324398015,6691139
1311,2013-01-31,36.89125442504883,37.47709544271197,36.69039600973186,37.22602072085634,10621030
1312,2013-02-01,36.97492980957031,37.226004421493215,36.79080797343787,36.8744995107455,6533829
1313,2013-02-04,37.226009368896484,37.393392465757266,36.9916734873471,37.008412251088885,4150438
1314,2013-02-05,36.69039535522461,37.14232848433533,36.5564874771228,37.075375680424024,2184943
1315,2013-02-06,36.60670471191406,37.04189908352322,36.489535599385896,36.84104066669113,2852740
1316,2013-02-07,37.35991668701172,37.610991328797915,36.65690678189896,36.65690678189896,5059086
1317,2013-02-08,37.24275588989258,37.76164405229538,37.025158726761894,37.493830587479835,5162866
1318,2013-02-11,37.67795181274414,37.744904610181145,36.94146650037915,37.32644678835115,3760946
1319,2013-02-12,37.778385162353516,38.615300872879104,37.29297223402534,37.39340257334425,9796530
1320,2013-02-13,36.79082107543945,38.49812995263586,36.589962676538086,38.49812995263586,7821046
1321,2013-02-14,35.38479995727539,36.95820082064644,34.76548150932564,36.82429523365782,14843823
1322,2013-02-15,35.91511535644531,36.119082811818515,35.184236201247565,35.55817346223937,8479053
1323,2013-02-18,36.79897689819336,37.1899118913067,35.779144075746764,35.779144075746764,8321446
1324,2013-02-19,36.849952697753906,36.93493873188291,36.44202019501343,36.79896199943399,8484570
1325,2013-02-20,36.764984130859375,37.27490057789735,36.510025907340385,36.883965557326164,7964693
1326,2013-02-21,36.323055267333984,37.036936848622766,36.15308082752852,36.64600186163567,6464828
1327,2013-02-22,37.07093048095703,37.22390493376382,36.37404430106552,36.57801177507091,14054231
1328,2013-02-25,38.09075927734375,38.158747659807396,37.13891500666984,37.22390106109797,15983553
1329,2013-02-26,37.716827392578125,38.03977400405866,37.46186917739959,38.03977400405866,17614848
1330,2013-02-27,37.019935607910156,38.022772948644835,36.91795418140339,37.903791543861075,9561570
1331,2013-02-28,35.456180572509766,37.39386398166581,34.691306270598815,37.25788725015023,11505348
1332,2013-03-01,36.69697570800781,37.05391748724204,35.4561783140406,35.93210145481743,9664596
1333,2013-03-04,36.86696243286133,37.223904354115234,36.13608091688533,36.71398798243664,5835406
1334,2013-03-05,36.91794967651367,37.05392643219315,36.204065945711115,36.90095200570521,4342564
1335,2013-03-06,36.595001220703125,37.053926810243354,36.49301980560009,36.91795005317655,2348098
1336,2013-03-07,36.781978607177734,36.98594609040774,36.425036664222546,36.425036664222546,3784471
1337,2013-03-08,37.39386749267578,37.44485819543335,36.73097682985779,37.01992798780721,5865486
1338,2013-03-11,37.529850006103516,37.648831404686405,37.053929022560524,37.376875568921434,3872022
1339,2013-03-12,37.138916015625,37.59784164416227,36.74798107679276,37.59784164416227,5729772
1340,2013-03-13,37.32588577270508,37.478860213634604,36.98594154601975,37.08792527510421,4784709
1341,2013-03-14,37.27488708496094,37.39386846835829,36.96893824964486,37.25789172052759,4923712
1342,2013-03-15,37.05392074584961,37.41086255647413,36.86695100643736,37.18989748066192,4917271
1343,2013-03-18,36.96894454956055,37.0539306077858,36.8839584913353,37.01993526233795,3593844
1344,2013-03-19,36.408042907714844,37.18991291547329,35.71115436004459,37.0369384489725,5195989
1345,2013-03-20,35.473182678222656,36.340040789916706,35.286212919952334,36.22105940590996,5025753
1346,2013-03-21,34.53833770751953,35.79613075545611,34.283379563800196,35.35420515065787,4921271
1347,2013-03-22,34.827293395996094,35.082251555846,34.28338173282525,34.55533756441067,8653798
1348,2013-03-25,35.320213317871094,35.541176142219555,35.01426443717409,35.15024120517402,4166875
1349,2013-03-26,35.69414520263672,35.79612660398183,35.18422897433584,35.18422897433584,3767435
1350,2013-03-28,35.96609878540039,36.17006619947554,35.3881941860459,35.67714763842007,4534130
1351,2013-04-01,35.8641242980957,36.18707084481488,35.60916613404463,35.779138243412014,1691135
1352,2013-04-02,36.20407485961914,36.59500985749645,35.72815148677429,36.0171050454799,4652635
1353,2013-04-03,36.102088928222656,36.23806570914478,35.88112377748103,35.98310751586989,2361750
1354,2013-04-04,35.52418518066406,36.1870760413097,35.28622234906263,35.94911551510288,3713922
1355,2013-04-05,35.57516860961914,35.694150001041685,35.269219753667095,35.269219753667095,8205260
1356,2013-04-08,35.40519332885742,36.03409096061137,35.18423054223789,35.69414679326198,3096875
1357,2013-04-09,35.11624526977539,36.10208489007188,34.94627315993747,35.541175544370184,2293912
1358,2013-04-10,35.55816650390625,35.62615487392799,34.98026190063068,35.201224679549796,1905585
1359,2013-04-11,35.20123291015625,35.62616320388989,35.06525613831925,35.62616320388989,3329986
1360,2013-04-12,35.8641242980957,35.98310339141631,35.03125911788009,35.03125911788009,1819318
1361,2013-04-15,35.3712043762207,35.69415323782605,35.235227606887975,35.69415323782605,2619515
1362,2013-04-16,36.34003829956055,36.67998245297629,35.35420117681243,35.37119654016815,2546545
1363,2013-04-17,36.34003829956055,36.76496849133022,36.11907552199785,36.34003829956055,3775629
1364,2013-04-18,36.37404251098633,36.67999140154322,35.7791400973745,36.08508898793139,5080676
1365,2013-04-22,37.18990707397461,37.59784199442781,36.11908367127086,36.11908367127086,5577118
1366,2013-04-23,37.291893005371094,37.393876741504336,36.951948755189946,37.05393249132319,2951714
1367,2013-04-25,37.34287643432617,38.17573917226381,36.71397881087051,37.087918312178296,7103973
1368,2013-04-26,37.4958610534668,37.631837833469675,37.22390518806652,37.478863379617806,3417359
1369,2013-04-29,37.54684066772461,37.86978715378814,37.24089185048418,37.24089185048418,5263605
1370,2013-04-30,38.141746520996094,38.46469303739031,37.223897677677876,37.461858147368666,5652599
1371,2013-05-02,39.059600830078125,39.26356829286595,37.818805296736286,37.835802969534335,7787838
1372,2013-05-03,38.073760986328125,39.1615843096364,37.954779589905584,38.719654067322466,3489204
1373,2013-05-06,38.107749938964844,38.39670108762815,37.66582207615724,37.92078019253926,1570856
1374,2013-05-07,38.31172180175781,38.668663688686905,37.529849645959374,38.03976596860259,4295563
1375,2013-05-08,39.00860595703125,39.14458271412572,38.29472221879991,38.29472221879991,4623152
1376,2013-05-09,38.583683013916016,39.16159010446052,38.34572249125364,39.09359940764735,3439496
1377,2013-05-10,38.19274139404297,38.94061587501704,38.07376000070054,38.362713495735484,3388720
1378,2013-05-13,38.141746520996094,38.413702331525876,37.86979071046631,37.9377813921443,3486486
1379,2013-05-14,38.87262725830078,39.14458075890602,38.17574122586332,38.17574122586332,5187764
1380,2013-05-15,38.66865921020508,39.29755685745246,38.41370107841192,38.95761268172826,7598979
1381,2013-05-16,38.71965789794922,39.17858355195963,38.48169738695638,38.498695060326106,7843384
1382,2013-05-17,39.450531005859375,39.73948449229369,38.668661205661294,38.75364725397797,4225774
1383,2013-05-20,38.855628967285156,39.4675312863569,38.75364755283398,39.43353594461043,6051683
1384,2013-05-21,38.31172180175781,39.059598613889,38.02277060216321,38.78764508612802,3901355
1385,2013-05-22,38.29471969604492,38.44769641944118,38.03976156424315,38.413701079710016,4300192
1386,2013-05-23,37.25788879394531,38.36270727581749,37.05392138282677,38.1247445277146,5416658
1387,2013-05-24,37.05392074584961,37.66582066329253,36.747971939825035,37.66582066329253,4295474
1388,2013-05-27,38.12474822998047,38.31171799076332,37.053924981105794,37.12191335628301,1976291
1389,2013-05-28,38.24373245239258,38.651665039109105,38.03976500633721,38.19274174357584,3947350
1390,2013-05-29,38.583683013916016,38.736659776351075,38.14175501160328,38.396713208468945,4123634
1391,2013-05-30,38.889617919921875,39.093585326102996,38.124743604833284,38.481685412953375,4814631
1392,2013-05-31,38.51569366455078,39.0935984353273,38.294728516192876,39.07660306694128,8210037
1393,2013-06-03,37.86979293823242,38.54968135185564,37.61483478312371,38.53268598583042,2337051
1394,2013-06-04,38.48170471191406,38.702669896992155,37.80181609086435,37.80181609086435,6339450
1395,2013-06-05,38.22673797607422,38.37971242070463,38.05676585861946,38.260733321722924,2941759
1396,2013-06-06,38.09075927734375,38.27772905816449,37.97177787898666,37.97177787898666,3741327
1397,2013-06-07,37.614837646484375,38.311723784576195,37.5468492610254,37.75081672279669,3373193
1398,2013-06-10,37.39386749267578,37.90378374182714,37.32587912053438,37.73381165877669,4178032
1399,2013-06-11,36.662994384765625,38.022771268994866,36.47602460210525,37.17291071635159,4988953
1400,2013-06-12,36.71398162841797,37.18990257079347,36.44202581617736,36.71398162841797,1985386
1401,2013-06-13,35.9491081237793,36.849959325412065,35.813129061480105,36.45902442026444,3320850
1402,2013-06-14,37.087921142578125,37.223897895943296,36.03409323511878,36.11907928232053,5440747
1403,2013-06-17,36.781978607177734,37.20690894274472,36.37404594611235,37.07093215752113,1761508
1404,2013-06-18,36.849952697753906,37.29188053630347,36.49301319872706,36.71397596530498,2599492
1405,2013-06-19,36.54401779174805,36.781978316707445,36.32305494115602,36.69699225026519,3158484
1406,2013-06-20,35.98310089111328,36.47602181834328,35.88111717150038,36.44202647667427,3936637
1407,2013-06-21,36.44202423095703,36.59499864825237,35.69414750887341,35.915110299922894,8100913
1408,2013-06-24,36.00009536743164,36.883951118454505,35.71114190506811,36.238055821816594,7726193
1409,2013-06-25,35.048255920410156,36.37403972382197,34.69131403851489,36.102083894502044,5865050
1410,2013-06-26,36.03409194946289,36.17006869797657,34.82728966117656,34.94626873977753,9917951
1411,2013-06-27,36.22106170654297,36.71398263839895,35.98310122880906,36.204066340943086,10124040
1412,2013-06-28,37.83578872680664,38.10774447301853,36.37402860813709,36.37402860813709,13955319
1413,2013-07-01,38.37971496582031,38.515694052038086,37.56384967009186,37.56384967009186,4880398
1414,2013-07-02,37.85279083251953,38.3457093835534,37.5978327228061,38.10774894223296,4836103
1415,2013-07-03,36.81597137451172,37.64883431274072,36.645999252203985,37.64883431274072,3203552
1416,2013-07-04,36.595001220703125,37.223898909273935,36.11908026557516,36.88395471121277,5239017
1417,2013-07-05,36.57801055908203,37.0199362290783,36.3060547045805,36.713987333635586,2878063
1418,2013-07-08,35.796119689941406,36.54399852464454,35.626147646671306,36.54399852464454,5074736
1419,2013-07-09,37.34287643432617,37.39386713659819,35.98309747747691,36.13607188968685,5626482
1420,2013-07-10,36.764984130859375,37.76782165434991,36.66300268576763,37.54685647739657,6811029
1421,2013-07-11,37.51285171508789,37.86979127222184,37.10491684054493,37.376872655108876,5779104
1422,2013-07-12,37.4958610534668,37.648835507318665,36.73098647881292,37.631837833469675,3580274
1423,2013-07-15,37.41086196899414,37.71681077021426,37.0709178319079,37.376866633128024,2918182
1424,2013-07-16,37.46186828613281,37.699828820225775,36.81597507853839,36.81597507853839,2477162
1425,2013-07-17,37.69982147216797,38.141749409572995,37.32588422159005,37.42786794643648,9890923
1426,2013-07-18,37.73381805419922,37.97177854972247,37.47885988641123,37.580843614605286,5820812
1427,2013-07-19,37.85279083251953,38.00576523726883,37.5978327228061,38.00576523726883,4552788
1428,2013-07-22,37.78480911254883,38.005774243230626,37.495857902972475,37.63183467155025,2515956
1429,2013-07-23,37.44485855102539,38.15874222877421,37.12191205124148,38.15874222877421,5415186
1430,2013-07-24,37.39386749267578,37.6148302784838,36.96893728504964,37.08791866534253,2594203
1431,2013-07-25,37.44485855102539,37.98877014410963,36.13607257695054,37.59783527153867,4206471
1432,2013-07-26,36.832969665527344,37.64883494412912,36.7309859293535,37.56384888155,5399927
1433,2013-07-29,36.74798583984375,37.27489761559249,36.49302763658676,37.12192315471722,2056881
1434,2013-07-30,35.88112258911133,36.78197622541669,35.5751736894722,36.74798318400927,1322467
1435,2013-07-31,34.36836624145508,35.69414999632508,33.399524355411394,35.388198835019324,6050144
1436,2013-08-01,34.96327209472656,35.33721167203282,33.65448587954903,34.26638595814365,4448345
1437,2013-08-02,31.053903579711914,34.113400697088615,29.422171322698944,33.65447520732466,31014744
1438,2013-08-05,31.716798782348633,32.22671504288059,29.813110487538392,31.257873225712277,15799229
1439,2013-08-06,31.801790237426758,32.4646810278425,31.427852965974107,31.61482044900325,14382559
1440,2013-08-07,31.716798782348633,32.27770805217017,31.461840652082653,31.95475924285142,5717703
1441,2013-08-08,32.6346435546875,32.97458768633861,31.78478322555973,31.8867669261338,6778874
1442,2013-08-12,32.32870864868164,33.11058094849645,32.158736509826014,32.80462971531952,9452703
1443,2013-08-13,32.685638427734375,32.80461749738327,31.954757119631928,32.277705907492496,2256717
1444,2013-08-14,33.00859069824219,33.36553258056611,32.48167671056347,32.63465114430394,9066232
1445,2013-08-16,33.31453323364258,33.67147504812271,32.46467286840122,33.008584424313206,16654810
1446,2013-08-19,32.804622650146484,33.212557539858274,32.20972029227667,33.00859009500238,5042098
1447,2013-08-20,32.787628173828125,32.97459564705894,32.243716509717835,32.80462354019875,5439143
1448,2013-08-21,33.178565979003906,33.60349628305952,32.855619409000525,32.95760314305276,17512680
1449,2013-08-22,33.348533630371094,33.56949643670294,32.65164756405615,32.97459409076967,11299648
1450,2013-08-23,33.24654769897461,33.382526752238455,32.83861514997103,33.24654769897461,19297499
1451,2013-08-26,33.297542572021484,33.46751466906857,33.04258442645086,33.212556523497945,24410353
1452,2013-08-27,32.53267288208008,35.09925238305382,32.22672167951819,33.314542798262295,13466053
1453,2013-08-28,31.90377426147461,32.906609292651936,31.325869523626185,32.294709209179445,11398478
1454,2013-08-29,33.07658386230469,33.48451651306597,31.869781278698547,31.869781278698547,15533827
1455,2013-08-30,33.195552825927734,33.43351325751215,31.886766994122894,32.940594726645784,8242572
1456,2013-09-02,33.654483795166016,33.824455900615426,33.04258605986352,33.21255816531293,15403306
1457,2013-09-03,32.51567459106445,33.994432945199776,32.00575823521012,33.82445852118727,4877060
1458,2013-09-04,32.75362777709961,32.940597526879145,32.005751083375344,32.15872549486992,4850453
1459,2013-09-05,33.094207763671875,34.55626956531105,32.681388447398945,33.55862599498204,9746210
1460,2013-09-06,34.040252685546875,34.53907337649369,32.71579557541386,33.00820891131281,7041237
1461,2013-09-10,35.17549514770508,35.622712171873324,34.143449221092155,34.143449221092155,8723482
1462,2013-09-11,34.05745315551758,35.399111525119,33.73063974485769,35.05509691747736,5150080
1463,2013-09-12,34.05745315551758,34.62507865792531,33.79944219978635,34.2294604593384,5409563
1464,2013-09-13,34.31546401977539,34.470270115677025,33.868244594838735,33.88544345760698,6331674
1465,2013-09-16,35.27870559692383,35.76032744902769,34.12625805727915,34.31546655871286,14084730
1466,2013-09-17,34.93468475341797,35.27869930081161,33.90264111123704,35.10669202711479,5923058
1467,2013-09-18,34.5390739440918,34.91749093406231,34.02305204849472,34.573476336997594,4635243
1468,2013-09-19,34.5390739440918,35.8291286830845,34.14345575766839,35.364708043847806,10203659
1469,2013-09-20,34.95187759399414,35.27869086931112,34.573463082099835,34.659466698393636,15290056
1470,2013-09-23,34.14345169067383,34.71107710801694,34.005846801438054,34.435864996547366,3730187
1471,2013-09-24,34.109046936035156,34.34985662552306,33.73063004327008,33.90263729761826,8304198
1472,2013-09-25,34.573463439941406,34.69386710420049,33.78222969524949,34.05743940384022,5150528
1473,2013-09-26,34.1606559753418,34.487471699587914,33.902645034935844,34.40146805278593,6791644
1474,2013-09-27,34.040252685546875,34.53907337649369,33.902645449183375,34.16065639274189,4575709
1475,2013-09-30,33.73063278198242,34.040247264746476,33.28341341776626,33.78223636227538,5763141
1476,2013-10-01,34.05745315551758,34.1262579434446,33.67903848691079,33.79944219978635,4024187
1477,2013-10-03,34.3670654296875,34.487471467599626,33.919846002725876,34.40146782137617,11166670
1478,2013-10-04,33.696231842041016,34.22945249339473,33.610228210145536,34.22945249339473,16408671
1479,2013-10-07,33.73063278198242,33.78223636227538,33.21461097704021,33.558625513668346,3643908
1480,2013-10-08,33.79943084716797,33.98863928441885,33.610224742914674,33.91983685259969,7001377
1481,2013-10-09,34.07465362548828,34.19505966879324,33.541430528420825,33.541430528420825,5815351
1482,2013-10-10,34.14345169067383,34.24665652409966,33.79943713458637,34.07464924605594,4045318
1483,2013-10-11,34.040252685546875,34.36706608078801,33.937047841523814,34.24666004059473,2594571
1484,2013-10-14,34.24665832519531,34.36706435935751,33.81664010747054,34.057449842796785,3588795
1485,2013-10-15,34.040252685546875,34.45306972864085,33.79944060516032,34.28106243293517,6566169
1486,2013-10-17,33.575828552246094,34.33266010781981,33.38662008010316,33.971444357910215,7117518
1487,2013-10-18,34.229454040527344,34.40146364509077,33.386618876456,33.88543949739635,15690831
1488,2013-10-21,34.229454040527344,34.384262451334635,34.07464796271798,34.229454040527344,2023039
1489,2013-10-22,35.072288513183594,35.63991152720233,34.16064865270179,34.16064865270179,9232804
1490,2013-10-23,34.60786437988281,35.53670300283368,34.504659569999944,35.39909814498818,3579487
1491,2013-10-24,34.05745315551758,34.934690871603436,33.78224333580296,34.74548470379923,7207079
1492,2013-10-25,34.470272064208984,34.65948056233908,33.81664291912307,34.263862369340096,5281406
1493,2013-10-28,33.97144317626953,34.71107584473809,33.81663709826381,34.504666185398506,5287076
1494,2013-10-29,34.5390739440918,34.728282439077056,33.71343751133749,33.91984720277564,7086272
1495,2013-10-30,34.45306396484375,34.65947361835874,34.401462717963945,34.62507123177362,3289474
1496,2013-10-31,34.84868621826172,35.26150560196738,34.00585092035956,34.728282508846156,8249061
1497,2013-11-01,33.67903137207031,35.05508951193867,33.57582654498061,34.848679857759265,9616570
1498,2013-11-05,32.73299789428711,33.73063931039865,32.52658819916139,33.62743446283579,17767298
1499,2013-11-06,33.11140823364258,33.283415512783606,32.784594869874226,32.784594869874226,9564186
1500,2013-11-07,32.69858932495117,33.11140630423512,32.52658205583303,32.99100261565116,9949028
1501,2013-11-08,33.04261016845703,33.18021740980882,32.21697605233966,32.42338341486983,6427427
1502,2013-11-11,33.00820541381836,33.16301149695082,32.406179942638104,32.99100421947075,7123880
1503,2013-11-12,32.801795959472656,33.09420926627635,32.612587486423095,33.00820562698092,5714533
1504,2013-11-13,33.025394439697266,33.1113980528241,32.52657395016107,32.62977875251274,4914428
1505,2013-11-14,33.025394439697266,33.26620642285026,32.93939082657043,33.05979681814693,2329910
1506,2013-11-18,33.14580154418945,33.26620753980875,32.92219307575064,33.12860035438707,4220710
1507,2013-11-19,32.69858932495117,33.145808691257905,32.45777961478536,32.8877977875807,6280476
1508,2013-11-20,32.251365661621094,32.836192165101494,32.18256322974034,32.543778913361294,5017948
1509,2013-11-21,32.1309700012207,32.406182130367895,31.89016026309122,32.33737734833247,4281191
1510,2013-11-22,32.30297088623047,32.40617570582503,32.062161195841654,32.062161195841654,7516975
1511,2013-11-25,32.388980865478516,32.54378695873027,32.23417477222676,32.23417477222676,8325845
1512,2013-11-26,32.423377990722656,32.56098520905397,32.113765832223635,32.25137071755699,7679212
1513,2013-11-27,31.700942993164062,32.57818039102403,31.597738181710387,32.25136476592113,4670852
1514,2013-11-28,32.57817840576172,32.68138087792888,31.528933830417433,31.73534110774913,21937834
1515,2013-11-29,32.715797424316406,32.88780472974292,32.130973052465954,32.45778646617664,19972565
1516,2013-12-02,32.199771881103516,32.57818884361688,31.683750022947912,31.683750022947912,12138526
1517,2013-12-03,32.251365661621094,32.33736928472143,32.06215955719841,32.16536203852075,10819239
1518,2013-12-04,32.88780212402344,32.99100696570204,32.09656811515175,32.19977295683035,21813713
1519,2013-12-05,33.128604888916016,33.24901090101607,32.73298913429763,33.197407324545594,14177075
1520,2013-12-06,34.040252685546875,34.36706608078801,33.00820891131281,33.00820891131281,25973812
1521,2013-12-09,34.84868621826172,35.0378947136271,33.885444877945694,34.22945947570154,30640399
1522,2013-12-10,33.85103988647461,34.91748591735483,33.36941811998117,34.84868114142865,28724268
1523,2013-12-11,33.71343231201172,33.88543958401691,33.42102134940165,33.54142504000652,7491141
1524,2013-12-12,33.696231842041016,33.782235473936495,33.50702338527139,33.610228210145536,9916532
1525,2013-12-13,33.54142379760742,33.76503464273022,33.38661772513647,33.43822130462535,12252500
1526,2013-12-16,34.05745315551758,34.19506039837326,33.30062148530564,33.3694239402343,21800566
1527,2013-12-17,33.954254150390625,34.14346033775818,33.661840770461225,33.85104929082739,18137305
1528,2013-12-18,34.401466369628906,34.9862906726691,32.595387542154874,32.68139118474897,156704650
1529,2013-12-19,34.14345169067383,34.74547949682489,33.11140802241147,33.54142621752078,508752991
1530,2013-12-20,34.19506072998047,34.48747408251089,33.79944252755705,33.988651030194475,55032517
1531,2013-12-23,34.298255920410156,34.3670583566291,33.90263782940518,34.05744389414724,27772323
1532,2013-12-24,33.90263366699219,34.29825170942495,33.868233619605064,34.22944694865581,16656973
1533,2013-12-26,34.05745315551758,34.26386285330191,33.48982998610822,33.74784094183945,58569185
1534,2013-12-27,34.33265686035156,34.43586168384919,33.78223502336052,34.05744477535714,17259233
1535,2013-12-30,34.05745315551758,34.47027255108624,33.91984824566027,34.19506039837326,10546799
1536,2013-12-31,34.3670654296875,34.40146782137617,34.00584964894933,34.09185329517279,12881038
1537,2014-01-01,34.229454040527344,34.3670612575785,34.109050350230255,34.34986006382236,3186233
1538,2014-01-02,35.055084228515625,35.227091470074626,34.40145764379043,34.43585769230371,29730385
1539,2014-01-03,34.64227294921875,35.3475032209012,34.45306448613352,35.055089929496944,10720086
1540,2014-01-06,34.3670654296875,34.74548240627,34.09185329517279,34.74548240627,6603244
1541,2014-01-07,33.988643646240234,34.401462956128185,33.902640012179894,34.36706056930489,12753362
1542,2014-01-08,33.97144317626953,34.22945408394504,33.88543954037769,33.902640734155646,10653844
1543,2014-01-09,34.0058479309082,34.22945646659277,33.88544189907922,33.97144554095761,12969982
1544,2014-01-10,33.524227142333984,34.22945511141768,33.214612644030844,34.22945511141768,21668655
1545,2014-01-13,33.71343231201172,33.851039529414635,33.300615325798844,33.300615325798844,11775173
1546,2014-01-14,33.524227142333984,33.88544055752397,33.42102230956627,33.67903322498655,6262293
1547,2014-01-15,33.54142379760742,34.22945286014309,33.40381891829943,33.55862499077038,8229009
1548,2014-01-16,33.79943084716797,33.937038043803874,33.59302355171049,33.67902717473384,15169976
1549,2014-01-17,33.45541763305664,33.79943213829123,33.26621152157576,33.713428511982585,11229974
1550,2014-01-20,33.88543701171875,34.02304421867568,33.36941523487521,33.36941523487521,13050752
1551,2014-01-21,33.66183090209961,33.97144305702426,33.61022965394481,33.76503573140714,11629511
1552,2014-01-22,33.747840881347656,34.02305303356734,33.661837229591406,33.67903842654233,12315468
1553,2014-01-23,33.73063278198242,33.86823999643241,33.57582670709933,33.71343158855144,5617086
1554,2014-01-24,33.747840881347656,33.95425057876201,33.627434835689556,33.644636032640484,11973294
1555,2014-01-27,33.21461486816406,34.0230500571483,32.97380513091285,33.50702819175363,12637443
1556,2014-01-28,33.23180389404297,33.36940874122438,33.12859909215825,33.21460270489596,7516995
1557,2014-01-29,32.92219924926758,33.352217409976504,32.818994424097866,33.26621377783472,5177129
1558,2014-01-30,32.88780212402344,33.12861186594137,32.68139244066623,32.92220451558237,28308126
1559,2014-01-31,32.8533935546875,33.0254008141414,32.750191065413375,33.0254008141414,15088682
1560,2014-02-03,32.75019454956055,33.249015188444595,32.664190910684056,32.73299335518564,4482727
1561,2014-02-04,32.801795959472656,33.09420926627635,32.612587486423095,32.69859112571853,8237100
1562,2014-02-05,33.28341293334961,33.317815319710874,32.578185009924326,32.578185009924326,8121381
1563,2014-02-06,33.094207763671875,33.197410259742185,32.767392082789485,33.025402988961105,8396200
1564,2014-02-07,33.54142379760742,33.661829816750306,32.95659956105167,33.09420677335751,6497909
1565,2014-02-10,33.369422912597656,33.713437509645104,33.26622039988206,33.48982895476358,3792896
1566,2014-02-11,32.88780212402344,33.507028841096854,32.8533997324645,33.40382399941825,5013980
1567,2014-02-12,32.92219924926758,33.14580775963709,32.801793231069944,32.99100168838144,5538187
1568,2014-02-13,32.681392669677734,32.99100719688314,32.64699261087595,32.87060115858134,6549052
1569,2014-02-14,32.767398834228516,32.80180122867222,32.66419631689422,32.75019997000507,14754417
1570,2014-02-17,32.870582580566406,32.97378736463824,32.715776570957104,32.715776570957104,4752663
1571,2014-02-18,32.93940734863281,33.05981340060373,32.853403692367436,32.905007285925755,4866082
1572,2014-02-19,32.64699172973633,32.97380511102285,32.52658569468427,32.87060027140654,2804777
1573,2014-02-20,32.715797424316406,32.905005926885245,32.42338407189199,32.5437901188899,5141168
1574,2014-02-21,32.784584045410156,32.922191223088134,32.7157816230698,32.76738285657575,4456386
1575,2014-02-24,32.69858932495117,32.767391765998845,32.35457478671489,32.767391765998845,5118446
1576,2014-02-25,32.784584045410156,32.88778884541932,32.64697920072945,32.7157816230698,4052135
1577,2014-02-26,32.75019454956055,33.09420910506651,32.62978852193425,32.85339704981392,21051173
1578,2014-02-28,32.50938034057617,32.818994819818535,32.079362174682224,32.698588800169084,27401493
1579,2014-03-03,32.57817840576172,32.78458568309342,32.28576517996176,32.37176879543264,15373777
1580,2014-03-04,33.5266227722168,33.6835331304413,32.74206861638389,32.84667631010369,9410466
1581,2014-03-05,33.59635543823242,33.700963116358295,33.265099761425525,33.544052781524506,5385763
1582,2014-03-06,34.0322265625,34.276309624042916,33.52662542829456,33.59636310806245,7952223
1583,2014-03-07,34.5203971862793,34.67730994210322,33.910188270509025,33.910188270509025,13092149
1584,2014-03-10,34.48551559448242,34.62499091586448,34.06708726562631,34.4332105754317,11546535
1585,2014-03-11,34.46809005737305,34.55526274836282,34.224006995543796,34.31117968653357,7773473
1586,2014-03-12,34.34604263305664,34.433215312089445,34.101959604706835,34.293739971521056,15253272
1587,2014-03-13,34.450653076171875,34.8690838607633,34.20657002830052,34.36348039016707,12326297
1588,2014-03-14,34.29374694824219,34.86908816573231,34.171704226883776,34.276311935946595,11859122
1589,2014-03-18,35.37468338012695,35.549028744317326,34.34604383963545,34.34604383963545,15512927
1590,2014-03-19,35.67107009887695,36.07206586678995,35.33981437039955,35.33981437039955,12921191
1591,2014-03-20,34.625003814697266,35.63620854790548,34.5203961023363,35.46186314887415,6054665
1592,2014-03-21,35.16547393798828,35.862855512563826,34.71217544157203,34.799348138393974,21508819
1593,2014-03-24,35.984893798828125,36.333584543139445,35.217774634285306,35.217774634285306,9956813
1594,2014-03-25,36.82175064086914,36.943793347267516,35.77567840789035,35.77567840789035,14139614
1595,2014-03-26,36.26384735107422,37.135574223483644,36.12436963266242,36.96122884900176,6805235
1596,2014-03-27,36.78688430786133,37.10070504315358,36.263848172567215,36.263848172567215,20892387
1597,2014-03-28,37.46683120727539,37.74578428865957,36.54279927298471,36.73457966423074,6967406
1598,2014-03-31,36.61254119873047,37.763221240640505,36.455628456648114,37.379660438433596,6602071
1599,2014-04-01,37.658599853515625,38.16420082568737,36.64739554446231,36.78687322400923,13292951
1600,2014-04-02,37.7980842590332,38.04216966576695,37.397090858902715,37.710911575116974,8823613
1601,2014-04-03,37.90269088745117,38.21651395955608,37.275047107951664,37.693477870758215,6355761
1602,2014-04-04,37.170440673828125,37.92012717860838,37.08326798941487,37.92012717860838,7240495
1603,2014-04-07,37.275047302246094,37.74578073050198,36.8914865559109,37.20530962965161,6247841
1604,2014-04-09,37.22275161743164,37.44939968703288,36.80432077399738,37.32735932829021,6654828
1605,2014-04-10,37.5888786315918,37.7283540074136,37.030972398882874,37.275055488926455,9464658
1606,2014-04-11,37.536563873291016,37.64117156042815,37.36221851629922,37.37965352494045,6290384
1607,2014-04-15,37.60630798339844,37.728348327692544,37.24018222109514,37.3970925864507,9004170
1608,2014-04-16,37.55400466918945,37.728350053048736,36.85662313375233,37.57143968051751,10220793
1609,2014-04-17,37.37965774536133,37.484265444309386,37.01353198139838,37.46683043369962,10918544
1610,2014-04-21,36.94379806518555,37.728352340111364,36.87406038035652,37.24018618159738,4950498
1611,2014-04-22,36.94379806518555,37.13557847199846,36.385891857131774,37.03097076239953,8749084
1612,2014-04-23,36.82175064086914,37.292484091593785,36.68227528902282,36.926358337109114,11101407
1613,2014-04-24,36.82175064086914,36.82175064086914,36.82175064086914,36.82175064086914,0
1614,2014-04-25,36.78688430786133,37.06583502158309,36.47306120785854,36.752014286290844,5635586
1615,2014-04-28,36.996089935302734,37.13556762894607,36.5427915692045,36.699704270142014,4189566
1616,2014-04-29,36.82175064086914,37.44939445359851,36.66484027886441,37.24018142582902,8984063
1617,2014-04-30,36.89148712158203,37.623738606827885,36.577666407739734,36.87405447669886,9560866
1618,2014-05-02,36.455623626708984,37.11813743686288,36.298713270126086,36.82174936854267,2642603
1619,2014-05-05,36.64739990234375,36.821745248977095,36.246406550971095,36.368446874788376,1955739
1620,2014-05-06,35.74081802368164,36.66484773825405,35.56647261604828,36.57767503443738,4306301
1621,2014-05-07,35.74081802368164,36.141811515353986,35.56647261604828,35.810555713792795,6851875
1622,2014-05-08,36.10694885253906,36.507944790711946,35.74082531360095,36.05464616546545,6511390
1623,2014-05-09,37.25761795043945,37.39709330795519,36.10693560973717,36.19410829936214,19808139
1624,2014-05-12,38.879024505615234,39.40206058247767,37.11813590723632,37.11813590723632,8560913
1625,2014-05-13,39.34976577758789,40.20405536938567,39.088247686939724,39.192853031430396,14210275
1626,2014-05-14,39.05337905883789,39.7507606588378,38.87903365883792,39.38463484589568,8786547
1627,2014-05-15,39.90766143798828,40.30865479180268,37.7457772348025,38.896457002531356,17562208
1628,2014-05-16,41.66855239868164,43.812999478571676,40.81425820396263,40.81425820396263,35379329
1629,2014-05-19,42.6274528503418,43.65609243540197,41.94750400877037,41.94750400877037,25035487
1630,2014-05-20,43.551483154296875,44.492950070337606,42.87153902997499,43.22022977970549,22538200
1631,2014-05-21,43.394569396972656,43.882735435941214,42.88896598517859,43.23765668864475,10213784
1632,2014-05-22,43.72582244873047,44.266295873308096,42.94126837093548,43.272526428883715,17055437
1633,2014-05-23,45.62618637084961,46.02717971125558,41.86032414890903,43.93503560887306,22941667
1634,2014-05-26,44.68472671508789,47.003518938095965,42.88896581579305,45.922576815735866,23747350
1635,2014-05-27,44.24885940551758,44.8067654847988,43.23765729711934,43.795563376400565,11091241
1636,2014-05-28,43.5340461730957,44.28373026447229,43.342268171611174,44.28373026447229,13246147
1637,2014-05-29,43.60378646850586,44.2837305291776,43.37713371886141,43.882737150409056,14803509
1638,2014-05-30,42.5402717590332,44.10937979469607,41.89519306515447,43.76068912010432,69911271
1639,2014-06-02,43.65610122680664,44.05709471668604,42.610028785683774,42.644898812938905,13367356
1640,2014-06-03,43.673526763916016,44.126827585573416,43.0807553147932,43.58635407468433,18372713
1641,2014-06-04,43.324825286865234,43.90016394755061,43.167917322725536,43.673515957513324,23251745
1642,2014-06-05,44.24885940551758,44.8067654847988,43.760693359679166,43.83043339312197,19424103
1643,2014-06-06,44.667293548583984,44.77190360671387,43.952479433756594,44.59755350983073,14951210
1644,2014-06-09,47.892696380615234,49.72332325628618,44.68474355042608,44.92882429619561,41900147
1645,2014-06-10,47.40450668334961,49.1653926285096,46.89890333345389,48.60749135480093,22963428
1646,2014-06-11,46.637386322021484,47.82293837721957,45.87026968977435,47.4045076836885,14529763
1647,2014-06-12,47.57884979248047,47.96241044731316,46.09691455336019,46.58508050977473,15766959
1648,2014-06-13,46.5153694152832,48.29368884375308,45.32981682374061,47.8752626903457,10439654
1649,2014-06-16,45.957454681396484,46.37588075771863,45.20777048974249,46.37588075771863,11540459
1650,2014-06-17,46.55022430419922,47.00352511412868,45.69593480948381,45.69593480948381,16756330
1651,2014-06-18,46.707149505615234,47.59630925845445,45.85285505334053,46.72458215589749,13262126
1652,2014-06-19,45.74824523925781,47.07326841438586,45.57389983571876,46.724577607307765,4904553
1653,2014-06-20,46.13180160522461,46.497925025430135,45.55646277514966,45.99232624178543,9100975
1654,2014-06-23,45.817970275878906,46.55021694721607,45.59131754202481,46.02718090802084,9955400
1655,2014-06-24,46.16667175292969,46.56766519743162,45.992326365805255,46.358449786998044,10866416
1656,2014-06-25,46.16667175292969,46.46305512750418,45.81798097868082,46.027191659693095,14393130
1657,2014-06-26,46.21895980834961,46.550213101488104,45.8877017857913,46.39330514034455,19577916
1658,2014-06-27,47.613746643066406,47.91013480385076,45.852855058066524,46.375891319654606,21315448
1659,2014-06-30,48.53776168823242,48.886452423416486,47.87525023726684,48.04959560485888,33365772
1660,2014-07-01,48.816715240478516,49.3920587707275,48.27624646109311,48.816715240478516,17681327
1661,2014-07-02,49.27001190185547,49.775615346545,49.0259265017804,49.0259265017804,15633096
1662,2014-07-03,48.991058349609375,49.51409445876347,48.52032963490735,49.42692177390446,10773481
1663,2014-07-04,50.28123092651367,51.01348264292094,48.65981945195474,48.956207614479375,11771805
1664,2014-07-07,50.926292419433594,51.240113124426884,50.22891097303935,50.73451441344342,13259170
1665,2014-07-08,48.03216552734375,51.04834462843108,47.4219566480706,50.90886925905295,14948074
1666,2014-07-09,47.49169158935547,48.60750388320891,46.65483473367588,48.11933304875991,8629784
1667,2014-07-10,47.96242904663086,48.72954592435642,45.329810822111284,47.770646280133434,17933570
1668,2014-07-11,46.271263122558594,48.41570979082305,45.57388178462414,47.87524114569181,11319671
1669,2014-07-14,46.707149505615234,47.66604931842789,45.94002776359622,46.271285954336754,7915363
1670,2014-07-15,47.12557601928711,47.38709412570723,46.410757024085704,46.881490561526284,9737615
1671,2014-07-16,47.509124755859375,47.84038286437764,46.480489867815116,47.195304022717416,6411041
1672,2014-07-17,48.36341094970703,48.60749632899761,47.317338860324945,47.439381549970236,8924449
1673,2014-07-18,47.80552673339844,48.17165496963032,47.38710054410512,48.06704487524018,5148178
1674,2014-07-21,47.73577880859375,48.11933486525284,47.56143342668646,47.805514123703965,4656631
1675,2014-07-22,47.334781646728516,48.04960056530331,46.9512255819659,47.77064511070537,6944595
1676,2014-07-23,47.52655029296875,48.18906161556098,47.142989612703815,47.57885294722763,7269605
1677,2014-07-24,46.951229095458984,47.596303286880435,46.72457629369294,47.49169793946658,5942240
1678,2014-07-25,47.0035285949707,47.28247932218423,46.06206161413776,46.89891852519965,8230977
1679,2014-07-28,46.44562530517578,47.2824822683827,46.096934509721095,47.07326684522557,5386124
1680,2014-07-30,46.96865463256836,47.40451806317302,46.375878475177664,46.375878475177664,8577572
1681,2014-07-31,46.41074752807617,46.951221008412304,46.16666684967798,46.79430828489711,19081582
1682,2014-08-01,45.26007080078125,46.37587834227909,45.068288054212246,46.37587834227909,10682255
1683,2014-08-04,46.18409729003906,46.96865141132043,44.754464389820015,45.67849385344506,23311942
1684,2014-08-05,46.18409729003906,46.74200338883437,45.67849385344506,46.375875294584056,16126934
1685,2014-08-06,46.74201202392578,47.038400137048534,45.80054501269386,45.97489040518707,9867110
1686,2014-08-07,46.8989143371582,47.543993156833345,46.67226630035906,46.98608702280563,11406313
1687,2014-08-08,45.992313385009766,46.77686740563847,45.486710013281055,46.6373873517685,5755079
1688,2014-08-11,46.00975799560547,46.654836859589295,45.32980910908338,46.654836859589295,7165189
1689,2014-08-12,46.114349365234375,46.341002078366834,45.71335605106272,46.062046711980635,4457748
1690,2014-08-13,46.13180160522461,46.811745775523626,45.62619809215861,46.02719153557925,7838517
1691,2014-08-14,46.44562530517578,46.72457604977089,46.21897723401455,46.550230652043545,4598772
1692,2014-08-18,47.0035285949707,47.17787398183448,46.14923430756965,46.236407001001545,5649943
1693,2014-08-19,47.613746643066406,48.08448022438012,46.51537143961587,47.10814303176237,7522151
1694,2014-08-20,47.80552673339844,47.97987216129293,47.526575940536226,47.666051336967335,11632976
1695,2014-08-21,47.57884979248047,47.80549776552084,47.28246179877251,47.666022453605194,5097954
1696,2014-08-22,46.77687454223633,47.73577404707875,46.68970185997793,47.59629397192875,3969492
1697,2014-08-25,46.18409729003906,46.898911375438296,46.027184574014555,46.79430605103568,7109144
1698,2014-08-26,45.67848587036133,46.3758671896212,45.46927525811917,46.00974388877766,7855848
1699,2014-08-27,45.15546798706055,46.09693503733258,44.58012911385948,45.573898838164034,14179712
1700,2014-08-28,45.05085372924805,45.43441447866549,44.44064495089962,45.17289643080188,24486863
1701,2014-09-01,46.16667175292969,46.306147116744974,44.35347783506705,44.632428562697626,7250215
1702,2014-09-02,46.201534271240234,46.46305233621607,45.76567082961384,45.95745358158207,8985537
1703,2014-09-03,46.2887077331543,46.55022580250069,45.81797899186766,46.428187820342586,8220774
1704,2014-09-04,47.24307632446289,47.366330587694314,45.975277928820795,46.52113324945174,8542895
1705,2014-09-05,47.34872817993164,47.71850055381618,46.838085590703585,47.419163287603396,5566453
1706,2014-09-08,46.87329864501953,47.788931074073474,46.397873655264945,47.542412997443265,6820385
1707,2014-09-09,47.207862854003906,47.54241767485238,47.014168695721956,47.049386249642026,6490318
1708,2014-09-10,47.94741439819336,48.1058862326684,47.1022121747648,47.1022121747648,5594235
1709,2014-09-11,48.546085357666016,48.66934439202867,47.64806412091408,48.08827154609763,6309287
1710,2014-09-12,47.59524917602539,48.56370569437226,47.41916617268959,48.35240513505787,7528757
1711,2014-09-15,48.15870666503906,48.352400817346485,47.13742629219989,47.20786139786745,3929071
1712,2014-09-16,47.8769645690918,48.52847242579985,47.366322114131414,47.98261242626364,6434969
1713,2014-09-17,47.94741439819336,48.1058862326684,47.11982334074453,48.07066867726603,5122756
1714,2014-09-18,48.08828353881836,48.56370863189395,47.59525205496708,47.824159017838305,16935401
1715,2014-09-19,48.19392776489258,49.003912433456534,47.80654420832348,47.80654420832348,17128011
1716,2014-09-22,48.24675369262695,48.38762392011953,47.700898279043706,48.176323355437944,7010679
1717,2014-09-23,48.07066345214844,48.73978260239125,47.806538980175716,48.42282941477873,10349414
1718,2014-09-24,47.84174728393555,48.387607286431646,47.665664336657244,47.92978875757469,6457902
1719,2014-09-25,47.89458084106445,48.26435797061863,47.630456367050016,47.89458084106445,16106351
1720,2014-09-26,48.24675369262695,48.38762392011953,47.56003282810841,47.912198843725285,5236288
1721,2014-09-29,49.14476013183594,49.338449451898384,48.07065135028813,48.24673428727413,8073293
1722,2014-09-30,47.63044357299805,48.968676747807926,47.22545377693854,48.93345920542116,12952693
1723,2014-10-01,47.8769645690918,48.59890273839588,47.43675720328306,47.8945709531019,7924373
1724,2014-10-07,48.33479690551758,48.51087991955183,47.52481695158299,47.8769829796515,8847590
1725,2014-10-08,48.56370544433594,48.88065389339709,48.176321883680245,48.246752218717646,4593053
1726,2014-10-09,48.61652755737305,48.91586960553178,48.352403063684214,48.65174511184295,9248781
1727,2014-10-10,47.91219711303711,48.5460940076269,47.78893805671211,48.42283495130191,11619666
1728,2014-10-13,47.489593505859375,48.01784248247155,47.38394562115969,47.489593505859375,10406480
1729,2014-10-14,47.91219711303711,48.123497670086074,47.31351299749121,47.59524866574221,14165351
1730,2014-10-15,47.91219711303711,47.9121971130371,47.9121971130371,47.9121971130371,0
1731,2014-10-16,47.17264938354492,47.94741653062604,46.66200674889273,47.894587806894414,11263977
1732,2014-10-17,47.22547149658203,47.718502945322946,47.01417093953389,47.524813554353806,5532569
1733,2014-10-20,47.57763671875,48.07066815940051,47.01417016805355,47.01417016805355,7878465
1734,2014-10-21,49.28564453125,49.60259298473285,47.59524959496998,47.80654537958708,6706899
1735,2014-10-22,49.2327995300293,49.83147862467328,48.933457594429726,49.65539569509179,11612786
1736,2014-10-27,50.025184631347656,51.204941495924736,49.35607029483651,49.62019475213483,11023074
1737,2014-10-28,50.18366622924805,50.32453166523375,49.232816177370175,49.91953696900928,7011349
1738,2014-10-29,50.20126724243164,50.71190976683113,49.30324122813146,50.50060924719836,13392055
1739,2014-10-30,50.870391845703125,51.134516354436066,49.86671775720647,50.007583206552596,15543181
1740,2014-10-31,51.345802307128906,51.53949164779905,50.659076869196795,50.87037737137251,12145111
1741,2014-11-03,51.011253356933594,52.82491199812951,50.90560547221943,51.59233105253214,13632949
1742,2014-11-05,50.16605758666992,51.38103218331673,50.02519214360173,50.95843107755514,5298871
1743,2014-11-07,51.02886199951172,51.240162535051425,50.042794425845315,50.042794425845315,4488647
1744,2014-11-10,52.15579605102539,52.61361472523369,50.27171173822042,51.064085252540806,10354057
1745,2014-11-11,51.997314453125,53.141853758956316,51.73318999793315,52.47273942778157,8362310
1746,2014-11-12,50.34214401245117,51.9797150498051,50.02519554982741,51.75080809216334,6309241
1747,2014-11-13,50.94081497192383,51.18732825613394,50.359742144753305,50.694296911157615,10971261
1748,2014-11-14,50.74713134765625,51.38103301657881,50.35975256707574,50.659089847241205,6123081
1749,2014-11-17,51.68036651611328,51.78601438849541,50.606257522965485,50.85277559393221,4923950
1750,2014-11-18,52.24382400512695,52.75446649256241,51.416237926019456,51.750792679377234,6475424
1751,2014-11-19,51.6451416015625,52.8248982988521,51.15211030649456,52.38469093244222,5431984
1752,2014-11-20,51.46906661987305,51.76840863066628,50.799952274695244,51.4866730066318,3590544
1753,2014-11-21,51.609928131103516,51.7684047061437,51.222544662771064,51.222544662771064,5424821
1754,2014-11-24,50.16605758666992,51.24016674024854,49.72585009173368,50.993648632461436,6633290
1755,2014-11-25,48.986305236816406,49.65541973789557,47.841765640358695,49.65541973789557,55543705
1756,2014-11-26,49.003902435302734,49.47932261860169,48.6165189577706,48.77499076001821,5741991
1757,2014-11-27,49.56737518310547,50.11323536148373,49.07434372717721,49.07434372717721,4482174
1758,2014-11-28,50.25410461425781,50.57105309016892,49.10956500150946,49.62020766243559,4619433
1759,2014-12-01,48.72216796875,50.32452585054557,48.52847861371886,49.98996629924863,2477146
1760,2014-12-02,48.61652755737305,49.02151749238453,48.51087489396333,48.59891639185962,2350906
1761,2014-12-03,48.31718826293945,48.968696339814485,48.21154037006555,48.598919161641355,8617759
1762,2014-12-04,48.07066345214844,48.493264517927415,47.788932592666825,48.281963985037926,4516507
1763,2014-12-05,48.15870666503906,48.66934923973702,47.89458218362083,48.00023484212217,5700055
1764,2014-12-08,47.84174728393555,48.70455563622145,47.70088188142403,48.15869563372535,3081176
1765,2014-12-09,47.524803161621094,48.19391746548723,47.40154413225089,47.68327973889079,4817465
1766,2014-12-10,48.33479690551758,48.52849108688973,47.29590998864995,47.40155788644752,3714413
1767,2014-12-11,47.8769645690918,48.59890273839588,47.45436358729316,48.56368997037568,3222482
1768,2014-12-12,47.47198486328125,48.01784020257375,47.03177740367226,47.92979871065195,4812683
1769,2014-12-15,47.34872817993164,47.612852668865415,46.820479202064085,47.102210079637366,2791969
1770,2014-12-16,46.85569381713867,47.48959064019935,46.53874540560833,47.03177679871737,4811157
1771,2014-12-17,46.13374328613281,47.31350002774642,45.64071197254145,46.697209691618276,6760384
1772,2014-12-18,46.345054626464844,46.96134510675792,45.62311626017286,46.503531232020116,5750448
1773,2014-12-19,47.82415008544922,47.94740912752961,45.95766761986925,46.71482825983883,4845177
1774,2014-12-22,48.19392776489258,48.334793210038505,47.454378207180135,47.85937292974066,3767407
1775,2014-12-23,48.96869659423828,49.21520993774393,48.05306400386395,48.17632306389541,6644017
1776,2014-12-24,48.00022506713867,48.933463756122805,47.22545816879951,48.933463756122805,8715919
1777,2014-12-26,48.281978607177734,49.215217735467064,48.070678010296106,48.77501014886285,2310253
1778,2014-12-29,48.24675369262695,49.03912722776493,48.1411057985648,48.59891970824383,1421574
1779,2014-12-30,48.47565841674805,48.77499566550663,48.3347882096186,48.59891268315142,2146065
1780,2014-12-31,48.59892272949219,49.356083531384705,48.40523331948473,48.70457540667973,3960548
1781,2015-01-01,48.281978607177734,48.66936223870104,48.21154825925587,48.59892711422116,778837
1782,2015-01-02,48.863040924072266,49.07434147450132,48.29957915833742,48.29957915833742,3612848
1783,2015-01-05,48.91585922241211,49.33845545667772,47.947402951122314,48.77498903443429,7291352
1784,2015-01-06,47.82415008544922,48.70456499094263,47.24307720313488,48.616523500393285,8288963
1785,2015-01-07,48.51087951660156,48.77500403545902,47.014173909742624,47.542422947457545,3256180
1786,2015-01-08,48.72216796875,48.915862100337364,47.982618544579445,48.59890893529554,2436600
1787,2015-01-09,48.757389068603516,49.12716141933958,48.22914012380539,48.70456512943502,2079643
1788,2015-01-12,48.07066345214844,49.02151346187286,47.71849748951814,48.45804696635307,3660975
1789,2015-01-13,47.84174728393555,48.528472688943154,47.630446791890456,48.08826532074742,2850708
1790,2015-01-14,47.91219711303711,48.21153917081005,47.471989609417214,47.82415561231313,3939014
1791,2015-01-15,50.34214401245117,50.606268527397205,48.07067127329237,48.07067127329237,6425406
1792,2015-01-16,51.89166259765625,52.4551290659826,49.58497756437331,50.289309455642154,8222495
1793,2015-01-19,52.0677490234375,52.43752615680987,50.8527792963597,51.82123571107925,5082702
1794,2015-01-20,51.909278869628906,52.82491137370351,51.69797832614141,52.47274539340995,6145107
1795,2015-01-21,51.73318862915039,52.13817849441787,51.43384663254186,51.87405404621436,2865190
1796,2015-01-22,52.24382400512695,53.317932911943196,51.64514481548655,51.803616611322575,7016755
1797,2015-01-23,52.66642761230469,52.824904192515696,51.83883671580885,52.40230316299046,4549463
1798,2015-01-27,52.807289123535156,53.17706619115447,51.83883288102463,52.20860994864395,6048058
1799,2015-01-28,52.631202697753906,53.423575934800056,52.472730916277975,52.98336858088553,5448999
1800,2015-01-29,52.40231704711914,52.80730702139287,51.97971590562464,52.77209424006618,6923717
1801,2015-01-30,52.12057113647461,53.000985947400395,51.41623928773398,52.296654098659765,3094145
1802,2015-02-02,52.0677490234375,52.36709105238942,51.41624580205331,51.85645326328947,2427202
1803,2015-02-03,51.8388557434082,52.61362298973295,51.59234236616518,52.43753995889168,1320013
1804,2015-02-04,51.50429153442383,52.56078952836747,51.38103247981899,51.94449903190034,1740828
1805,2015-02-05,50.588653564453125,51.733192935269756,50.25409399159181,51.50428601641774,2453418
1806,2015-02-06,50.51823043823242,51.064090671963925,49.866722302002,50.14845800292855,2422833
1807,2015-02-09,49.81388854980469,50.51822049870633,49.303245976228304,50.35974867613749,2511094
1808,2015-02-10,51.09930419921875,51.48668780828544,49.303256394678826,49.373691515075585,3982617
1809,2015-02-11,51.32819366455078,52.4199041207549,51.0640692425874,51.41623513853858,5670681
1810,2015-02-12,52.91295623779297,53.52924674254647,51.43385711576173,52.402313623231514,7776840
1811,2015-02-13,53.3531608581543,53.77575717264382,52.59600494853999,53.44120235407589,8270115
1812,2015-02-16,53.793365478515625,54.374438365401325,53.529241004789704,53.529241004789704,3789682
1813,2015-02-18,54.49770736694336,54.585748874273364,53.26512626432334,53.56446834455684,4034642
1814,2015-02-19,54.33920669555664,54.60333110065959,53.22988514943534,54.51528963229194,2708022
1815,2015-02-20,53.96944046020508,54.5152957143614,53.6348809324603,54.19834734818818,4586215
1816,2015-02-23,54.90269470214844,55.46616127724476,53.70533121541704,53.88141422159981,5857600
1817,2015-02-24,55.2020378112793,55.53659266341525,54.77943667783067,54.902695739799626,3786009
1818,2015-02-25,54.42726135253906,55.554194331341385,53.74054059880096,55.50137039283176,3842514
1819,2015-02-26,53.793365478515625,55.09637668296287,53.10663993620559,54.2687904865336,7368101
1820,2015-02-27,55.32527542114258,55.4661408188198,53.5644460087885,53.86378318764431,4870174
1821,2015-03-02,55.18441390991211,55.99439843268188,54.72660010145336,55.55419101048838,3288237
1822,2015-03-03,54.77942657470703,55.078768590978214,54.28639519431968,55.00833348954154,3773373
1823,2015-03-04,54.39204406738281,55.41332917416108,53.916623841914394,54.9907281109041,4927543
1824,2015-03-05,54.6385612487793,54.99072720349681,53.388374020154735,54.23357135616546,2511965
1825,2015-03-09,53.14932632446289,54.599657925746946,52.954766896229046,54.22822890706125,2904210
1826,2015-03-10,52.5302734375,53.18469176563812,51.89354014611134,53.14931689424533,4007085
1827,2015-03-11,52.31803894042969,53.06089218914509,52.158854387885405,52.8486477183843,3350372
1828,2015-03-12,52.93708801269531,53.90987087331087,52.37110429784902,52.37110429784902,4034334
1829,2015-03-13,51.85816955566406,53.202381194299164,51.64592990557443,53.14932128177675,3743353
1830,2015-03-16,51.91123580932617,52.247285130554516,51.486746900738964,51.486746900738964,1546607
1831,2015-03-17,52.22959518432617,52.707143962142695,51.66361162535452,52.03503578704851,4288235
1832,2015-03-18,51.8758544921875,52.44183803405699,51.61055015673872,52.17653369860821,3493449
1833,2015-03-19,51.68129348754883,52.795575499966255,51.292184312685094,51.87585287287435,2641643
1834,2015-03-20,52.42414474487305,53.00781808271133,51.150683059061265,51.64592162424447,3763675
1835,2015-03-23,52.77790069580078,53.73299846474633,52.54797117302352,52.88402533562529,4249360
1836,2015-03-24,52.335723876953125,53.36157135061747,52.17654412261865,52.70715289952307,5170910
1837,2015-03-25,51.82280731201172,52.54797075450949,51.71668267303242,52.26498131302133,6008163
1838,2015-03-26,51.32756423950195,52.88402042936956,50.95614002931215,51.96429762569176,11848617
1839,2015-03-27,51.20376968383789,51.62825389558886,50.65547097988651,51.32757458024721,3479176
1840,2015-03-30,51.29219055175781,51.50443020099308,50.79695190915756,51.309875589896,4359504
1841,2015-03-31,51.3806266784668,51.805110785903956,51.11532231210819,51.469061467253006,4797950
1842,2015-04-01,51.80510711669922,51.94660180915661,51.32755833149824,51.32755833149824,2808077
1843,2015-04-06,52.335723876953125,52.86633265385754,51.59287062970799,51.78743005997646,5315447
1844,2015-04-07,52.335723876953125,52.42415867310386,51.645935345714236,52.07041948850092,2457023
1845,2015-04-08,52.10579299926758,52.990140937569365,51.999673165829215,52.19422779309775,4009038
1846,2015-04-09,53.41462326049805,53.62686769901784,52.141161427273296,52.19422133742974,2422269
1847,2015-04-10,54.01597213745117,54.139781782150244,53.16699925620464,53.591488095774714,2200148
1848,2015-04-13,54.59965515136719,55.07719918300589,53.32619320524358,54.05135657009042,2208671
1849,2015-04-15,53.60917282104492,55.183313727612585,53.41461823614041,54.81188479566728,2330815
1850,2015-04-16,53.308509826660156,53.856808474363035,52.17654724688704,53.467694388421165,2492100
1851,2015-04-17,53.096248626708984,53.62685722038105,52.742504766367844,53.308488225863336,3666806
1852,2015-04-20,52.99013900756836,53.98061154112827,52.583339930344856,53.131633712964216,2278982
1853,2015-04-21,52.65407943725586,53.768361521979834,52.38877509287281,53.060883270291704,2312891
1854,2015-04-22,52.01735305786133,52.9017009086491,51.858168525561865,52.70714630063345,4849646
1855,2015-04-23,51.8758544921875,52.68945253507291,51.61055015673872,52.353403255574065,3515131
1856,2015-04-24,51.592864990234375,52.33571815628029,50.95613644670602,51.64592970044027,2613457
1857,2015-04-27,51.274497985839844,52.26497042041276,51.11531825738822,51.681297022408195,2052351
1858,2015-04-28,51.09763717651367,51.822805390011446,50.76158782694672,51.044577257939395,3429520
1859,2015-04-29,50.60239791870117,51.22144143164985,50.407843305217874,51.062256894876754,2061972
1860,2015-04-30,50.30171203613281,51.221434664875325,49.66498356894613,50.26633716620163,4099911
1861,2015-05-04,50.99150085449219,51.150680558754345,49.877218935190896,50.58470187974236,3652050
1862,2015-05-05,50.63778305053711,51.875870327222444,50.0717993359019,50.60240816876704,7999174
1863,2015-05-06,49.7357292175293,50.49627213922729,49.54117462698416,50.49627213922729,6031578
1864,2015-05-07,49.6296272277832,49.894931654475585,48.83371394770606,49.52350257836898,5448071
1865,2015-05-08,49.523494720458984,50.30172283443309,49.41737488577828,49.87723389992091,2987105
1866,2015-05-11,50.5847053527832,50.70851019863398,49.45273832125425,49.7887875852534,3927933
1867,2015-05-12,49.27587890625,50.602400795115514,49.02825956783728,50.549340879139805,4551824
1868,2015-05-13,49.82416534423828,50.05409481144521,48.833697732626625,49.3466165751815,4097879
1869,2015-05-14,49.31124496459961,49.806478754968474,48.9044411531134,49.806478754968474,3467677
1870,2015-05-15,49.541175842285156,50.12484442613235,49.27587150436426,49.594235750290565,6305129
1871,2015-05-18,49.541175842285156,49.85954008821146,49.08131211115264,49.34661644907353,14967798
1872,2015-05-19,49.08132553100586,50.903086321151605,48.851396001519014,49.52349954844023,6595326
1873,2015-05-20,49.80648422241211,50.01872866955298,49.18744071702289,49.20512575516203,5168468
1874,2015-05-21,49.34662628173828,49.85955002307989,49.06363685072588,49.70036546945117,2628801
1875,2015-05-22,49.859535217285156,50.21327429995519,48.60376339296389,49.27586669045828,5380668
1876,2015-05-25,50.62007522583008,50.72619983343511,49.8949119977167,50.142526486341325,5557091
1877,2015-05-26,50.60239791870117,50.79695253218447,50.07178919331659,50.72620758086976,2220470
1878,2015-05-27,50.65545654296875,50.79695123989277,50.160222704787586,50.602396631359014,1137269
1879,2015-05-28,50.65545654296875,51.02688552002525,49.71804877821616,51.02688552002525,3848527
1880,2015-05-29,50.83233642578125,51.09764083554551,49.9656734347266,50.40785224889551,3473570
1881,2015-06-01,50.62007522583008,51.96428667023892,50.319400832349714,51.8758518961815,15815832
1882,2015-06-02,50.4078483581543,50.549343072861575,50.00104445626556,50.4078483581543,4635659
1883,2015-06-03,50.65545654296875,50.85001594939668,49.78879372773108,50.28403236380642,6029264
1884,2015-06-04,51.062259674072266,51.34525388841664,50.372471172265364,50.58471563355001,8566490
1885,2015-06-05,51.25681686401367,51.75205072018272,50.584713430791794,50.93845258489745,8696044
1886,2015-06-08,51.69898986816406,51.89354448023272,50.9207618241009,51.45137054562735,4215142
1887,2015-06-09,52.12347412109375,52.406468318816266,51.398310785349935,51.645930108620355,2699663
1888,2015-06-10,52.05272674560547,52.42415091531688,51.71667265080445,52.19422143892915,2875048
1889,2015-06-11,51.64593505859375,52.12347911683707,51.239131160246146,51.85817472985979,2113307
1890,2015-06-12,51.433685302734375,51.62823991402886,50.319407951541656,51.46906017694089,2614529
1891,2015-06-15,49.94797897338867,51.292190608088966,49.75342436207793,51.292190608088966,3574132
1892,2015-06-16,50.973819732666016,51.168379134979936,49.70035789148917,49.806482510358784,2705206
1893,2015-06-17,50.16021728515625,51.06225007874289,49.682668536477706,50.83232062134764,3030212
1894,2015-06-18,50.213294982910156,50.478599404192096,49.82418087211758,49.98336544404488,4549773
1895,2015-06-19,49.523494720458984,50.37247258948336,49.063635706316354,50.213288039567615,9119658
1896,2015-06-22,49.98334884643555,50.301713086677886,49.6649846061932,49.82416432736749,1849073
1897,2015-06-23,49.31124496459961,50.16021786207391,49.22281018782326,49.87722369765334,4200054
1898,2015-06-24,49.47043228149414,49.71805161365362,49.18744287150711,49.18744287150711,3101425
1899,2015-06-25,49.98334884643555,50.195593272561695,49.11668610554284,49.594234864853235,11124905
1900,2015-06-26,49.205135345458984,49.965673697876305,49.13439038121968,49.70036928671479,4184617
1901,2015-06-29,49.34662628173828,49.59424563229522,48.70989766301299,48.745272541363235,3452315
1902,2015-06-30,49.205135345458984,49.66499920354272,48.69221636261715,49.34663007183276,2588831
1903,2015-07-01,50.35478973388672,50.62009415526984,48.95752266000614,49.22282708138926,1988394
1904,2015-07-02,50.054107666015625,50.584721277376,49.735743337515466,50.5670314381901,2965570
1905,2015-07-03,50.054107666015625,50.5670314381901,49.70036845703876,49.70036845703876,3051297
1906,2015-07-06,49.523494720458984,50.30172283443309,49.41737488577828,49.70036431018995,2083899
1907,2015-07-07,49.02824783325195,50.05409022220047,48.9044381936786,49.877220679350955,3234495
1908,2015-07-08,48.816017150878906,49.24050609225498,48.25003829290383,48.85139202897604,2440394
1909,2015-07-09,48.46227264404297,49.01057119960283,48.426902567724596,48.85138666459321,2478234
1910,2015-07-10,49.04594039916992,49.222809951874815,48.40920713069608,48.49764190704853,2901055
1911,2015-07-13,49.523494720458984,49.6649942305595,48.47996701978312,48.95751587163565,1612390
1912,2015-07-14,49.5942497253418,49.85955413802222,49.09901578125072,49.55887484407204,2264950
1913,2015-07-15,49.435062408447266,49.77111656497214,49.346627609140185,49.54118704635272,1504877
1914,2015-07-16,49.381996154785156,49.57655556704381,49.20512657885601,49.417371029549855,1827243
1915,2015-07-17,49.94797897338867,50.142533584699414,49.34662050551035,49.399685215771676,1696436
1916,2015-07-20,49.5942497253418,50.14254359238993,49.54118980238476,50.14254359238993,1668294
1917,2015-07-21,49.523494720458984,49.84186382029046,49.39968984596306,49.57655943569402,1315889
1918,2015-07-22,50.51395797729492,50.673142497826724,49.09900152063467,49.41736576380447,1890132
1919,2015-07-23,50.31941604614258,50.690840290324324,49.788802443476484,50.62009053053018,1225377
1920,2015-07-24,50.24864959716797,50.5670138147127,49.947970414750515,50.301709500443195,1692284
1921,2015-07-27,49.66498565673828,50.56701848948758,49.54117600572132,50.00103494047706,1296310
1922,2015-07-28,50.00103759765625,50.12484725525277,49.32893419656758,49.87722794005973,1547151
1923,2015-07-29,49.523494720458984,49.9833585324963,49.34662513072802,49.771114065240205,1900932
1924,2015-07-30,50.372467041015625,50.67314627001774,49.488119189770686,49.594239012762415,2942993
1925,2015-07-31,50.2309684753418,50.53164770990389,49.664989678394626,50.53164770990389,1956499
1926,2015-08-03,49.7357292175293,50.549332045931074,49.62960940412172,49.894913735534395,1508372
1927,2015-08-04,49.877227783203125,50.40784128521865,49.505803609475755,49.700358215162645,1001510
1928,2015-08-05,49.7888069152832,50.03642629890777,49.5588773721435,49.8772417240212,1107859
1929,2015-08-06,49.89491653442383,50.195595753137084,49.59423731571058,49.629612188128725,1295185
1930,2015-08-07,49.381996154785156,50.33709378396028,49.29356136682059,49.718050268208266,2213871
1931,2015-08-10,48.833709716796875,50.054107095110425,48.60378019316346,49.558873167770365,2570753
1932,2015-08-11,48.79832077026367,49.806478173319455,47.9670329186951,49.52348401220374,3873211
1933,2015-08-12,48.10853576660156,48.780644014656424,48.00241593685314,48.46227492962224,1472522
1934,2015-08-13,48.74525833129883,49.02824767981506,44.57113425437733,48.037780162114856,2470225
1935,2015-08-14,48.93981170654297,49.187430978832374,48.70988226678469,48.74525713395364,1304682
1936,2015-08-17,48.851383209228516,49.32893198258509,48.444584179292875,48.99287789817649,813782
1937,2015-08-18,48.60376739501953,49.063626321198214,48.33846306117174,48.85138189454122,1461999
1938,2015-08-19,48.26770782470703,48.957500933340604,48.143898190094184,48.639131930652354,2417706
1939,2015-08-20,48.14390563964844,48.44458485655007,47.52486216868963,47.79016651338626,2256015
1940,2015-08-21,47.18882369995117,47.8255523540954,47.06501401778561,47.754802593459345,4024183
1941,2015-08-24,46.37521743774414,46.870451334269895,45.17250517535454,46.28678264201116,7651174
1942,2015-08-25,45.490867614746094,47.27725329402605,44.270465564524095,46.33984065938576,12357515
1943,2015-08-26,46.32215881347656,46.97657727975487,45.27862627552778,45.49087075079302,2616303
1944,2015-08-27,47.70174026489258,48.97520230681701,46.07453903342773,46.85276716957456,5402025
1945,2015-08-28,47.807865142822266,48.639148404140016,47.29494139623082,47.967044900185414,2205183
1946,2015-08-31,46.21603012084961,47.91397600189397,46.02147072334011,47.577921913946426,2305711
1947,2015-09-01,45.66773223876953,46.375210498775765,45.27861823618729,45.75616702127031,3973158
1948,2015-09-02,44.28815841674805,45.98610462162078,43.77523466845583,45.73849006560322,4507483
1949,2015-09-03,44.995635986328125,45.296315254088476,44.252782735948074,44.35890257261889,3114461
1950,2015-09-04,43.722164154052734,44.88950128728737,43.31536514082816,44.88950128728737,3868544
1951,2015-09-07,43.72574996948242,44.6553202285571,43.100070219273185,43.904514226887684,3112256
1952,2015-09-08,45.06647491455078,45.58488827109554,43.29670710084297,43.61848174443801,2951677
1953,2015-09-09,45.048606872558594,46.65748534305773,44.54806787381712,46.26420781859098,3201416
1954,2015-09-10,44.10114669799805,44.60168557768508,43.15369723836007,44.60168557768508,3984541
1955,2015-09-11,44.44080352783203,44.97709625815798,44.01176740385509,44.333542072192564,1783681
1956,2015-09-14,45.602779388427734,45.74578983928376,44.15478584412071,44.61957587101696,2400945
1957,2015-09-15,45.88878631591797,46.53234042272963,45.04859350522183,45.58488616958662,3189547
1958,2015-09-16,46.87200927734375,47.015019744888576,45.7636696676105,45.94243396436451,2668351
1959,2015-09-18,47.730064392089844,48.23060817092993,47.01500739293616,47.193771642724585,2710372
1960,2015-09-21,48.82054138183594,48.98142633713198,47.086526757255236,47.4798091745764,3040868
1961,2015-09-22,46.83622741699219,48.98139769417146,46.2105527528149,48.874141120028106,2618545
1962,2015-09-23,45.69215393066406,47.193770688965614,44.977096945961264,46.854121530806104,5775906
1963,2015-09-24,44.83407974243164,46.49659103983637,44.53018441642808,45.76365475244636,9733917
1964,2015-09-28,45.334625244140625,46.121185014370475,44.583814443560364,45.20948930249549,2407051
1965,2015-09-29,45.88878631591797,46.65747149831619,44.83407546961794,44.99496520864332,2414852
1966,2015-09-30,47.31890869140625,47.44404463903575,45.88879465973366,45.90667399470402,3047665
1967,2015-10-01,46.675357818603516,47.87307925154092,46.56809636009669,47.55129972531103,2020545
1968,2015-10-05,47.372535705566406,47.96246160697267,46.81836847312546,46.83624295831751,1811432
1969,2015-10-06,47.28314208984375,48.08758101521499,47.08650340335767,47.4976601064673,1868486
1970,2015-10-07,47.39040756225586,47.62280007953607,47.08650741690949,47.40828204462747,1403044
1971,2015-10-08,47.35466003417969,47.55129876352906,47.05075984849297,47.51554979404044,1318938
1972,2015-10-09,47.39040756225586,47.73005667234545,47.15801504497564,47.55129245146993,1421375
1973,2015-10-12,47.6585578918457,47.8015683106859,47.122265184227274,47.37253220487506,1574616
1974,2015-10-13,47.56917953491211,47.801572090062564,47.354661465046064,47.55130020033707,715400
1975,2015-10-14,47.551292419433594,47.73005664018868,47.265271605941386,47.51554345471445,1722301
1976,2015-10-15,48.28424072265625,48.427251165206776,47.62281197040763,47.730068589997764,2959602
1977,2015-10-16,48.26634216308594,48.62387055171192,47.76580338886738,48.409357397967625,3651488
1978,2015-10-19,47.83732986450195,48.39149714561764,47.4976758216949,48.26636119041025,1640198
1979,2015-10-20,48.588130950927734,49.01716219034192,47.730058773519254,47.90882300226435,3296804
1980,2015-10-21,48.588130950927734,49.05291600594895,48.23060249343756,48.62387991724471,3504240
1981,2015-10-23,48.749019622802734,49.17805574473553,48.445119440541205,48.80264792572172,2367650
1982,2015-10-26,48.53450393676758,48.92778625956866,48.35573968542988,48.80265031377414,1788557
1983,2015-10-27,47.873085021972656,48.71327321045084,47.7121952394647,48.4630061423499,1680870
1984,2015-10-28,46.8541145324707,47.89094603556597,46.63959649924311,47.60492522412238,4725765
1985,2015-10-29,45.81728744506836,46.69322929534036,45.120104982209384,46.69322929534036,6657486
1986,2015-10-30,46.03179931640625,47.14013852172261,45.85303508488071,45.942417200643476,3034065
1987,2015-11-02,46.10332107543945,46.26421087282739,45.45976673517932,46.03181342120223,1507300
1988,2015-11-03,47.06863784790039,47.24740208743661,46.55021961352921,46.63960173329732,2879807
1989,2015-11-04,46.90774917602539,47.87307803153325,46.621728325877385,47.62280615068589,10212719
1990,2015-11-05,46.8183708190918,47.372538079300845,46.62173207496364,47.12227102761873,9402139
1991,2015-11-06,46.94350814819336,47.37253947051551,46.13906896338694,47.33679049729025,4219805
1992,2015-11-09,46.4965934753418,46.800493666554075,45.280992710492704,46.12118564527114,5260832
1993,2015-11-10,45.87092208862305,46.46084318145207,45.65640400506041,46.192696789321516,1531108
1994,2015-11-13,46.550228118896484,46.97926431189038,45.58489910930585,45.76366338150476,1386876
1995,2015-11-16,46.12118148803711,46.728981815676235,45.96029658904332,46.29994571977919,1462412
1996,2015-11-17,46.74687576293945,47.12228371547898,46.19270835351865,46.21058284441913,1602664
1997,2015-11-18,46.80049514770508,47.050762193048776,46.3893334851927,46.7111130209486,1327429
1998,2015-11-19,47.140140533447266,47.44404070986777,46.63960163367309,47.08651223155902,2523368
1999,2015-11-20,46.80049514770508,47.444044520635416,46.621730894192126,47.19377262600099,2168468
2000,2015-11-23,46.979251861572266,47.12226227157291,46.65747237745838,46.65747237745838,2177227
2001,2015-11-24,47.140140533447266,47.40828689217883,46.81836587282746,46.83624035702676,1241516
2002,2015-11-26,47.83732986450195,48.06972243886366,46.97926236339433,47.015011336918406,4171542
2003,2015-11-27,47.730064392089844,47.908828641878266,47.37253589251301,47.783697546458875,1605635
2004,2015-11-30,48.69539260864258,48.94566449460874,47.65856094403666,47.74794306769735,2006989
2005,2015-12-01,48.62388610839844,49.33894311442516,48.39149355129789,48.65963992855791,2520479
2006,2015-12-02,48.40937042236328,48.82052721004584,48.12334472493467,48.62388363382171,1390936
2007,2015-12-03,47.83732986450195,48.623889719979346,47.658565599717406,48.26636119041025,1173194
2008,2015-12-04,46.74687576293945,47.80158710907963,46.639619118952254,47.80158710907963,1376556
2009,2015-12-07,46.88987731933594,47.14014436491914,46.37145904393594,46.836244163798135,1525844
2010,2015-12-08,46.550228118896484,46.90775666329432,46.24632788630009,46.836249014698254,1469647
2011,2015-12-09,46.532344818115234,47.086512017255494,46.13906252390748,46.37145506389242,2198948
2012,2015-12-10,46.74687576293945,46.83625791602618,46.21058284441913,46.478729303679295,1086874
2013,2015-12-11,45.76365661621094,46.83624209084289,45.54913855142644,46.83624209084289,1514970
2014,2015-12-14,45.81728744506836,46.264198036826606,45.3167437028669,45.5133872728147,1552518
2015,2015-12-15,46.299949645996094,46.40721110371115,45.49551053494062,45.81729005879525,1842404
2016,2015-12-16,47.676429748535156,47.94457608756832,46.371451868431734,46.47870846432901,2623492
2017,2015-12-17,48.10546112060547,48.31997914068613,47.104378643325575,47.658550599308064,1092627
2018,2015-12-18,48.40937042236328,48.80264787623069,47.56917751318302,47.90882666418582,28017527
2019,2015-12-21,49.85734939575195,50.01823912313973,48.40936124642006,48.40936124642006,6238035
2020,2015-12-22,49.5177116394043,50.26852253038689,49.32107288549292,49.893119509541144,9652753
2021,2015-12-23,50.071868896484375,50.232753779340065,49.624958361958036,49.624958361958036,3720080
2022,2015-12-24,50.089752197265625,50.35789856519296,49.82160582933829,50.05399837835055,2224191
2023,2015-12-28,50.822689056396484,51.03720712289216,49.92886782040664,50.21488867620716,5761043
2024,2015-12-29,50.39364242553711,50.98356334854156,50.19700373429881,50.84055295043284,8576492
2025,2015-12-30,50.411529541015625,50.643926951636764,50.14338315887502,50.14338315887502,8189382
2026,2015-12-31,50.46515655517578,50.769051871851254,49.9109845232878,50.4115234058423,7159928
2027,2016-01-01,50.411529541015625,50.71542974396647,50.32214741363542,50.55454482425656,3229824
2028,2016-01-04,50.39364242553711,51.60923808339558,50.01823952434052,50.23275269685883,6809859
2029,2016-01-05,49.75010299682617,50.75118082982054,49.41044899136888,50.42940615845024,4259054
2030,2016-01-06,49.8752326965332,50.03612245237178,49.33893997612511,49.55345803414642,5320149
2031,2016-01-07,49.374691009521484,50.67966891906212,49.16017296359793,49.87522988381637,6787347
2032,2016-01-08,50.64391326904297,50.769044334135664,49.660710133495215,50.05398750828275,10345830
2033,2016-01-11,51.21596145629883,52.02040041297574,49.696460799952824,50.23275343773743,8283638
2034,2016-01-12,51.03719711303711,52.46731081013464,50.7869252763292,51.305343431242896,6611338
2035,2016-01-13,51.0908317565918,51.62712445965596,50.089749134631234,51.180213873769155,7462021
2036,2016-01-14,51.072959899902344,51.66288583906145,50.55454645395977,50.55454645395977,10278564
2037,2016-01-15,49.73223114013672,51.215978477208374,49.44621024464576,50.82269610893988,7430643
2038,2016-01-18,49.392581939697266,50.42941374760867,49.12443553165339,50.054005866772506,7411237
2039,2016-01-19,48.60599899291992,49.98248434170615,48.19484229114986,49.499820018198065,7282040
2040,2016-01-20,48.14122772216797,50.16126284525053,46.67535985300769,48.12334838699225,15997901
2041,2016-01-21,47.265281677246094,49.106552573504274,47.19377403399124,48.194856793104755,10416175
2042,2016-01-22,47.58705139160156,48.552380228031,47.22952291133738,47.62280520948605,8099084
2043,2016-01-25,47.551292419433594,48.06971059933929,46.925617646790776,47.90882086094377,8893503
2044,2016-01-27,49.42833709716797,49.785865685946156,47.69432732102724,47.837337786680145,14527719
2045,2016-01-28,51.37687301635742,51.66289881460664,50.23277952194481,50.411543827366025,22594616
2046,2016-01-29,52.860595703125,53.05723927397126,51.662879191172735,51.77013579396866,11216960
2047,2016-02-01,52.467323303222656,53.05724437388462,52.25280522772082,52.87848011918155,12278379
2048,2016-02-02,52.28855514526367,53.754422894262326,51.841644541867154,52.377937265942975,18267134
2049,2016-02-03,51.49765396118164,52.55816088574965,50.85056027958444,51.71334697908621,12098041
2050,2016-02-04,52.77387237548828,53.02552079582277,51.353865344673856,52.07285525881535,8726120
2051,2016-02-05,52.21665573120117,52.98956889282197,51.89310637781184,52.86374468605526,6170693
2052,2016-02-08,51.2100715637207,52.50425446591274,50.92247753032813,52.14475948619066,3820374
2053,2016-02-09,51.03032684326172,52.306537016112316,50.68880464360633,50.97640356856955,7297377
2054,2016-02-10,51.53361892700195,51.96501487696762,50.68880470263094,50.68880470263094,8119293
2055,2016-02-11,49.142967224121094,51.713354924722125,48.20827945773111,51.35386000503074,7247688
2056,2016-02-12,49.73612594604492,50.616890327122434,48.99916341360464,49.610301766467956,16065640
2057,2016-02-15,49.86195755004883,50.56297460067221,49.646259620936874,50.00575454413615,8464543
2058,2016-02-16,50.07766342163086,50.527032146901206,49.538420951306435,50.00576247520251,6766384
2059,2016-02-17,50.18551254272461,50.27538629239439,49.376648795696575,50.27538629239439,7804863
2060,2016-02-18,50.2753791809082,50.95841860658956,49.96980750006167,50.365252917865284,8779283
2061,2016-02-19,50.68879699707031,51.048291942071344,49.98778477989565,50.25740598864642,6323086
2062,2016-02-22,50.203495025634766,50.868556936105925,49.736148557021835,50.688809419554055,2293985
2063,2016-02-23,49.28677749633789,50.43716349968817,49.14298046490991,50.32931206914477,3873885
2064,2016-02-24,50.221458435058594,50.688799940311185,49.4844957053997,49.61031504268595,11387961
2065,2016-02-25,47.363460540771484,50.41916704327785,47.11181704849486,50.36524378607296,19051305
2066,2016-02-26,48.04651641845703,48.855380101382316,47.45334581687508,47.9925882721586,12511003
2067,2016-02-29,46.7523307800293,48.29815710985097,46.44675909828437,48.29815710985097,11485783
2068,2016-03-01,48.082454681396484,48.298152605805186,46.824222477634585,47.09384366415499,14281573
2069,2016-03-02,48.67563247680664,49.68221644006645,48.190313293249645,48.531830588373026,13550709
2070,2016-03-03,48.765506744384766,49.21487546067384,48.19031381234224,49.071073570691226,7057560
2071,2016-03-04,49.843990325927734,50.02373780761988,48.69360449271298,49.03512665831306,29228314
2072,2016-03-08,49.502464294433594,50.22145416505269,48.927271422745896,50.14955322760593,20131612
2073,2016-03-09,50.23944091796875,50.40121563418397,49.10703253235263,49.21488396848394,7284193
2074,2016-03-10,50.203495025634766,50.652863817014435,49.6462747987459,50.365264864953375,3713460
2075,2016-03-11,49.68221664428711,50.473107530072646,49.48449636082202,50.20348630209521,4685588
2076,2016-03-14,49.826011657714844,49.969808665006056,49.50246717231903,49.826011657714844,4423191
2077,2016-03-15,49.95183563232422,50.329303384181195,49.66424161909628,49.66424161909628,11655129
2078,2016-03-16,49.879947662353516,50.329316472357355,49.430578852349676,50.113623344326435,6170234
2079,2016-03-17,49.610321044921875,50.41918481600332,49.214880435385886,50.05968980663379,7509036
2080,2016-03-18,49.19689178466797,50.00575537531094,49.07106758426443,49.79005744261374,9195901
2081,2016-03-21,49.610321044921875,49.77209574952341,48.98120477852519,49.089056206913924,4674151
2082,2016-03-22,49.68221664428711,50.09563488532667,49.43056821445646,49.61031569977475,6628643
2083,2016-03-23,49.412593841552734,50.02373722254311,49.232846361962906,49.35867057286827,11545428
2084,2016-03-28,50.005767822265625,50.329312363864,49.07107979856556,49.57437672545554,8691695
2085,2016-03-29,49.66425323486328,50.688810194093705,49.44855523651242,50.32931515549678,11478000
2086,2016-03-30,50.23944091796875,50.455138914267884,49.736148843913085,49.93387403883874,5797932
2087,2016-03-31,50.005767822265625,50.49108707264481,49.79006983587895,49.79006983587895,15715729
2088,2016-04-01,49.718170166015625,50.329308728004555,49.646269217093206,50.25741265504504,3935188
2089,2016-04-04,49.826011657714844,50.36525409202867,49.71816512123704,49.87993492595375,5649881
2090,2016-04-05,49.98780059814453,50.616916950975295,49.861976352385625,50.257421892214865,7744995
2091,2016-04-06,50.221458435058594,50.79665135565123,50.09563422180981,50.27538170474735,10418272
2092,2016-04-07,50.40121078491211,50.65285923570973,50.18551280936601,50.562985485562436,12408704
2093,2016-04-08,50.65285110473633,50.74272484045677,50.4191754910934,50.4191754910934,4133630
2094,2016-04-11,51.138179779052734,51.38982336036986,50.52703631192247,50.5629867881001,12360599
2095,2016-04-12,51.46171951293945,52.21665993840451,51.048296389401024,51.048296389401024,8901453
2096,2016-04-13,52.12678527832031,52.25260461705128,51.73133983612451,51.8931096470483,10239725
2097,2016-04-18,52.46830368041992,52.75590258806323,51.31792267773477,52.12678637729453,7347390
2098,2016-04-20,53.205265045166016,53.88830444695218,52.18070350450571,52.3784237685094,7716065
2099,2016-04-21,52.540191650390625,53.762473297108514,52.162719091576754,53.33107748016738,6315086
2100,2016-04-22,52.50425338745117,52.953622102873524,51.87513718585987,52.59412713053564,4320738
2101,2016-04-25,51.69539260864258,52.52222914116159,51.246023867933786,52.52222914116159,3605005
2102,2016-04-26,52.180702209472656,52.5761476036279,51.42576188898755,51.92905381065695,8964411
2103,2016-04-27,51.89310836791992,52.486278954573685,51.641464820698225,52.23463053138951,3177289
2104,2016-04-28,50.99436950683594,52.28855230513019,50.814622031405136,51.83918361655318,9408511
2105,2016-04-29,51.55159378051758,51.71336359592683,50.509054437831885,51.13817552874362,4383214
2106,2016-05-02,51.35386657714844,51.76728968847174,50.90449787002532,51.40779472277325,3383764
2107,2016-05-03,52.19868087768555,52.77387379971415,51.407794876363454,51.407794876363454,4572397
2108,2016-05-04,51.317909240722656,52.162718316066794,51.048283202171895,52.05487180141563,4435593
2109,2016-05-05,51.49765396118164,51.8751216184758,51.0842309662885,51.40778024506768,2770226
2110,2016-05-06,51.2100715637207,51.53361607027803,50.50905440287756,51.46171999991125,3714029
2111,2016-05-09,51.5875358581543,51.82120658191434,50.92246927825113,51.228040936689005,5027038
2112,2016-05-10,50.99436950683594,51.677413814242854,50.68879782341111,51.461715868533425,7758595
2113,2016-05-11,50.850582122802734,51.12020338696229,50.14956488560261,50.61691133572378,4574270
2114,2016-05-12,51.73135757446289,51.89312744085649,50.76071887224425,51.01236738791997,4877581
2115,2016-05-13,52.03692626953125,52.198696126258476,51.192111875631355,51.51565646504979,6719824
2116,2016-05-16,51.9290657043457,52.45033541729896,51.407800867355554,52.1088132086795,4500368
2117,2016-05-17,52.090843200683594,52.486288706606324,51.26400171085182,52.486288706606324,4754541
2118,2016-05-18,51.4257698059082,52.09083649719687,51.2999455871299,51.767291988883194,2573082
2119,2016-05-19,51.91109085083008,52.34248191858861,51.51564538174589,51.51564538174589,6035130
2120,2016-05-20,52.054893493652344,52.18071773048627,51.6594479818729,51.98299253661482,3055890
2121,2016-05-23,53.259193420410156,53.52881464771887,52.12678524090607,52.342478321982966,10093334
2122,2016-05-24,52.73793029785156,53.65464550985502,52.5581827907093,53.56477175628389,3545037
2123,2016-05-25,53.816402435302734,53.924253839302786,52.863741851093444,53.20526398315056,7201959
2124,2016-05-26,54.13995361328125,54.427547615141805,53.42095885670549,53.92425567390474,11348343
2125,2016-05-27,54.22982406616211,54.787039239527964,53.49285655755996,54.42754432097918,7635493
2126,2016-05-30,54.55337142944336,54.98476242915021,53.690584554067506,54.31970069510688,6049447
2127,2016-05-31,53.924259185791016,54.76907332572401,53.7624845017323,54.64324911322973,4297008
2128,2016-06-01,53.528804779052734,54.13994806533272,53.34905732731882,54.13994806533272,5018958
2129,2016-06-02,53.99615478515625,54.139956670168154,53.2412143926936,53.528813286754946,3951078
2130,2016-06-03,54.068058013916016,54.22983270341378,53.65463976693166,54.13995895946228,3453446
2131,2016-06-06,53.654640197753906,54.175904991280504,53.402991762284024,53.99615750193422,2395810
2132,2016-06-07,53.888328552246094,54.26579645272444,53.654657714999296,53.70858100421559,3771426
2133,2016-06-08,54.840972900390625,54.96679712093233,53.672614193577225,53.92426263466063,3804592
2134,2016-06-09,54.93083190917969,55.52399750291587,54.76906213413974,54.89488144496142,4520638
2135,2016-06-10,55.506046295166016,55.775667567716866,54.94883094894629,54.966803750064315,8988984
2136,2016-06-13,54.57133483886719,55.27235179725347,54.40956507028972,55.27235179725347,7199310
2137,2016-06-14,54.121978759765625,54.787045409167256,54.03210502000763,54.553374660988965,2914984
2138,2016-06-15,55.506046295166016,55.63187053088242,54.33768744744566,54.33768744744566,5287666
2139,2016-06-16,55.57794189453125,56.189080461162185,54.58933065713482,55.5060409450627,5385026
2140,2016-06-17,56.45869064331055,56.78223510058697,54.96678767989671,55.72172799751636,8985642
2141,2016-06-20,56.31489562988281,56.620467302046904,55.81160369241604,56.440719833240045,5237563
2142,2016-06-21,56.08121871948242,56.548560136527755,55.739696615975866,56.27893896301046,5276594
2143,2016-06-22,55.93743896484375,56.332879573700104,55.577943956092064,56.099208793204134,4797461
2144,2016-06-23,56.31489562988281,56.74629150540414,54.948816817335555,55.90147742681947,5027803
2145,2016-06-24,56.00932312011719,56.135147321592754,54.13995239805899,55.164509054166444,6010853
2146,2016-06-27,55.36224365234375,56.440728633339624,55.002748658678456,55.020721457976556,5121198
2147,2016-06-28,55.88349914550781,56.08122428461842,55.23641021523805,55.55995468037293,5842035
2148,2016-06-29,57.24958801269531,57.64503345082841,55.919454686964684,56.00932842854209,9838712
2149,2016-06-30,58.633628845214844,58.903249997462574,57.2675454149163,57.519193774065336,18696297
2150,2016-07-01,59.370635986328125,59.82000491104525,58.59772241100765,58.95721755078135,9960809
2151,2016-07-04,59.460472106933594,60.14351146464968,59.19085092289079,59.92781841818488,5753019
2152,2016-07-05,57.96858596801758,59.60428634071807,57.806811260404025,59.424538832686665,5510329
2153,2016-07-07,58.72352981567383,59.011123894489984,57.59111654992195,57.878715504701596,5911690
2154,2016-07-08,59.11893844604492,59.460455592067255,58.09437725605702,58.77741642406214,7803900
2155,2016-07-11,59.89188003540039,61.527580264889544,59.658209270610904,59.71213254310651,11133401
2156,2016-07-12,59.89188003540039,60.75466702321843,59.69415486829945,60.03567705404293,9182267
2157,2016-07-13,58.184268951416016,60.55693642088724,57.77084588876453,59.98174356829392,11106820
2158,2016-07-14,59.33466339111328,59.53238856990219,58.20225509791529,58.435925876517565,7428442
2159,2016-07-15,59.04706954956055,59.81998283970487,58.633651266549684,59.69415861201554,6629943
2160,2016-07-18,58.66958999633789,59.60427788062643,58.45389691808575,59.17288684815962,3891623
2161,2016-07-19,59.81996536254883,60.03566327900266,58.59768367059266,58.70553019083874,5987973
2162,2016-07-20,60.52099609375,61.114161841513216,59.99972641713103,60.03567689068454,7071425
2163,2016-07-21,58.41794967651367,60.520996313456735,58.16630123668832,60.50301863863333,4189305
2164,2016-07-22,59.8020133972168,60.41315201807718,58.54378080160833,58.77745159417152,7206087
2165,2016-07-25,60.736690521240234,60.970361271782735,59.73010170018887,59.87389871006406,3967394
2166,2016-07-26,61.61745071411133,62.19264363386781,60.1075747852084,60.844537513795984,8278821
2167,2016-07-27,61.994937896728516,62.444306708836756,61.671393327203326,62.192658223670676,8851677
2168,2016-07-28,63.3430290222168,64.295689698423,61.88707149733184,62.15669271942581,31420184
2169,2016-07-29,63.27112579345703,63.81036821816359,62.803784309096265,63.6665712134343,12377513
2170,2016-08-01,63.70253372192383,64.67316734424573,63.14531351884783,63.271137750249714,11965659
2171,2016-08-02,64.31366729736328,64.78101370945897,63.289110477690286,63.81037528707494,6487056
2172,2016-08-03,63.235172271728516,64.385558005973,62.44428634590226,64.34960753753496,10713465
2173,2016-08-04,64.06199645996094,64.47541454685603,63.3969300370632,63.55870466391644,9047354
2174,2016-08-05,63.45089340209961,65.14052215270486,63.28912354893349,64.34963106179094,8816394
2175,2016-08-08,64.16986846923828,64.70911093849332,63.091383530728194,63.63062599998324,9540514
2176,2016-08-09,63.30706024169922,64.5832650401343,63.09136235121357,64.16984692768075,6314021
2177,2016-08-10,62.69593048095703,63.4508708216274,62.40833648258838,63.30707382244307,3789657
2178,2016-08-11,62.57011032104492,63.46884764893319,61.99491745600402,62.58808311721786,5017074
2179,2016-08-12,64.00808715820312,64.34960440181727,62.62403076049881,62.62403076049881,4369997
2180,2016-08-16,63.81038284301758,65.8235559985185,63.3610140527702,64.27772931045291,22372774
2181,2016-08-17,62.78580093383789,64.27770874080122,62.64200394216821,63.97213708602697,11599079
2182,2016-08-18,65.4281005859375,65.85949650967235,63.36100446363648,63.6306256969801,20664320
2183,2016-08-19,65.05062866210938,65.78759136920918,64.45746296176534,65.78759136920918,16563739
2184,2016-08-22,65.41012573242188,65.71569742913692,64.97872982224033,65.23037824917331,11335483
2185,2016-08-23,65.48202514648438,65.93139387756995,64.70911190420976,65.23038158265413,7423678
2186,2016-08-24,65.53594970703125,65.78759325708454,65.10455379842199,65.53594970703125,5319170
2187,2016-08-25,65.51798248291016,66.50659379485148,64.88886619349296,65.60785623854119,12995397
2188,2016-08-26,64.99671173095703,65.9313948039781,64.78101376181262,65.66177356153828,7097916
2189,2016-08-29,64.79898834228516,65.19443381726047,63.84632756800119,65.1405105424827,2956326
2190,2016-08-30,65.89545440673828,66.07520191588523,64.60127136568762,65.03266246206235,5212793
2191,2016-08-31,66.03924560546875,66.32683964431475,65.37417890517924,65.82354763835285,6435761
2192,2016-09-01,66.25492858886719,66.50657209695692,65.5179611075518,65.96732973909958,6116318
2193,2016-09-02,66.07518005371094,66.50657100735212,65.53593770468822,66.3448012282223,3858397
2194,2016-09-06,67.08177185058594,67.47721726239284,66.07518796231585,66.41670523199646,9001076
2195,2016-09-07,66.41671752929688,67.22558129940874,66.11114579650643,66.90203676655662,5024999
2196,2016-09-08,67.56207275390625,68.01514446844865,65.84039532250236,66.65592440867869,5980354
2197,2016-09-09,66.61968994140625,67.65269454755861,66.47470304387076,67.41709329713508,5051740
2198,2016-09-12,65.33296966552734,66.47470964201483,65.15174094176287,66.18474565044917,4144478
2199,2016-09-14,64.93425750732422,65.62293050588225,64.69866117862217,65.22422637938632,6680869
2200,2016-09-15,63.357582092285156,65.38733994774147,63.08573899562826,65.38733994774147,8920122
2201,2016-09-16,63.81064224243164,65.42357470440277,62.759511861471076,63.90125659140113,21690721
2202,2016-09-19,64.29995727539062,64.58992614845957,63.158217435298525,63.68378263788756,4266806
2203,2016-09-20,64.55369567871094,65.0248884563922,64.15499145044133,64.39058783928196,4769662
2204,2016-09-21,63.53879928588867,65.27859282212006,63.26695623859358,64.55367802933314,4957941
2205,2016-09-22,64.71678924560547,65.35108972282812,63.86501333582065,64.19122402659221,4676363
2206,2016-09-23,63.774391174316406,65.02486615520786,63.68377683152097,64.60804116157738,7599534
2207,2016-09-26,63.68376922607422,64.62615926183022,63.37567951413485,63.68376922607422,6333433
2208,2016-09-27,63.865013122558594,64.57180213084627,63.73815204430902,64.02811600932807,6069513
2209,2016-09-28,64.6805191040039,64.91611535559167,63.864990214255926,63.864990214255926,4515648
2210,2016-09-29,62.85012435913086,66.00350557684061,62.23394975397416,64.78927235318719,13380901
2211,2016-09-30,63.991886138916016,64.40871125994612,62.17959872909453,63.10386334164579,11831869
2212,2016-10-03,65.67729949951172,66.29347414769475,63.64753701742049,64.2093440372555,9403402
2213,2016-10-04,65.60482025146484,66.22099994916651,65.4054705989907,65.78604899594835,7967290
2214,2016-10-05,65.74980163574219,66.47471660675143,65.38734415023757,65.65918726436603,5347763
2215,2016-10-06,64.48118591308594,66.05787660313469,64.3362039347679,65.71354501914723,5654229
2216,2016-10-07,64.13685607910156,65.09736724232765,63.90125974338849,64.48118767248425,3980080
2217,2016-10-10,64.53555297851562,64.87988453327469,64.22746322815233,64.22746322815233,4458994
2218,2016-10-13,63.4300651550293,64.46306981630832,62.95887246132341,64.35433455349728,14897308
2219,2016-10-14,64.40870666503906,64.69867066346683,62.54205174931865,63.72003848166523,4958871
2220,2016-10-17,63.81064224243164,64.39057014292194,63.35757049758418,63.90125659140113,4534814
2221,2016-10-18,63.93751907348633,64.44496352472174,63.43007953839557,64.06438018629518,7289895
2222,2016-10-19,64.71678924560547,65.51419261014225,63.8287666110364,64.1368563974875,9020687
2223,2016-10-20,64.7530288696289,65.33296169818126,64.4630649134243,65.0067510184153,4037879
2224,2016-10-21,64.13685607910156,65.00675288888853,63.828766294179864,65.00675288888853,10350237
2225,2016-10-24,63.82876205444336,64.64429118122511,63.48442556778942,64.00999074928374,2945373
2226,2016-10-25,64.64430236816406,64.86177782283607,63.6475443740492,63.99188092029187,3002870
2227,2016-10-26,63.61127853393555,64.62616204544103,63.35756134316594,64.51742189270348,3927291
2228,2016-10-27,63.61127853393555,64.1005969308987,62.958857282079585,63.46629657976115,7017500
2229,2016-10-28,63.75627899169922,64.15498316849902,62.360821747115594,63.720037179744146,4282450
2230,2016-11-01,64.11873626708984,65.07925243646615,63.12197828585644,63.52068246157856,5277438
2231,2016-11-02,63.46631622314453,63.973755677883084,63.2307198601742,63.77440604371061,4859666
2232,2016-11-03,63.41193771362305,63.683780758773395,63.17634139105469,63.48442624264399,4078615
2233,2016-11-04,62.904502868652344,63.73815296726116,62.07084785390015,63.43006317737759,4179894
2234,2016-11-07,63.067604064941406,63.28507949408907,62.904501180188106,63.17634423758687,7660803
2235,2016-11-08,64.15498352050781,64.37245897415039,63.03136444014099,63.15822553111114,3265787
2236,2016-11-09,65.3148422241211,65.71354635973685,60.51228152491271,61.61777466280148,13247214
2237,2016-11-10,68.30512237548828,68.86692945001741,65.65918007147793,67.05464222102829,18046820
2238,2016-11-11,66.3659439086914,68.32321224362809,65.78601127563644,67.41706904077394,8770575
2239,2016-11-15,67.03651428222656,67.6345680218209,66.16661748680359,66.16661748680359,11489252
2240,2016-11-16,68.3232650756836,69.04818019851912,66.45660961761119,67.61647578060615,10203154
2241,2016-11-17,69.91804504394531,71.18664583331343,66.76466397248747,68.12387910395331,9392264
2242,2016-11-18,69.57371520996094,70.7879484930515,69.37436560479908,70.22614148494579,12168642
2243,2016-11-21,67.07274627685547,70.18988028238704,66.80090328072438,70.18988028238704,12187225
2244,2016-11-22,66.6015625,67.67081380450969,65.5141902918111,67.38084984878324,11976002
2245,2016-11-23,65.84040069580078,67.97890329588039,65.09736498976847,66.76467001858344,13625626
2246,2016-11-24,67.07274627685547,67.74329331720725,65.35107396802525,65.9491275762852,18404432
2247,2016-11-25,68.37759399414062,68.93940088925196,67.05462080656629,67.45332485284312,14716858
2248,2016-11-28,69.04814147949219,70.60671106930148,67.76141982445168,67.77954072590308,10318399
2249,2016-11-29,68.66756439208984,69.42872584046553,68.32322792949479,69.10251519577385,12406804
2250,2016-11-30,69.55559539794922,69.84555935839803,67.99702559114289,69.15689126522466,7446808
2251,2016-12-01,66.80091857910156,69.77307131725765,66.51094970046938,69.77307131725765,11056167
2252,2016-12-02,66.61968994140625,67.38085148889448,66.14849235670245,67.0546358855829,9676372
2253,2016-12-05,67.09088134765625,67.43521784860945,65.55043737754283,66.5834419642593,12282830
2254,2016-12-06,66.29348754882812,67.63458220527714,66.14850553854441,67.19963617442598,4550359
2255,2016-12-07,66.1303939819336,67.23588749733078,65.9672861247101,66.94592343576117,4265108
2256,2016-12-08,67.29022979736328,67.398965042513,65.80415358884152,66.67405029846753,5413273
2257,2016-12-09,66.85529327392578,67.41710035418286,66.60157109282297,67.41710035418286,3451184
2258,2016-12-12,66.96401977539062,67.21774192327615,66.47470129940747,66.78279107437044,3689403
2259,2016-12-13,67.1452407836914,67.61643830204548,66.13036214070856,67.23585512381997,4417447
2260,2016-12-14,65.94915771484375,67.1996380349692,65.76792896793539,67.054651104527,7312670
2261,2016-12-15,66.45657348632812,67.32647017755399,65.42356901468501,65.60479769686302,5253972
2262,2016-12-16,66.61968994140625,67.50770765002312,65.85852839391802,66.52907558851821,26025533
2263,2016-12-19,66.7284164428711,67.05462708723678,66.27534473787915,66.74653734461373,3627943
2264,2016-12-20,65.94915771484375,66.85530144938556,65.87666424962265,66.69219361071028,5757036
2265,2016-12-21,66.42034149169922,66.5834493082766,65.87665532463289,65.98539550773239,5279390
2266,2016-12-22,65.87664031982422,66.49281980194219,65.64104401765297,66.32971202251608,2653684
2267,2016-12-23,66.07599639892578,66.22097836402595,64.87988412552825,65.82227427289344,4805945
2268,2016-12-26,64.80742645263672,66.09414876514137,64.60807185409631,66.09414876514137,5932940
2269,2016-12-27,65.62294006347656,65.85853642649182,63.991881512556304,64.77116405921166,4555998
2270,2016-12-28,65.24234771728516,66.32971993343274,64.91613703566951,65.62293094262273,3739977
2271,2016-12-29,65.2604751586914,65.76791455560607,64.87989192389793,64.95238537323287,14737238
2272,2016-12-30,66.51095581054688,67.09088870494394,65.33296911598624,65.38733674942952,4872601
2273,2017-01-02,66.56531524658203,67.12712716602637,66.1847369432029,66.51094761983403,1811713
2274,2017-01-03,68.16011810302734,68.32322095064178,66.87339164131096,67.01837850515774,7819727
2275,2017-01-04,67.68893432617188,68.45009585083696,67.43521709537893,68.16013189674699,7829503
2276,2017-01-05,69.17501068115234,69.319992658258,67.45333802718274,67.79767452443392,6362320
2277,2017-01-06,68.4319839477539,69.89993464713869,68.23262940147177,69.28375993461955,6298387
2278,2017-01-09,67.61644744873047,68.57695860079599,67.09088223843295,68.57695860079599,2956484
2279,2017-01-10,67.61644744873047,68.25074791543418,67.072761334413,67.63456835275042,4626997
2280,2017-01-11,68.79443359375,69.37436642857514,67.38085068871219,67.88829007563048,21835704
2281,2017-01-12,71.7665786743164,72.40087906960457,68.866914808285,68.866914808285,26857806
2282,2017-01-13,71.45850372314453,72.4552616935475,71.05979955175461,72.4552616935475,23933005
2283,2017-01-16,72.27401733398438,72.87207100359866,71.31350629901078,71.40412064035061,8473484
2284,2017-01-17,71.67596435546875,72.7270897419171,70.71544839509123,72.27401803084948,10193606
2285,2017-01-18,71.92967987060547,72.36463066944782,71.42224054938445,71.76657700814653,21229809
2286,2017-01-19,73.1439208984375,73.83258897408207,71.49474169759313,72.09279542338597,8756982
2287,2017-01-20,72.27401733398438,73.4338779534485,71.5672235050767,73.4338779534485,12987134
2288,2017-01-23,72.5639877319336,73.2889025273087,72.14716270782154,72.43712665951433,7334154
2289,2017-01-24,73.70571899414062,74.19503740743725,72.70896126622407,72.85394814138049,7122776
2290,2017-01-25,73.61509704589844,73.95943346458829,73.18015121381559,73.81445152056067,10336365
2291,2017-01-27,74.14067840576172,75.01057517710828,73.41576361028241,73.76010010459231,11095330
2292,2017-01-30,74.5574951171875,74.82933813518326,73.39763452342446,74.05005580015727,5832917
2293,2017-01-31,75.10118865966797,75.84422926614337,74.10443082738925,74.48501404030877,7593736
2294,2017-02-01,74.59375762939453,75.60864139447222,74.21317929008013,75.60864139447222,7325455
2295,2017-02-02,73.9231948852539,74.66623541890246,73.66947768431793,74.62998869987088,7773806
2296,2017-02-03,73.1076889038086,74.5937655239961,72.89021343712241,73.65137511245202,4479429
2297,2017-02-06,72.89020538330078,74.01382440690786,72.40089178250247,73.30703536345275,6337200
2298,2017-02-07,72.45524597167969,73.79633527299085,72.20152384962864,73.08954636066463,6562928
2299,2017-02-08,72.89020538330078,73.47013825833768,71.87532653909388,72.85396357297762,9024346
2300,2017-02-09,73.27078247070312,74.52125755749158,72.78146399494105,73.36139682117228,12790725
2301,2017-02-10,72.45524597167969,74.59374344274326,72.21964966757095,74.37626804043418,16817238
2302,2017-02-13,73.59698486328125,73.9231955050153,72.31026319794145,73.10766644260886,9508762
2303,2017-02-14,72.79959869384766,73.92321783581572,72.52775559092687,73.90509692874531,9403263
2304,2017-02-15,73.0170669555664,73.43389202235893,72.40089226609072,72.99894605028379,7302351
2305,2017-02-16,73.27205657958984,73.74559996323545,72.52530900917117,72.85315205703115,6272531
2306,2017-02-17,73.78202056884766,74.03700848413125,72.68922368735015,73.58167645017396,4966775
2307,2017-02-20,75.20266723632812,75.54872161228666,73.50883279439692,74.27379171868927,9917513
2308,2017-02-21,75.09337615966797,75.69441344311056,74.51055018091478,75.20265386914166,7428835
2309,2017-02-22,73.43596649169922,76.09510854327996,73.18098351623397,76.00404213618476,26345564
2310,2017-02-23,72.54352569580078,73.58168382541383,72.32496530946078,73.58168382541383,13404307
2311,2017-02-27,70.21220397949219,72.85312919646731,69.90257727626502,72.85312919646731,14798634
2312,2017-02-28,69.99365234375,70.9771664786822,69.77509200020897,69.9025859456636,10051421
2313,2017-03-01,70.17578887939453,70.92253140722755,69.88437342558834,70.4854156375211,10348326
2314,2017-03-02,69.11942291259766,70.66755688823392,68.84622367113288,70.66755688823392,10629352
2315,2017-03-03,69.5201187133789,69.66582399279177,68.48196056897453,68.84622623784138,8454072
2316,2017-03-06,70.61290740966797,71.4689326188948,69.61117693817609,69.88437615767387,14858083
2317,2017-03-07,70.86788940429688,71.37786024995938,70.50362380872818,70.86788940429688,11746802
2318,2017-03-08,71.25035858154297,71.97888969372504,70.72217648961166,71.14108089098278,7938282
2319,2017-03-09,70.83146667480469,71.32322625040727,70.12115167952868,71.32322625040727,9777769
2320,2017-03-10,70.13935089111328,71.28678640923697,69.22868699725832,71.03180348335827,16388459
2321,2017-03-14,70.54005432128906,72.37959367996137,70.15757246546481,72.28852727724158,11886293
2322,2017-03-15,70.28506469726562,70.68575784755993,70.1211481407828,70.66754654372909,7772586
2323,2017-03-16,71.06822204589844,71.19571597192285,70.21220198687921,70.72217275030934,5161993
2324,2017-03-17,70.66754913330078,71.76034597923831,70.33970612698464,71.68749087990835,9522200
2325,2017-03-20,70.52183532714844,70.83146207245906,70.21221352250616,70.66754551835463,9378518
2326,2017-03-21,70.39435577392578,70.86789913693177,70.2668618098337,70.6675550081221,8126819
2327,2017-03-22,69.97544860839844,71.25037840951192,69.73867691918262,69.77510447306257,8203222
2328,2017-03-23,70.32149505615234,70.4854165598551,69.79330793592669,70.30328375159364,5875356
2329,2017-03-24,70.57648468017578,71.08645556757494,70.39435186748545,70.61290729017884,6164329
2330,2017-03-27,70.97716522216797,71.43249720453922,70.54004948349251,70.6675434266901,7104197
2331,2017-03-28,71.65106964111328,71.76035229973357,70.90432704021862,70.90432704021862,6020578
2332,2017-03-29,71.7057113647461,71.92427175004917,71.30502308913789,71.8696328888907,6451066
2333,2017-03-30,71.19576263427734,72.0335768825007,70.75864666799066,71.86965530722395,13016042
2334,2017-03-31,71.86961364746094,72.81670510309957,71.26857645429324,71.26857645429324,8522874
2335,2017-04-03,71.46893310546875,72.63458509286279,71.39608294417462,72.63458509286279,9945512
2336,2017-04-05,71.03181457519531,72.08818386888882,70.7403991192556,71.70570200934333,7061975
2337,2017-04-06,71.83320617675781,72.10640542642243,70.33971595712407,71.54179562004995,7466431
2338,2017-04-07,71.03181457519531,71.48714659322428,70.84968176798371,71.41429149407222,9205565
2339,2017-04-10,71.14108276367188,71.2685766997934,70.79502850000888,71.05001637225192,5763232
2340,2017-04-11,72.54352569580078,73.43597360740766,70.84969134783698,71.15931320942694,10668096
2341,2017-04-12,71.97889709472656,73.39953686208861,71.39607609758843,72.85313847177038,6620702
2342,2017-04-13,72.85315704345703,73.23563403791329,71.68750487069674,72.05177055710062,5910355
2343,2017-04-17,73.69095611572266,74.00058289515607,72.48888149047396,72.83493088105458,11138596
2344,2017-04-18,73.70916748046875,74.4194874491116,73.45418449888922,73.76381127857121,7675098
2345,2017-04-19,76.93292999267578,77.77074403826653,73.56347238354607,73.8913105141383,29099215
2346,2017-04-20,76.09510803222656,77.37003772299678,74.83838964648557,77.2243324607568,11822555
2347,2017-04-21,74.89303588867188,76.65972533682942,74.23735967359057,76.27724836814353,7938078
2348,2017-04-24,74.61982727050781,75.38478605247494,74.34662805842446,75.2208694896261,7520828
2349,2017-04-25,75.98582458496094,76.4593678866629,74.60161234649574,75.03873304088863,6293621
2350,2017-04-26,74.92947387695312,75.94942083659228,74.40129155810725,75.94942083659228,5977354
2351,2017-04-27,75.67620849609375,76.55044506733515,74.72911681863678,75.03874360904932,13646716
2352,2017-04-28,75.76729583740234,76.02227889825154,75.02054808476365,75.4030300870431,5477289
2353,2017-05-02,75.03872680664062,76.07688466407184,74.49232845437871,76.07688466407184,5123042
2354,2017-05-03,76.87828063964844,77.88001114354046,75.14801886019859,75.36657923099972,10859280
2355,2017-05-04,76.73257446289062,77.4975332812904,76.1315371558154,76.8600684227354,12952295
2356,2017-05-05,76.13152313232422,77.22431983141014,75.60333608483218,77.22431983141014,4993008
2357,2017-05-08,76.49578857421875,76.67792135710339,75.29370924277939,76.16795055316,6855459
2358,2017-05-09,75.89476776123047,77.04220355295185,75.67620738645759,76.51401639230646,4729357
2359,2017-05-10,76.67794036865234,76.84185694948927,76.13154188452424,76.38652487938252,4623710
2360,2017-05-11,75.84013366699219,77.04221341173384,75.11160228496803,76.86008056622781,4946190
2361,2017-05-12,75.12980651855469,76.35009737642032,74.89302990472835,75.7672713758773,5386419
2362,2017-05-15,75.2937240600586,76.13153799060461,75.16623503948475,76.09511043872541,5353854
2363,2017-05-16,75.54869842529297,75.74904251367337,75.12979400552702,75.3119267915703,4077710
2364,2017-05-17,76.05868530273438,76.38652339872266,75.09338232095314,75.62156948830635,3694898
2365,2017-05-18,75.85832977294922,76.27723421824565,75.4394253276528,75.76726337437746,5797418
2366,2017-05-19,74.94766998291016,77.13326367098507,74.34662776615468,76.38651619649166,17793954
2367,2017-05-22,73.76382446289062,75.65800315004974,72.56174468115198,75.40302012289533,7423973
2368,2017-05-23,73.36310577392578,74.12806447158627,71.88782722686597,73.92771544040458,6465473
2369,2017-05-24,72.81670379638672,74.27376602793947,72.30673300347682,73.72736769110719,6650433
2370,2017-05-25,72.47066497802734,73.19919624899747,71.2685903571942,73.10812984012621,9992276
2371,2017-05-26,73.65452575683594,74.27377929210222,72.23389081550187,72.85314435076815,6466364
2372,2017-05-29,76.16795349121094,76.76899070978065,73.98235507162158,74.00057131501347,14504778
2373,2017-05-30,74.34664154052734,76.09511977933302,73.5998988683518,76.09511977933302,10884114
2374,2017-05-31,75.74906158447266,76.24082121872993,74.65626459308727,74.65626459308727,7781359
2375,2017-06-01,75.6397705078125,76.38651301049148,75.16622720474803,75.60334295973021,6369921
2376,2017-06-02,75.07514953613281,75.89475200656057,74.7837390573743,75.80368561436504,6713770
2377,2017-06-05,74.78374481201172,75.53049224987835,74.38305166738431,75.31193190365718,5093948
2378,2017-06-06,74.10986328125,74.91124968741464,73.69095877193766,74.87482213428551,5324457
2379,2017-06-07,74.69268798828125,74.92945966842942,73.65452991614191,74.27378348637772,7605903
2380,2017-06-08,75.53048706054688,75.65797605813741,74.16448622568291,74.67446197871715,7487370
2381,2017-06-09,75.47584533691406,75.94939355759021,75.2208623940898,75.54870042953137,6432439
2382,2017-06-12,75.11160278320312,75.7308564382992,74.6744869154909,75.18445789815667,3684911
2383,2017-06-13,76.58686828613281,77.64323762246053,75.03873936235304,75.20265593105786,15775215
2384,2017-06-14,76.67794036865234,77.58860450886583,76.31367471256694,76.86007319669504,13639132
2385,2017-06-15,76.62329864501953,77.31540237758456,76.25903300254646,76.49580468202016,5595511
2386,2017-06-16,76.47756958007812,77.04218415110799,75.62154948385192,76.49578582211198,6127735
2387,2017-06-19,77.37002563476562,77.57036972146041,76.47757301439505,76.49578925724693,6393073
2388,2017-06-20,75.8765640258789,78.31714622204329,74.89304464756314,77.31541553477236,12876594
2389,2017-06-21,74.92947387695312,75.76728798029993,74.5834244143996,75.76728798029993,13855413
2390,2017-06-22,73.69095611572266,76.02225520325676,72.85314712729706,74.98409715017712,33713902
2391,2017-06-23,75.03872680664062,75.40299237481523,73.72736977307845,73.9459301021168,9034020
2392,2017-06-27,74.94766998291016,75.29371935245419,73.39954112052376,75.03873638657994,6947747
2393,2017-06-28,75.62155151367188,76.11330607043367,74.09163417515019,75.03872562563181,7103873
2394,2017-06-29,75.76729583740234,76.67796021330042,75.3666025238731,75.76729583740234,7577681
2395,2017-06-30,76.69615173339844,76.87828456157936,75.69442117840332,75.73084873217334,7751039
2396,2017-07-03,77.02397155761719,77.46109221778703,76.31365666067617,76.49578944563561,8768284
2397,2017-07-04,76.75079345703125,77.58860746232104,76.40474403497905,77.58860746232104,4530105
2398,2017-07-05,76.51400756835938,77.02397842357124,76.31366346331242,77.02397842357124,6062229
2399,2017-07-06,76.441162109375,76.86006658972994,76.13153534018439,76.86006658972994,5577232
2400,2017-07-07,76.29545593261719,76.64151027067818,75.84012387762589,76.38652234361545,7641379
2401,2017-07-10,76.9875717163086,77.22434341862926,76.49581206338443,76.49581206338443,2844699
2402,2017-07-11,77.20610809326172,77.71608386845725,76.8236312025333,77.40645713085088,13833624
2403,2017-07-12,77.9528579711914,78.31712357029663,77.20611052862466,77.20611052862466,9211263
2404,2017-07-13,78.35355377197266,79.04565744557867,78.1167821126691,79.02744614127398,9596900
2405,2017-07-14,78.38998413085938,78.77246106031453,78.13499621744344,78.77246106031453,4889330
2406,2017-07-17,78.93638610839844,79.20958533902645,78.40819895291668,78.40819895291668,6302565
2407,2017-07-18,78.46283721923828,80.13846014258841,78.22606554261323,79.02745192267993,7549621
2408,2017-07-19,79.64669036865234,79.95631710961014,78.69959884246842,79.1913583792051,8521832
2409,2017-07-20,79.66490173339844,80.13844499715319,79.28241992128763,79.77417942790554,10233967
2410,2017-07-21,78.42642211914062,79.93812870976662,77.77074584274285,79.93812870976662,4948380
2411,2017-07-24,78.95459747314453,79.13673029369924,77.67966772926152,77.67966772926152,6137724
2412,2017-07-25,79.04566192626953,79.62848792574778,78.7906740075388,79.22779474231469,6113154
2413,2017-07-26,79.1549301147461,79.39170669964803,78.51746533529558,79.35527915268862,5258903
2414,2017-07-27,78.91815948486328,79.81061216383216,78.59032143935147,79.30064132185065,21380991
2415,2017-07-28,78.18962860107422,78.97279864078611,77.24253706763893,78.71781568914436,8260545
2416,2017-07-31,81.34052276611328,81.66836574454007,78.18962644983817,78.18962644983817,17403810
2417,2017-08-01,81.74121856689453,82.17833925862901,80.37522258105972,81.52265822102729,15263765
2418,2017-08-02,80.79413604736328,82.32405369854523,80.39344779932559,81.83229410061753,12014487
2419,2017-08-03,81.21305084228516,81.79587194723057,79.8652659205931,80.50273082721273,5285543
2420,2017-08-04,81.81407165527344,82.01441575201353,80.72127489341503,81.74121656154892,7975937
2421,2017-08-07,82.30583953857422,82.41511724958218,81.23125397076473,81.95978521926777,4619568
2422,2017-08-08,81.19481658935547,82.54260121216745,80.66663446254287,82.50617366601911,3229672
2423,2017-08-09,80.83056640625,82.03264601411531,80.42987320362822,81.08555433719178,4573769
2424,2017-08-10,79.19136047363281,80.79412813074296,78.44461796745703,80.79412813074296,6813656
2425,2017-08-11,79.7377700805664,80.32059611250854,77.22433806727692,77.406470893467,8860877
2426,2017-08-14,81.14019012451172,81.57731086367131,79.77419399047407,79.8652603994099,4990789
2427,2017-08-16,80.3934326171875,81.83227864675627,80.01095080628848,81.48622932146817,5221989
2428,2017-08-17,79.9381103515625,80.72128042980898,79.68312244670618,80.32058726817843,2837686
2429,2017-08-18,81.21305084228516,81.52267270153645,79.66492178335177,79.77419950536172,7721084
2430,2017-08-21,80.24774169921875,81.94158094995909,79.97454245757277,81.59552660093986,5203218
2431,2017-08-22,79.9563217163086,80.99447970019564,79.42813460185087,80.84877444331134,6646897
2432,2017-08-23,80.04739379882812,80.42987074286981,79.28243497007581,79.99275494120344,5312780
2433,2017-08-24,80.48452758789062,80.93985970968822,79.79241881022249,79.95634035033751,5492256
2434,2017-08-28,79.08207702636719,80.46628423410334,78.91815554146798,80.46628423410334,9753985
2435,2017-08-29,78.42642211914062,79.61028563089803,77.88002357525258,79.15495351099133,12235532
2436,2017-08-30,78.53568267822266,79.20957501406373,78.04392313905925,78.99101466991685,9313551
2437,2017-08-31,79.8652572631836,80.13845647926287,78.33533967687217,78.77246039886649,8143692
2438,2017-09-01,78.863525390625,79.66491171969379,78.60853748392077,79.66491171969379,8803556
2439,2017-09-04,79.26420593261719,79.86524311337145,77.51572829508828,78.89994037571547,6239751
2440,2017-09-05,78.75426483154297,79.26423581533149,78.64498215887207,79.22780825777453,3937595
2441,2017-09-06,78.06212615966797,78.69959088040157,77.5885829148187,78.31711402422853,4800221
2442,2017-09-07,78.64497375488281,78.73604016870905,77.78894847678234,78.49926848089466,5008597
2443,2017-09-08,77.62503814697266,78.91817935116644,77.37005019145887,78.75426275748148,8588797
2444,2017-09-11,79.79000854492188,79.93804091292228,77.95809355963094,78.08762376397294,6205180
2445,2017-09-12,79.67898559570312,80.04906904914121,79.30890214226503,79.7900136434814,4307268
2446,2017-09-13,79.10535430908203,79.97505138524232,78.82779173283372,79.67898162549741,3679773
2447,2017-09-14,79.17935943603516,79.93802833994677,78.6982480412328,78.93880122884549,6793237
2448,2017-09-15,78.64274597167969,78.99432722468107,77.0143799453325,78.71675964312689,9054445
2449,2017-09-18,79.6974868774414,80.4376537294982,78.64274810934494,78.64274810934494,10470233
2450,2017-09-19,79.88253784179688,80.08608174185419,78.75378024994018,80.08608174185419,5530915
2451,2017-09-20,78.7907943725586,80.0120729056018,78.64276197995358,79.90104484646409,5687495
2452,2017-09-21,78.2911605834961,78.7907741725809,77.8470635195364,78.7907741725809,5113744
2453,2017-09-22,77.55101013183594,78.21716339751012,77.01439210569718,77.73605186903792,5195124
2454,2017-09-25,77.7730484008789,79.14235903829828,76.84783986737327,77.34745347938183,13057600
2455,2017-09-26,77.9950942993164,79.01282361892623,77.77304326203155,79.01282361892623,6570371
2456,2017-09-27,77.03289031982422,78.84629824746082,76.53327665109319,78.45771262710231,7885119
2457,2017-09-28,77.34745025634766,78.05060770859617,75.86711666442348,76.23720006240453,11633088
2458,2017-09-29,78.08763885498047,78.69827562822822,76.27422568289253,78.08763885498047,13782560
2459,2017-10-03,76.292724609375,78.55023472686504,76.05217136348352,78.51322537682523,12296210
2460,2017-10-04,77.365966796875,77.9581013476083,75.88563292983088,75.88563292983088,12075908
2461,2017-10-05,75.8486328125,77.49550644789632,75.55256801088171,77.34747404708716,17352392
2462,2017-10-06,75.77460479736328,76.18169256773736,75.33050265931057,75.86712565782611,13466622
2463,2017-10-09,74.36827850341797,75.81160280233269,73.88717207697223,75.81160280233269,21446056
2464,2017-10-10,75.77460479736328,76.2372090996774,74.38679189042095,74.40529405468234,14560236
2465,2017-10-11,75.07144927978516,76.27422057855611,74.53483125054208,76.01516515672171,11830976
2466,2017-10-12,74.86791229248047,75.57106995896407,74.5718474917228,75.14547492553285,5518551
2467,2017-10-13,76.10768127441406,76.64430428973387,74.09072444533267,74.90491005073278,11394674
2468,2017-10-16,76.14468383789062,77.19942259011626,75.92263278169928,76.49626007558074,11521216
2469,2017-10-17,75.83011627197266,76.57028315530674,75.4785349945578,75.95964648047172,4936452
2470,2017-10-18,79.03134155273438,79.29040198452996,76.23721341637925,76.31122709719355,18484486
2471,2017-10-19,77.95809936523438,78.82779649392316,77.55100655823342,78.77228497923625,559370
2472,2017-10-23,79.03134155273438,79.27189981922095,78.08763073040998,78.80929047113504,14162373
2473,2017-10-24,79.5864486694336,79.90102054528164,78.23564534093241,78.93880275663112,7050716
2474,2017-10-25,79.97505187988281,81.04829284409867,79.12385696237669,79.93804253223857,16306452
2475,2017-10-26,78.45770263671875,79.84551541782268,77.99509837635078,79.34590181270977,23524154
2476,2017-10-27,78.36518859863281,79.03133678365442,77.86557495007763,78.58723966683266,9985329
2477,2017-10-30,78.6057357788086,79.38291194788073,78.40219191005096,78.43919623558688,4118717
2478,2017-10-31,78.40220642089844,81.01129295041714,77.9766064026892,78.71677336363958,16442260
2479,2017-11-01,77.84707641601562,78.97582895426495,77.21793253004108,78.77228506034398,12417385
2480,2017-11-02,79.6419677734375,80.04905548758997,78.38368022925893,78.45769891523787,16259892
2481,2017-11-03,77.73604583740234,81.60341985268096,77.56951129858919,81.60341985268096,26293141
2482,2017-11-06,77.97660064697266,78.93881862909927,77.53250351492981,77.99510783137741,7985183
2483,2017-11-07,76.84784698486328,78.53172466396983,76.42225202394846,78.30967861102506,9702210
2484,2017-11-08,77.03289031982422,77.69903853174685,76.66280686440541,76.97737880542702,12777065
2485,2017-11-09,76.97738647460938,77.64353475289971,75.86713599773974,77.64353475289971,9492091
2486,2017-11-10,78.21717071533203,78.45772399228456,76.4222646926297,76.60730644714377,8999608
2487,2017-11-13,78.08763885498047,78.95733608697756,77.45849489491991,78.42071300224481,7885278
2488,2017-11-14,76.5887680053711,78.10611077710053,76.27419614715282,78.08760861703107,4927717
2489,2017-11-15,76.60729217529297,76.81083605950691,75.64507422716409,76.49626413152161,8653007
2490,2017-11-16,77.08840942382812,77.2919583560954,75.92264742840138,76.6443122453496,18027175
2491,2017-11-17,77.19942474365234,77.69903335954776,76.88485282357085,77.45848013345407,9193722
2492,2017-11-20,77.2734375,77.82856263957989,76.10767571079778,77.82856263957989,8277194
2493,2017-11-21,76.45925903320312,77.32895109297547,76.16318927237229,77.32895109297547,15596732
2494,2017-11-22,76.62580108642578,77.03289391027643,75.90413630689152,77.03289391027643,8665005
2495,2017-11-23,77.365966796875,77.64352939694577,76.44075812997242,76.94037181401546,6824919
2496,2017-11-24,78.16165924072266,78.40221755285,76.97739494680117,77.16243671331195,7734712
2497,2017-11-27,77.7730484008789,78.40219221149377,76.97737006597957,78.38368502907713,14811199
2498,2017-11-28,77.1069107055664,77.71754741645042,76.3112272433467,77.71754741645042,21546865
2499,2017-11-29,77.25494384765625,77.62502731481479,76.81084167923471,77.19943233149813,7324543
2500,2017-11-30,76.25572967529297,77.1624363345771,75.92265550112423,77.1624363345771,19256592
2501,2017-12-01,75.10845184326172,76.73682300855437,74.83088926093838,76.60729279955454,8172074
2502,2017-12-04,75.0344467163086,75.47854388688253,74.34979126464793,75.31200933025924,7124561
2503,2017-12-05,74.12773132324219,74.92340971769623,72.85094144360858,74.75687518094702,17485101
2504,2017-12-06,74.1092300415039,74.33127609314697,73.5170955247738,73.90568113472712,5557173
2505,2017-12-07,74.86791229248047,75.12697275782757,73.81317328296564,74.10924310330216,11119755
2506,2017-12-08,75.16395568847656,75.42301608004993,73.97969180311493,75.12695136360388,14615599
2507,2017-12-11,75.6080551147461,76.01514785017743,74.97891134002701,75.42301341860251,8231500
2508,2017-12-12,75.08995819091797,75.68209277091267,74.71987470586858,75.68209277091267,8310332
2509,2017-12-13,74.20175170898438,74.92341142382016,73.96119345112774,74.38679343374915,12105970
2510,2017-12-14,74.0537109375,74.60883608648689,73.46158146090957,74.49781306452064,12838407
2511,2017-12-15,73.59109497070312,74.81237311645278,73.09148643154514,74.53481058599745,22654959
2512,2017-12-18,73.97969055175781,74.05370421982867,71.57414845769645,73.62810931479483,16832008
2513,2017-12-19,74.97891998291016,75.12695737255123,73.72063730800595,74.27576246042644,20133065
2514,2017-12-20,75.10845184326172,75.25648421658525,73.99820151396835,75.1639633558108,14097971
2515,2017-12-21,75.16395568847656,75.7930994853962,74.79387228313028,75.7930994853962,7881749
2516,2017-12-22,75.14545440673828,75.34899827423327,74.70135230728694,75.1269522440851,7399925
2517,2017-12-26,74.92342376708984,75.49705622011061,74.46081937896611,75.08996335464595,7946762
2518,2017-12-27,74.4607925415039,75.68207069771987,74.3127601945745,74.94190394349579,7831439
2519,2017-12-28,73.70214080810547,74.77538184801485,73.46158756081894,74.55333076606644,15796200
2520,2017-12-29,74.14623260498047,74.64584624843758,73.81315851586835,73.85016786345366,8561565
2521,2018-01-01,74.0907211303711,74.66435346928515,73.6651261818722,73.6651261818722,6388017
2522,2018-01-02,74.29428100585938,74.68286666414959,73.7576579352885,74.47932275163159,4383705
2523,2018-01-03,74.6273422241211,74.92340695826759,74.23875161352886,74.57183071391584,8187397
2524,2018-01-04,74.14623260498047,75.07144119672407,74.01670741779866,74.75687429119353,4204055
2525,2018-01-05,74.47933197021484,74.77539679226399,74.23877365527328,74.4978341392507,4923559
2526,2018-01-08,74.22026824951172,75.2194957646152,74.03522648890582,74.75689136310044,11797863
2527,2018-01-09,74.38678741455078,74.53481977846857,74.12772701301144,74.42379174084701,7380366
2528,2018-01-10,73.96118927001953,74.71986331041322,73.46158065706052,74.71986331041322,8710385
2529,2018-01-11,73.22103118896484,74.12773770556278,73.0174872866649,73.68363553017228,12305664
2530,2018-01-12,72.66590118408203,73.38756591657223,72.42534794644463,73.3135472190324,9411915
2531,2018-01-15,73.75765228271484,74.10923358056932,72.22180691442392,73.20252708794139,9962401
2532,2018-01-16,72.61039733886719,73.75765715442475,71.92574188284263,73.68363844906804,13205546
2533,2018-01-17,73.05449676513672,73.5356032729992,71.79621395877624,72.5363809059975,13012437
2534,2018-01-18,72.90645599365234,73.94268759273979,72.44385170484941,73.49858546765786,24603506
2535,2018-01-19,72.5733871459961,73.27654978000848,71.90723888381208,72.9064662966666,8082214
2536,2018-01-22,72.27730560302734,72.88794220499364,72.16628259160706,72.59187749482129,9833311
2537,2018-01-23,72.48085021972656,72.6658919204084,71.81470210510287,72.27730635680749,16134097
2538,2018-01-24,72.51786041259766,72.88794381829317,72.22179569587223,72.27730720281107,11061376
2539,2018-01-25,71.9072265625,72.85093727548548,71.48163163349827,72.7954257664118,13143678
2540,2018-01-29,71.85172271728516,72.5363781210944,71.7962112022905,71.98125293199148,11002896
2541,2018-01-30,72.14781188964844,72.59191419903306,70.57495665498274,71.72221677124311,22826262
2542,2018-01-31,71.72219848632812,72.27732372174489,71.05605021165945,72.14779349623193,14372442
2543,2018-02-01,72.11077117919922,72.22179921806908,69.94578214638031,71.98124599655091,17028230
2544,2018-02-02,71.38909912109375,71.98123350020208,70.68593672239065,71.98123350020208,22083930
2545,2018-02-05,72.72142028808594,72.88795483407132,70.31587276793,70.31587276793,21997294
2546,2018-02-06,72.14781188964844,72.38836521574017,70.31589613791175,70.31589613791175,13495253
2547,2018-02-07,72.3513412475586,72.85094993562203,71.5741649267354,72.4623642849997,14316750
2548,2018-02-08,72.40753173828125,72.95096491010239,72.08896764043025,72.70735886466822,33536651
2549,2018-02-09,72.40753173828125,72.8197908600131,71.58301349481754,71.95779867362135,15183068
2550,2018-02-12,74.39387512207031,74.60000215744274,72.445016439375,72.78231753511206,11747845
2551,2018-02-14,73.25082397460938,74.37516482942821,72.59495847596504,74.37516482942821,13853923
2552,2018-02-15,74.16902160644531,74.31893267122396,72.96972292165245,73.45694023628535,8833619
2553,2018-02-16,73.28827667236328,74.30018511122871,72.98845458551187,74.2439640220731,6252218
2554,2018-02-19,72.76359558105469,73.81297811400945,72.55746341985447,73.30702382433127,4332550
2555,2018-02-20,73.0821533203125,73.58810248206024,72.61367810885618,73.04467428673972,8479558
2556,2018-02-21,72.68862915039062,73.41945249404654,72.44502306359907,73.30701539633266,9258406
2557,2018-02-22,71.30194091796875,72.8947616863461,70.92716075676967,72.4450234595947,25535938
2558,2018-02-23,72.42628479003906,72.65114881487158,71.33941828136989,71.43311331947716,11567495
2559,2018-02-26,73.51314544677734,73.9066625694008,72.33258899562588,73.08214929264663,8362326
2560,2018-02-27,74.11280822753906,74.30019833599522,73.28828971701915,73.9254181190829,17333449
2561,2018-02-28,74.09404754638672,74.28143760775048,73.2320552974257,73.75674645258809,5795018
2562,2018-03-01,73.98162841796875,74.39388764137102,73.28828405360335,73.86919131161451,8106682
2563,2018-03-05,73.81298065185547,73.85045969002428,72.80107712098952,73.75676463624325,6992551
2564,2018-03-06,72.38880157470703,74.01909616021302,71.99527938742995,73.86918004128032,9525018
2565,2018-03-07,72.46375274658203,72.70736389214147,71.67671347490558,72.23888874034367,9481007
2566,2018-03-08,73.23206329345703,73.41945337528146,72.10772280251044,72.65115098983252,10429826
2567,2018-03-09,72.29509735107422,73.32574257966508,71.88283824298183,73.26952658385252,9887071
2568,2018-03-12,73.0821533203125,73.32575941361351,72.33259298198237,72.5199830665649,14242997
2569,2018-03-13,73.10090637207031,73.83172989598005,72.42630395252478,73.0446903509886,10581316
2570,2018-03-14,72.83854675292969,73.53189112641594,72.51998765560617,72.95098386076302,8577503
2571,2018-03-15,73.00719451904297,73.36323770948214,72.63241435364651,72.68863036179971,6132848
2572,2018-03-16,72.05150604248047,73.88792780853342,71.71419983209256,72.85728236925785,10373796
2573,2018-03-19,72.7823257446289,73.119626878412,72.14520251043447,72.48250364421757,13496140
2574,2018-03-20,73.044677734375,73.4944109086312,72.25763832532462,72.74485053492258,9661410
2575,2018-03-21,72.7823257446289,73.26954301189903,72.55745662767973,73.26954301189903,9675146
2576,2018-03-22,72.22015380859375,72.969714125412,72.05150578727839,72.78232404620744,11371840
2577,2018-03-23,72.80107116699219,73.17585135146511,71.58303048417359,71.58303048417359,9062739
2578,2018-03-26,73.044677734375,73.2695468631439,72.80107162957601,72.85728764094785,15451169
2579,2018-03-27,73.43818664550781,73.58809768674872,73.11962250582022,73.11962250582022,7563470
2580,2018-03-28,72.42628479003906,73.38197214542069,72.070241611919,73.26954013300444,14095921
2581,2018-04-02,73.044677734375,73.15710975711865,72.29511736066638,72.29511736066638,6821616
2582,2018-04-03,74.41261291503906,74.76865607091229,72.91349239899317,73.00718743124604,6269850
2583,2018-04-04,73.47565460205078,74.91855895848562,72.95096349515092,74.56251584133199,9689298
2584,2018-04-05,73.55061340332031,74.3751265559225,73.45691838030095,74.16899953859203,8673501
2585,2018-04-06,73.43818664550781,74.1690099610687,73.36323366652788,74.01909891982778,7948746
2586,2018-04-09,73.40070343017578,73.64431457699641,73.15709736663591,73.45692451530715,4610445
2587,2018-04-10,73.81298065185547,74.45010905087928,73.56937452868118,73.77550161368666,7562115
2588,2018-04-11,73.83171081542969,74.28144395113999,73.38197259643819,74.20649097016219,5790314
2589,2018-04-12,73.58810424804688,74.16901657416244,73.4944092035071,73.90666841613844,3537785
2590,2018-04-13,74.01909637451172,74.20648644043928,73.6068372128149,73.64431624265659,3438013
2591,2018-04-16,74.6562271118164,75.29335543382737,73.75675572089848,73.9254088306312,9628436
2592,2018-04-17,76.79247283935547,77.63572818550722,75.78056439066089,76.15534454450611,23457958
2593,2018-04-18,76.8299560546875,77.12977816077614,76.58634487479885,76.86743000548749,8814122
2594,2018-04-19,77.99178314208984,78.29160527712808,76.81122141258221,77.01735357829268,10627620
2595,2018-04-20,77.65446472167969,78.55394115245738,77.27968456994937,78.25411398110444,5446620
2596,2018-04-23,77.50454711914062,77.91680626781448,76.90489791045873,77.91680626781448,4139986
2597,2018-04-24,77.37339782714844,78.02926324711443,76.75501144783696,78.02926324711443,3594644
2598,2018-04-25,77.71068572998047,78.70385211437333,76.4176921745475,77.3546425528957,5924775
2599,2018-04-26,77.57951354980469,78.21663677262993,77.27968637146229,77.78564060474906,7950190
2600,2018-04-27,77.91682434082031,78.21664647306541,77.6170022085752,77.76691327469776,7371596
2601,2018-04-30,77.89807891845703,78.32907509306358,77.59825173543584,77.78564181859359,5644871
2602,2018-05-02,76.88616943359375,78.36655310455015,76.71751632763826,77.57951374889335,7210903
2603,2018-05-03,77.37339782714844,77.78565710778354,76.17410410918002,76.82996952914601,3782713
2604,2018-05-04,77.72942352294922,77.8793345684077,76.64256208927377,77.57951247749075,22466426
2605,2018-05-07,78.4415054321289,78.70385357625182,77.57951310135,77.57951310135,6003886
2606,2018-05-08,79.7344970703125,80.20297225678247,78.27285550518243,78.5164615854906,19748071
2607,2018-05-09,79.39720916748047,80.09055357551159,79.13486098607994,79.45342518255717,13934330
2608,2018-05-10,77.95430755615234,79.3784703855678,76.71752975697162,79.1536012326911,13973187
2609,2018-05-11,77.5232925415039,78.32906881787265,77.18598635221757,78.25411075730216,10688957
2610,2018-05-14,78.34781646728516,78.62890160780466,77.2047389291518,77.2047389291518,13962128
2611,2018-05-15,80.14677429199219,80.95255077744349,78.19791504427913,78.32908914267405,56040833
2612,2018-05-16,79.9968490600586,80.57775628594077,79.65954284293335,80.35288716895106,18183776
2613,2018-05-17,79.9968490600586,80.95253645316316,79.56584780112776,79.64080586788478,17900935
2614,2018-05-18,79.80945587158203,80.57775828340239,79.49089678817124,80.0905460872482,18414996
2615,2018-05-21,79.697021484375,80.37162883202652,79.30350434403928,80.37162883202652,16669979
2616,2018-05-22,78.98493194580078,80.20296735619795,78.51645678795572,80.10927232462893,9411261
2617,2018-05-23,79.19107055664062,79.62206674819704,78.59142125029703,79.07863853563687,18219990
2618,2018-05-24,79.3597183227539,79.60332440736454,79.22854425156936,79.60332440736454,17260447
2619,2018-05-25,79.47216796875,79.84694820769805,78.79756557195644,78.79756557195644,30090956
2620,2018-05-28,77.56075286865234,79.64078530977535,77.3171468394974,79.54709029215576,17488299
2621,2018-05-29,77.57951354980469,78.59141693309697,77.11103834922088,78.0479887503885,15749359
2622,2018-05-30,78.51646423339844,79.43467257987677,77.57951382886057,77.57951382886057,36016623
2623,2018-05-31,78.49771881103516,79.71575428473106,75.55569365022113,78.66637190993625,274352477
2624,2018-06-01,77.18599700927734,77.9168204092612,75.08722693961656,77.54204022122468,17096388
2625,2018-06-04,75.59317016601562,77.56076586574304,75.1809110027499,77.56076586574304,14456405
2626,2018-06-05,74.52503967285156,75.38703695885009,73.11961428801963,75.25586290627635,13788817
2627,2018-06-06,75.36831665039062,76.17409817015073,74.01911195827924,74.01911195827924,8130515
2628,2018-06-07,75.98670959472656,76.43644280672488,74.3001986123483,75.49949226095917,7683528
2629,2018-06-08,74.16902160644531,75.40579424497146,73.738025388976,75.29336221720793,12429285
2630,2018-06-11,73.344482421875,74.67495481901985,72.89474935448777,74.43134368882798,19668041
2631,2018-06-12,73.10090637207031,73.62559770763711,72.4825199736065,73.62559770763711,13416832
2632,2018-06-13,74.2627182006836,74.71245140436598,73.11963550601673,73.56937379298107,10866676
2633,2018-06-14,74.52503967285156,74.71242972416249,73.6817844419524,74.28143362280346,7205187
2634,2018-06-15,74.15027618408203,74.58127746529017,73.55063195215726,74.52505637067581,9527937
2635,2018-06-18,74.45008850097656,74.7686526125576,73.5506172496094,74.15026136166712,4303444
2636,2018-06-19,74.46883392333984,74.84361407754308,73.75675264700992,74.03783776266235,8099053
2637,2018-06-20,74.63749694824219,74.84362402714373,73.7567624521248,74.46884382311777,8160216
2638,2018-06-21,73.25082397460938,74.45012291972931,72.6324375211156,74.24399071304276,10942576
2639,2018-06-22,74.09404754638672,74.35639566560829,72.74483808791148,73.53187736229542,7677797
2640,2018-06-25,72.7823257446289,74.31892544662007,71.77041725999827,74.09405632967089,8701812
2641,2018-06-26,71.48933410644531,72.96971784085135,70.83346879583429,72.66989573217033,9869227
2642,2018-06-27,70.15885925292969,72.14519703815363,69.59668904483854,71.93906491188497,13094540
2643,2018-06-28,69.25938415527344,70.73976257245373,68.64099289351083,70.60859359768536,22542641
2644,2018-06-29,70.02767944335938,71.33940982130433,68.99703414640263,69.42803025392843,8435793
2645,2018-07-02,69.35307312011719,70.21506528343686,68.77216093763633,70.08389123685858,13100144
2646,2018-07-03,69.16570281982422,69.50300397638928,67.91018815839934,68.97831272359011,9990760
2647,2018-07-04,68.58478546142578,70.9271614932421,68.2662213044425,69.42804083287965,10626271
2648,2018-07-05,68.0788345336914,68.86587393532463,67.66658039866209,68.64100480867492,7739370
2649,2018-07-06,68.13505554199219,68.54730967650222,67.77901233497181,68.0788344479394,7229617
2650,2018-07-09,69.14694213867188,69.33433218444107,68.20999190982593,68.28494996144573,10238815
2651,2018-07-10,68.97830963134766,69.46552182640234,68.73469845053886,69.33434774826254,7258266
2652,2018-07-11,68.54730987548828,69.24065423243029,68.35991978351917,68.88461610765793,3825437
2653,2018-07-12,68.43486022949219,68.80964031691276,68.06008014207163,68.65972929860058,11523981
2654,2018-07-13,68.11629486083984,68.7159440061209,67.92890482064452,68.2849479303277,4793733
2655,2018-07-16,67.96639251708984,68.39738864787333,67.68530742093355,67.85396051193965,12191173
2656,2018-07-17,68.00386810302734,68.30369015709951,67.46043491133089,67.72278302110446,4698206
2657,2018-07-18,66.89827728271484,68.88461528379979,66.72962925192861,68.43487703514016,5845129
2658,2018-07-19,66.50475311279297,67.7602675981969,66.37357904716313,67.12313932701252,5980121
2659,2018-07-20,65.88636779785156,66.69214409303144,65.24923951797106,66.52349099445101,5273662
2660,2018-07-23,66.3548583984375,66.71089656899169,65.83016200682968,65.94259912643803,6336970
2661,2018-07-24,66.61717987060547,66.87952798118653,66.0550097050294,66.78583295359051,6260188
2662,2018-07-25,65.83014678955078,67.08566129361843,65.47410870129825,66.95448722603864,7757736
2663,2018-07-26,68.1537857055664,68.88460902238822,65.28671860999351,66.05501587472942,33869484
2664,2018-07-27,67.42295837402344,69.25938504370586,66.78583521476774,68.67847280297423,19690254
2665,2018-07-30,68.65973663330078,68.86586367008988,67.47918024846699,67.7977392901809,10288607
2666,2018-07-31,68.32244873046875,69.55922135662482,68.15379560722847,68.828397933626,11713824
2667,2018-08-01,69.22190856933594,69.61542567977283,67.51665589645387,68.58478030328665,10299992
2668,2018-08-02,70.72102355957031,71.30193069281053,69.240640101818,69.76533631887689,12305598
2669,2018-08-03,71.283203125,71.56428824267289,70.8334649034109,71.13329207889737,7491196
2670,2018-08-06,71.00212860107422,71.90160009517527,70.70230646413452,71.90160009517527,4944677
2671,2018-08-07,70.87095642089844,71.45186881639553,70.32752814763198,71.15204158808932,3270258
2672,2018-08-08,71.02086639404297,71.4706046878995,70.40248005245175,70.87095532385146,6225545
2673,2018-08-09,72.18269348144531,72.33260965028306,70.40248726768118,71.020873672648,6328977
2674,2018-08-10,71.41436767578125,72.651139995346,70.87093448741703,72.59492399596225,4909902
2675,2018-08-13,70.45868682861328,71.20824716455763,70.14012775246202,70.68355594605286,2537940
2676,2018-08-14,70.42121124267578,70.83346535124413,69.91525701100953,70.29003717027621,2304692
2677,2018-08-16,70.34625244140625,71.20824476538719,70.12138333154303,70.23382042811524,3661689
2678,2018-08-17,70.12139892578125,70.83348036263963,69.61544458689055,70.64609024329361,4022502
2679,2018-08-20,70.32752990722656,70.77726313601504,69.55922738104594,70.27130880575605,2487784
2680,2018-08-21,70.2900390625,70.57112418951688,69.65291074128253,70.32751809609186,3655095
2681,2018-08-23,71.283203125,71.58302521720526,70.2900367258787,70.2900367258787,9442607
2682,2018-08-24,71.56429290771484,72.93223955290527,71.03960167051213,71.39563979280469,8393334
2683,2018-08-27,74.13153839111328,74.31892848234509,71.54555614877077,71.63925119438667,14042229
2684,2018-08-28,73.887939453125,75.12471214185608,73.36324816345976,74.0565875016163,8224129
2685,2018-08-29,72.351318359375,74.59999901390694,71.99527522242855,73.83170182358741,6955827
2686,2018-08-30,73.81298065185547,74.28145592076062,72.10773270635349,72.4262969058654,22347117
2687,2018-08-31,75.51822662353516,75.79931175861111,73.02593435923639,73.02593435923639,11854651
2688,2018-09-03,72.89476013183594,76.82995174050673,72.70737005523257,76.02417034448732,8999761
2689,2018-09-04,72.87601470947266,73.62557498127843,71.82663236225692,72.89475676623636,5387824
2690,2018-09-05,73.32575225830078,73.83170645395761,72.23889089043706,72.76358205941119,7334087
2691,2018-09-06,74.69371032714844,75.6119238279321,73.26954763540405,73.45693773080629,16457730
2692,2018-09-07,73.344482421875,75.29334096372754,72.27635812649967,75.29334096372754,4580610
2693,2018-09-10,73.36349487304688,74.1429492683747,72.29888052463056,73.43954096524766,6293799
2694,2018-09-11,71.06317138671875,74.0859187297687,70.79701519733844,73.40152446717111,9560546
2695,2018-09-12,73.68669891357422,74.23802030821106,71.13922131755606,71.13922131755606,13582243
2696,2018-09-14,76.10108947753906,76.78548374638997,73.72471332588132,74.23801160605267,22816500
2697,2018-09-17,76.7664794921875,77.39384180315804,75.05548855841333,75.05548855841333,15162744
2698,2018-09-18,75.62580108642578,77.52690167691289,75.34063599785271,76.61437442489216,4937349
2699,2018-09-19,75.39768981933594,76.04406627011844,74.59922630868313,75.66384604190918,6025625
2700,2018-09-21,76.19615936279297,76.76648975026255,74.18098889949336,75.66385203256814,11174973
2701,2018-09-24,75.13153839111328,76.17714408541171,73.97186868390008,76.04407112270023,3992299
2702,2018-09-25,73.23043823242188,75.51175978163702,72.86923208136986,74.90341149416683,10770907
2703,2018-09-26,73.32546997070312,73.76272725418976,71.55744736391749,73.55360308446448,7286693
2704,2018-09-27,73.97186279296875,74.48516112434183,73.05933529112039,73.38252351139728,8101331
2705,2018-09-28,71.63349151611328,75.26459166575509,71.23425728856596,73.95283532198239,10284429
2706,2018-10-01,73.15438842773438,73.72471874606245,70.68295704831273,71.59548452622431,4684738
2707,2018-10-03,71.84262084960938,73.11635948942278,71.61448770922894,72.43196006828144,10349581
2708,2018-10-04,71.9566879272461,72.60306432653387,70.16965609126977,71.48141267984816,11239097
2709,2018-10-05,71.21526336669922,72.83119924713357,70.8540521070696,71.86163462463298,7035573
2710,2018-10-08,70.96812438964844,71.88065189561898,69.39020633476862,70.91108723040847,4680183
2711,2018-10-09,70.93009948730469,72.0327370764939,70.45482421980358,71.12020959430514,5552286
2712,2018-10-10,71.15823364257812,71.84262797452728,70.79702237139747,70.79702237139747,3526073
2713,2018-10-11,70.6069107055664,71.67152523337147,69.9795483889289,70.70196575830138,10016561
2714,2018-10-12,71.65251159667969,72.14679577572872,70.75899312802983,70.81602512452528,6856067
2715,2018-10-15,71.51943969726562,72.24185708195986,70.75899925925764,71.65251780533038,6926558
2716,2018-10-16,71.17724609375,71.78559950601573,70.37878256246792,71.46241127227452,6530627
2717,2018-10-17,71.89966583251953,72.27988608280988,71.48142252578671,71.50043663254155,4151254
2718,2018-10-19,71.9186782836914,72.79318277640105,71.12021474504904,71.8616411218071,9497796
2719,2018-10-22,71.9186782836914,72.6220816048823,71.5764759406539,72.0137333440758,4377225
2720,2018-10-23,72.60306549072266,73.24944190037507,70.64493247145786,71.48141382605128,4599675
2721,2018-10-24,72.39393615722656,73.09734446614338,72.01371600722459,72.81217419657607,4510189
2722,2018-10-25,72.73614501953125,73.05933323069355,70.9871310153588,72.12779164976692,7455415
2723,2018-10-26,71.63349151611328,72.62205972055686,71.40535840852418,72.37491766944596,6390862
2724,2018-10-29,72.07075500488281,72.4319610882609,71.25328263431875,72.01372300825115,8374975
2725,2018-10-30,70.77801513671875,72.07076288228919,70.56889091679005,71.86163866236049,5105532
2726,2018-10-31,70.70195007324219,71.00612411168716,67.98337719954414,70.37876193422846,9622136
2727,2018-11-01,71.65251159667969,71.97569978624236,70.54987408852439,70.75899312802983,5603131
2728,2018-11-02,72.18482208251953,73.11636364321694,71.74756988023839,71.8806479827761,6034462
2729,2018-11-05,70.73998260498047,72.05173912340626,70.34074832427733,71.8806431377331,4872816
2730,2018-11-06,71.51943969726562,71.86163686295588,70.34075598693988,71.13921947826164,7337064
2731,2018-11-07,71.88065338134766,72.24185950728793,71.51944209834045,72.24185950728793,223308
2732,2018-11-09,72.88824462890625,73.07835476739054,71.78560685711088,71.86164781826406,9231137
2733,2018-11-12,70.70195007324219,73.34448201586176,70.05557379521473,72.81216971298478,3906667
2734,2018-11-13,69.97953796386719,71.48140447910224,69.523271715884,71.10118432480488,7750412
2735,2018-11-14,70.70195007324219,71.1011791433344,69.99854180763948,70.0745878957835,9918943
2736,2018-11-15,71.13922882080078,71.67153616589964,70.54988946677481,70.72098549355617,8814911
2737,2018-11-16,71.51943969726562,72.24185708195986,70.79702231257139,71.10119642494787,5537047
2738,2018-11-19,72.12779235839844,72.43196646773568,71.34834298005507,71.55746203559107,5155461
2739,2018-11-20,71.63349151611328,72.66008276466597,71.29128927619686,72.66008276466597,2673334
2740,2018-11-21,69.23812866210938,71.4243952459484,68.93395450457618,71.2913171181273,6426666
2741,2018-11-22,68.36360931396484,69.84646703627375,67.60316892744065,69.84646703627375,6231287
2742,2018-11-26,69.37120819091797,69.52329527275604,68.00241414024,68.45868054282188,5022526
2743,2018-11-27,69.40921020507812,70.3217375764868,68.5537148274326,69.18107707295944,6727512
2744,2018-11-28,70.07460021972656,70.34075126090723,69.00998058380465,69.16206762977451,9281286
2745,2018-11-29,68.62976837158203,71.67153027298396,68.17350718061196,70.32175049206367,16395530
2746,2018-11-30,68.49668884277344,69.7894417498322,67.7932855432506,68.81987706953814,10573839
2747,2018-12-03,69.8844985961914,71.67153062787351,68.85790188655814,68.85790188655814,11107638
2748,2018-12-04,71.19625091552734,71.55746218354555,69.25712678255957,69.7324020525484,6304336
2749,2018-12-05,69.77043914794922,71.36736643934489,69.39021885543289,70.37879264738889,5774768
2750,2018-12-06,69.77043914794922,70.49286182938445,69.46626497676327,69.77043914794922,8600328
2751,2018-12-07,69.44723510742188,71.10119403592917,68.68679469496487,69.88449247023793,8378029
2752,2018-12-10,68.17352294921875,69.35220183298803,67.16593496066959,68.62978424572253,6431248
2753,2018-12-11,68.55371856689453,68.9339387554772,67.35602084720603,67.60316809543785,6514193
2754,2018-12-12,69.40921020507812,69.8844854148812,68.70580186315637,68.78184280248522,7396629
2755,2018-12-13,69.40921020507812,69.58030618636758,68.85788889888013,69.3331641086832,4251108
2756,2018-12-14,70.6069107055664,70.81602975875668,68.62976354585226,69.00998375679215,9276710
2757,2018-12-17,73.21141815185547,74.73229895344292,72.1277895493111,72.24185354660355,23727234
2758,2018-12-18,74.65625,74.90339724647457,72.58405308119796,73.34449345295644,15507368
2759,2018-12-19,75.66382598876953,75.8539360524894,74.16195442255636,74.16195442255636,11434466
2760,2018-12-20,75.26460266113281,75.64482284363903,74.10493316731534,74.92240552829045,7938383
2761,2018-12-21,74.86538696289062,75.7018684202261,74.39011164949527,75.28363027009196,8722621
2762,2018-12-24,73.74372100830078,75.20756972404483,73.45855587498959,74.90339564467271,8563441
2763,2018-12-26,74.25701904296875,74.637239219505,72.75514728282407,73.61064268003064,4766041
2764,2018-12-27,74.73229217529297,75.85394372755756,73.5726227320901,74.1619619264261,46486470
2765,2018-12-28,74.92240905761719,75.41669325533273,74.37108770418587,75.09351021063146,5142112
2766,2018-12-31,75.53076934814453,76.04406769727372,74.5231867558936,74.78933782639493,6317785
2767,2019-01-01,76.04408264160156,76.23419279663489,74.56121930668724,75.07451775669081,3961625
2768,2019-01-02,74.23802185058594,76.04406797507255,73.76274655466841,75.70186563635832,7876559
2769,2019-01-03,73.40152740478516,74.14295884982737,73.00229826180333,74.10493579881327,7942863
2770,2019-01-04,74.48516082763672,74.80834904662622,72.77416983458659,73.49658722246106,4017540
2771,2019-01-07,75.4547119140625,75.62581305711583,74.46613841911639,74.56119346368686,3592512
2772,2019-01-08,75.0364761352539,75.47373350933667,74.44713686324101,75.24560034830799,3990870
2773,2019-01-09,75.13153839111328,75.56879580711004,74.37109788616897,75.03648332799524,4087529
2774,2019-01-10,74.39009857177734,75.07449283992382,74.10493343387193,75.07449283992382,3589725
2775,2019-01-11,73.89582824707031,74.48517277791446,73.47759006287671,74.10495249623473,2995789
2776,2019-01-14,73.19241333007812,73.89581661480571,72.62207784026994,73.78175261108416,5370460
2777,2019-01-15,73.17340850830078,75.66385437147594,72.39395901749172,75.66385437147594,11498868
2778,2019-01-16,73.0022964477539,73.81976881744428,72.85020424747691,73.19240654103383,8515441
2779,2019-01-17,73.72472381591797,73.97186593944213,73.002306394437,73.002306394437,5325531
2780,2019-01-18,73.61064910888672,74.7893327905038,73.19241100382257,73.76274131843729,4366941
2781,2019-01-21,72.71712493896484,74.02888662356281,72.48899695648367,73.7437214883951,4067143
2782,2019-01-22,72.12779235839844,72.71713162913936,71.67152603732586,72.62207657533814,3577455
2783,2019-01-23,70.83504486083984,72.81218689132379,70.60691169965065,72.07076056379233,6173490
2784,2019-01-24,71.00614166259766,71.89966021234989,70.54988049215406,70.98713271439588,6157088
2785,2019-01-25,70.6639404296875,71.89965607543942,70.43580727905847,71.32932577740007,3868441
2786,2019-01-28,71.4053726196289,71.70954671890746,69.20009235012647,70.72097316065233,7440853
2787,2019-01-29,70.56889343261719,71.4053800280195,69.82746189773484,71.02515978593974,17469350
2788,2019-01-30,71.13922882080078,71.44340813019116,69.73241176290547,70.37878828292601,12711500
2789,2019-01-31,71.70954895019531,72.81218654072252,71.02515462698993,71.67152589733575,25774313
2790,2019-02-01,72.31790924072266,72.94527162316855,70.68296422500703,72.60307442884053,9474849
2791,2019-02-04,70.18867492675781,72.05175312762118,69.86548668158207,72.05175312762118,3678667
2792,2019-02-05,70.75899505615234,71.08218325452162,69.77042151405016,69.99855466331474,5500377
2793,2019-02-06,71.02515411376953,71.76658043237344,70.24569958551413,70.81602990308637,4322649
2794,2019-02-07,70.18867492675781,71.36735873777495,69.96054174445334,71.08219354916115,4309303
2795,2019-02-08,68.81989288330078,71.46242615062566,68.62978272470383,70.18868705661245,7692145
2796,2019-02-11,69.33316040039062,69.65634855718417,67.62216973661212,68.2875549947482,7913450
2797,2019-02-12,68.9149398803711,70.87307840992699,68.61076572511625,69.58032535742514,11930402
2798,2019-02-14,66.51954650878906,68.0024043684964,65.58800488615569,67.48910602861815,36962390
2799,2019-02-15,69.0099868774414,69.27614309996166,67.52712901913391,67.83130313881401,16005610
2800,2019-02-18,68.7248306274414,69.77043639053771,68.26856938869447,68.99098688451113,7973918
2801,2019-02-19,68.23053741455078,69.5803171604499,68.02141319501509,68.53471153397211,10824411
2802,2019-02-20,69.12405395507812,69.42822806558317,67.90734719892447,68.72481963334018,9658184
2803,2019-02-21,69.12405395507812,69.58031512083569,68.76284268641999,69.466251118663,9197823
2804,2019-02-22,69.16207122802734,69.42822744012157,68.62976396090556,69.08603027961948,12182132
2805,2019-02-25,69.18108367919922,69.39020272865534,67.86932191205356,68.81987242242967,29907322
2806,2019-02-26,68.89592742919922,69.46625780912612,68.00240880256695,68.24955093578849,13683801
2807,2019-02-27,68.990966796875,70.07459530362094,68.38261349860834,68.9339348032707,13566494
2808,2019-02-28,69.5232925415039,70.24571001965502,68.66779693807214,69.54230149208652,69863939
2809,2019-03-01,69.6563491821289,69.86546820230724,69.23810598470637,69.61832613562397,7227772
2810,2019-03-05,69.58031463623047,70.51185622339771,69.42822758203718,69.96053485024703,15733697
2811,2019-03-06,70.15062713623047,70.87304948499154,69.08601287026478,69.61832000324763,20336766
2812,2019-03-07,71.15823364257812,72.05174703232653,70.18866898907224,71.10119648402672,12295538
2813,2019-03-08,71.10120391845703,71.65252535694448,70.43581846507362,71.48142417753326,6211299
2814,2019-03-11,73.87681579589844,74.52319230695892,71.38636997464059,71.67153517239066,17678891
2815,2019-03-12,74.65625,76.80449817587075,74.0098787782451,74.0098787782451,26457157
2816,2019-03-13,74.04790496826172,75.37867567527061,73.42053750930428,75.321638519317,6930222
2817,2019-03-14,73.53052520751953,74.37322453138073,73.39334036033006,74.05966372312926,8466765
2818,2019-03-15,75.74507904052734,76.11743189161162,73.33455936545936,73.33455936545936,14301914
2819,2019-03-18,77.23448181152344,77.52844703357303,75.74506014629004,76.09781734950728,14247336
2820,2019-03-19,77.99878692626953,78.46912805208929,76.54855649351747,76.901313666935,16995997
2821,2019-03-20,77.37166595458984,78.33194914832214,77.01890875452061,78.09678122575016,9060589
2822,2019-03-22,77.80281829833984,78.72390509337427,77.27367982454231,77.56764505262856,8782833
2823,2019-03-25,79.17466735839844,79.76259789869708,76.47018262005496,77.29328643971549,14506515
2824,2019-03-26,79.50782012939453,79.91937467861588,78.15558313792658,79.2334557461256,8371544
2825,2019-03-27,78.46915435791016,80.23294613249828,77.80283621057113,79.56662798515926,11579885
2826,2019-03-28,77.70484161376953,78.39076058280162,76.99932177018061,78.39076058280162,17034861
2827,2019-04-01,76.64656066894531,78.27316736510929,76.4701793878261,77.6852368496612,10617688
2828,2019-04-02,78.31234741210938,78.70430100707308,76.8229258777316,76.8229258777316,17946031
2829,2019-04-03,78.76309967041016,79.39022653884011,78.44953889430084,78.54752730136143,15076661
2830,2019-04-04,78.135986328125,79.66460999585958,77.80282993941529,78.95909015316387,10130253
2831,2019-04-05,76.9405288696289,78.66512405099964,76.84254044663952,78.66512405099964,9883976
2832,2019-04-08,77.74402618408203,78.50833795455867,76.64655805252706,77.60684665479651,13511642
2833,2019-04-09,77.74402618408203,78.13597984766763,77.23448854790547,77.97919944547574,10655872
2834,2019-04-10,77.86162567138672,78.25357938631136,77.50886839119704,77.50886839119704,8637199
2835,2019-04-11,76.80332946777344,78.15557157539932,76.68574550894127,78.05758317096878,13713296
2836,2019-04-12,77.23448181152344,77.46965505240537,76.45057455272452,77.07770142300592,11004111
2837,2019-04-15,77.62643432617188,78.72390234624568,77.25407625710508,77.52844592022917,8965316
2838,2019-04-16,77.15609741210938,78.33195842913094,77.01891787975973,77.99880206061103,4918434
2839,2019-04-18,76.15662384033203,77.5480573633169,75.84306300355617,77.3520805112789,11593259
2840,2019-04-22,76.35258483886719,77.09729565874076,75.80385083033988,76.11741160200941,7772049
2841,2019-04-23,75.6470718383789,76.25459783826213,75.27471376347542,75.96063261582611,6686014
2842,2019-04-24,75.23554229736328,76.29381957571123,74.49083121670253,75.68628805806219,7288151
2843,2019-04-25,75.07876586914062,76.74456943795182,74.74560409213572,75.33353476348084,17599280
2844,2019-04-26,74.78477478027344,76.19580896883484,74.60839351312393,74.86316231973089,8664580
2845,2019-04-30,73.06019592285156,75.45111475379574,72.66824219044146,75.13754857814001,14290974
2846,2019-05-02,74.54961395263672,74.78478724262216,73.0797875354933,73.31496082547874,8897549
2847,2019-05-03,74.80437469482422,75.62747846246369,74.54960587337224,74.82397556798936,10782838
2848,2019-05-06,74.64759826660156,75.58828605848936,74.02047129993898,74.47121697977978,5477945
2849,2019-05-07,75.07876586914062,75.96066187615831,74.667211209471,74.667211209471,9450289
2850,2019-05-08,74.47122192382812,75.9410536737615,74.04007708957334,75.23553379584797,10180731
2851,2019-05-09,73.64811706542969,74.49081641867063,73.04058566847027,74.43202442960025,7921214
2852,2019-05-10,72.72702026367188,73.86368480680731,72.53104343498605,73.84408925042342,5938686
2853,2019-05-13,71.59034729003906,72.92299392009996,71.35517935881559,72.687820672665,5504435
2854,2019-05-14,71.19841766357422,72.19790297322704,70.9632496530331,71.2964061067041,11334983
2855,2019-05-15,69.96373748779297,72.35465564565075,69.55218831110594,71.78632076716748,7616268
2856,2019-05-16,71.27680206298828,71.609963793228,70.10094088535108,70.29691774829061,8660893
2857,2019-05-17,71.39437103271484,71.96270594214548,70.68885660105957,71.21799508290678,10183233
2858,2019-05-20,73.7069091796875,74.04007087326826,72.13909444868354,72.94259737183825,6287120
2859,2019-05-21,72.09989929199219,73.92248288576769,72.02150642757107,73.78529803113682,7748239
2860,2019-05-22,71.3747787475586,72.6290325904309,71.25719477563197,72.0802932115419,6972640
2861,2019-05-23,72.374267578125,73.72651000674871,71.76674145292445,72.90340615090004,13966122
2862,2019-05-24,72.76622009277344,73.11897733764874,72.217480693843,72.76622009277344,7240775
2863,2019-05-27,73.43254089355469,74.31443669677738,72.76622280973595,73.07978363550804,6424176
2864,2019-05-28,74.54961395263672,74.98076409824128,73.60892610890743,73.78530208923716,11255911
2865,2019-05-29,74.5300064086914,75.64707536933157,74.21644030039664,75.01994846895361,8310232
2866,2019-05-30,74.94156646728516,75.99984359721591,73.7461097935813,75.80386674472595,34989609
2867,2019-05-31,74.19685363769531,75.41191115602454,73.84409637526741,75.0591485773844,11849847
2868,2019-06-03,75.66667938232422,75.84306067021693,74.47121743194383,74.56920585494818,12106965
2869,2019-06-04,75.62747192382812,76.82293369991704,75.2355182889553,75.47069153312128,11447117
2870,2019-06-06,76.60737609863281,77.6656533167704,76.09783836617414,76.43100010641841,26132949
2871,2019-06-07,75.15714263916016,76.84254684463347,74.92197465737503,76.60737354663573,8783688
2872,2019-06-10,76.15662384033203,76.80334638881496,75.41191286583009,75.62748527658695,11231885
2873,2019-06-11,75.90186309814453,76.70536615078612,75.6078977887079,76.54858571566251,6589306
2874,2019-06-12,74.9219741821289,75.88225761156053,74.58881245509647,75.64708963126714,7509749
2875,2019-06-13,75.98023223876953,76.21540549255164,74.33403009471809,74.94155612712785,11041648
2876,2019-06-14,76.27420806884766,77.19530033961261,75.78426593718677,76.03904009862032,34979466
2877,2019-06-17,76.05863952636719,76.99932740376472,75.88225822351212,76.97973184398644,10860754
2878,2019-06-18,77.52845764160156,77.94000688229774,76.09782776178625,76.31340016096766,17815522
2879,2019-06-19,78.50834655761719,78.97869313194589,77.60685515906829,77.64604627675203,32722391
2880,2019-06-20,78.76309967041016,79.4686193909731,78.11637724705261,78.645515708422,11459458
2881,2019-06-21,78.3515625,79.19426186668026,77.82242395750379,78.86110016835212,16601442
2882,2019-06-24,78.0184097290039,78.68473320190489,77.43047912922516,78.39076790201553,9883389
2883,2019-06-25,79.01788330078125,79.29225301854709,77.99880792899344,77.99880792899344,10375296
2884,2019-06-26,82.173095703125,82.68263327686462,78.80229354609267,78.95907392907323,31182825
2885,2019-06-27,81.4087905883789,82.2710907385957,80.84046098973693,81.95752994735955,13741562
2886,2019-06-28,81.09524536132812,82.15352253823,80.21334948598076,81.19323379192228,12067819
2887,2019-07-01,81.15401458740234,82.3102798704899,80.60528059327359,81.23240743636835,11211814
2888,2019-07-02,81.27162170410156,81.99673179328569,80.87966800563999,81.29121726253973,12203723
2889,2019-07-03,81.89873504638672,82.17310473391419,81.01683931446352,81.60476980241232,13693989
2890,2019-07-04,82.38867950439453,82.62385276962341,81.40879532945074,81.91833829014864,12324046
2891,2019-07-05,80.68367767333984,83.09419692785401,80.03695519958238,82.32988516673318,12525923
2892,2019-07-08,78.88069152832031,80.87965616097239,78.52792899839645,80.35051768229809,8948141
2893,2019-07-09,80.2525405883789,80.42891656199998,78.23397479931056,79.15506704892807,6875651
2894,2019-07-10,80.46809387207031,80.91883945248992,79.60579381858074,80.23292064691762,12675299
2895,2019-07-11,81.76155853271484,81.97713092642444,80.78166903380128,80.89925832545264,7808266
2896,2019-07-12,81.016845703125,82.25150407814704,80.11535434366691,81.7615619662215,6349095
2897,2019-07-15,80.3309326171875,81.03645249964845,79.52742962139277,80.60530234640218,6656137
2898,2019-07-16,81.87914276123047,82.07511959837653,80.0761547962443,80.27213163339036,6627472
2899,2019-07-17,81.52639770507812,82.52587759745158,80.91886622937763,81.8399585649016,6388864
2900,2019-07-18,80.4876937866211,81.87913234304055,80.35051427104294,81.87913234304055,8419638
2901,2019-07-19,80.62489318847656,81.38920502070303,79.48822853548795,80.66408962124423,10869152
2902,2019-07-22,79.99777221679688,81.2128298265129,79.40984162979358,80.74248854663784,9061812
2903,2019-07-23,82.48666381835938,82.70224151584964,80.03695350286758,80.23293032810693,14046808
2904,2019-07-24,82.23190307617188,83.48615700723722,81.74196096500762,82.1731110860746,18181391
2905,2019-07-25,83.54496002197266,84.03490219778995,82.25151480430016,82.31030680215567,28085772
2906,2019-07-26,82.9178237915039,83.87811247625018,82.40828611156441,83.54495077034562,10950941
2907,2019-07-29,81.48719024658203,83.29017823722651,80.95805171551511,83.2313862484884,5948953
2908,2019-07-30,81.6243667602539,82.23189277551185,81.01683542878449,81.44798549584407,10050004
2909,2019-07-31,82.62385559082031,83.85851394637649,81.11483284663882,81.3304105622145,26229893
2910,2019-08-01,83.87811279296875,84.7600086151102,82.2319051318198,83.07460452084584,27069006
2911,2019-08-02,82.52586364746094,83.85851036697487,81.66356877060046,83.4665513841323,20863783
2912,2019-08-05,78.84149932861328,82.31029030124677,77.15609539195042,82.31029030124677,18063375
2913,2019-08-06,77.64604187011719,79.39023789170126,76.92093180714672,78.6259260808471,11846580
2914,2019-08-07,77.94000244140625,78.76310619211156,77.2540835351871,77.99879974348015,9432897
2915,2019-08-08,79.44903564453125,81.78116236173149,77.23449823087606,77.62645194360131,6595239
2916,2019-08-09,79.17466735839844,81.85955122233798,78.88070208824912,79.76259789869708,9175926
2917,2019-08-13,79.17466735839844,80.50730885316624,77.11691046735321,78.56713594369586,7558090
2918,2019-08-14,80.40933227539062,80.82088158774272,77.5088755792085,78.80232083192622,8024154
2919,2019-08-16,82.76102447509766,83.97608172232204,79.2922339833902,79.99774835083092,11894601
2920,2019-08-19,82.12639617919922,83.29651575011498,81.76941227990767,82.9593621974859,8100095
2921,2019-08-20,81.729736328125,83.6534895383373,81.57107743427333,82.106555908443,8711658
2922,2019-08-21,81.27359771728516,82.34455476743732,81.03560666392808,81.96773515129614,5649369
2923,2019-08-22,80.42081451416016,81.53143243807595,79.6473448093511,81.1149520615851,5059207
2924,2019-08-23,79.92499542236328,81.15460610155422,79.6076721987738,80.1431507674043,7611285
2925,2019-08-26,80.48030090332031,80.7182919658759,78.99286348723486,80.262140187682,7846961
2926,2019-08-27,81.92807006835938,83.05852355052357,80.5397951835741,80.5397951835741,18828020
2927,2019-08-28,81.6107406616211,83.7923151708844,81.05542648260891,82.48336723738119,15756988
2928,2019-08-29,81.23393249511719,82.02723242800238,80.77778610969011,81.61075211520145,8660979
2929,2019-08-30,79.5283432006836,82.18589486183004,76.95011830828065,81.45209131647186,15630977
2930,2019-09-03,78.1598892211914,80.28196745381531,77.76323928537046,79.88531751799437,9494810
2931,2019-09-04,78.10040283203125,78.9333688801594,77.46576177727125,78.31855817277231,8565768
2932,2019-09-05,79.07218933105469,80.6389588763248,78.27888938507681,78.93336614443622,14199248
2933,2019-09-06,80.71829223632812,81.05544041450942,79.34984765698059,79.46884049870225,13782929
2934,2019-09-09,80.48030090332031,81.25376513173896,80.04398485195331,80.61912947147022,4769289
2935,2019-09-11,79.88530731201172,80.87693202487617,79.2506664197968,80.51994820422665,7723322
2936,2019-09-12,79.1911849975586,80.12331348001015,78.39788507715886,80.12331348001015,11516235
2937,2019-09-13,80.38114929199219,80.51997787893856,78.9532081032344,79.13170276929552,7223537
2938,2019-09-16,80.18281555175781,80.91661910585002,79.66716733919394,79.7266691413469,6031015
2939,2019-09-17,79.50850677490234,80.40096922981489,79.07219072096316,80.28197638779042,5823968
2940,2019-09-18,80.14315032958984,80.519969974322,78.6358825104809,79.528344993353,7206830
2941,2019-09-19,79.78617095947266,80.42081205944326,78.9730352007912,80.42081205944326,6306748
2942,2019-09-20,77.82273864746094,82.86019517515489,77.50542083874873,79.40933845084055,51859153
2943,2019-09-23,74.689208984375,78.63587835187876,73.93557511467591,78.14006588761495,24586363
2944,2019-09-24,75.5419921875,76.13696704097187,73.38024806792212,74.53053708856127,18234411
2945,2019-09-25,78.8342056274414,80.67862697209485,76.59312891994593,76.75179321704663,48245282
2946,2019-09-26,79.03252410888672,79.88532042596327,78.17972241190091,79.31017584612297,15826874
2947,2019-09-27,78.57637023925781,79.23084694343173,77.76324001515748,78.45737740935844,10034452
2948,2019-09-30,78.95320892333984,79.33002860897835,77.6045998788032,78.1400785026383,9111327
2949,2019-10-01,77.94173431396484,80.38113035597345,77.74340934502254,79.13168412761871,7634447
2950,2019-10-03,78.97303009033203,79.33001938465243,77.14844444336457,78.02107119193383,9432906
2951,2019-10-04,77.96157836914062,79.25069089396769,77.58475870991947,78.95320338823836,19442087
2952,2019-10-07,77.94173431396484,78.29871818207918,77.10876836842532,78.02106107359631,11655995
2953,2019-10-09,78.417724609375,78.89370676933709,77.50543174600939,78.338397835988,8504262
2954,2019-10-10,78.97303009033203,79.17135508499456,77.9417444220147,78.49705333108783,6982965
2955,2019-10-11,79.72666931152344,81.01578177582007,78.89370325861135,78.95319968098154,10517558
2956,2019-10-14,78.69540405273438,80.24233844084166,78.41774681747162,79.72669543810976,11162487
2957,2019-10-15,79.8258285522461,80.12331603187071,78.6557089804254,78.6953750536906,5013200
2958,2019-10-16,78.7548599243164,79.82581684587419,78.00122616243554,79.72665436720806,6668842
2959,2019-10-17,78.417724609375,79.23086035098439,77.94174782932296,78.83421034431933,7899823
2960,2019-10-18,80.34146881103516,80.61912593515568,78.14006368375598,78.41771542796711,8795448
2961,2019-10-22,81.33309936523438,82.32472433472425,79.7266690666247,79.7266690666247,10675241
2962,2019-10-23,81.80908966064453,82.10657718115728,80.24231990064665,81.31327712645664,5777589
2963,2019-10-24,80.95626831054688,82.20571989986722,80.75794334461145,81.8685663817952,5428181
2964,2019-10-25,80.50013732910156,81.47193199962506,79.78616946743003,81.47193199962506,3993616
2965,2019-10-27,80.26214599609375,81.0356156603965,79.72667279147957,80.91662281046224,388417
2966,2019-10-29,79.74649810791016,80.4803016492959,79.13169278886004,80.22248023743326,5943950
2967,2019-10-30,79.3101806640625,80.8571144880668,79.05235925671339,80.8571144880668,6419057
2968,2019-10-31,78.67554473876953,79.68700546701193,78.4772197387114,79.44901439096019,15582577
2969,2019-11-01,78.25906372070312,78.87386906365651,78.0409083744706,78.71521014095015,8803683
2970,2019-11-04,77.24761199951172,78.79454598320362,76.96995483683695,78.49705847172785,15175738
2971,2019-11-05,77.50543212890625,77.94174821437534,76.91045711596935,77.24761069928228,8153818
2972,2019-11-06,77.38641357421875,77.94172774437793,77.22775468841984,77.50541177349942,9183411
2973,2019-11-07,77.02944946289062,78.08057090289044,76.81129411153765,77.74342270169221,15498054
2974,2019-11-08,76.01798248291016,77.50541977822562,75.70065929863068,77.44592336239484,11762251
2975,2019-11-11,76.0576400756836,76.59311855616886,75.50233125069882,76.01797938668459,10089055
2976,2019-11-13,75.06602478027344,77.0889407522489,74.68921052759298,76.15681760410118,9456977
2977,2019-11-14,74.5702133178711,75.42301508952762,74.13390263830975,75.36351328785132,19380370
2978,2019-11-15,74.43138885498047,74.92720132774441,74.0743995706627,74.57021204342666,18256039
2979,2019-11-18,75.62133026123047,75.76015343402054,74.03473052731857,74.45121080550683,11766437
2980,2019-11-19,77.5252685546875,77.743429304479,75.44285584616509,75.76017372597573,22218922
2981,2019-11-20,77.78307342529297,78.19955910617107,76.95011282335544,77.72357700799877,9597590
2982,2019-11-21,77.86239624023438,78.120217604228,76.95010360459267,77.66407128640716,12107895
2983,2019-11-22,78.8342056274414,79.80599485767982,77.74341817437747,77.74341817437747,16199814
2984,2019-11-25,78.77469635009766,79.4886694795633,78.45737854583015,78.93336063214059,6529113
2985,2019-11-26,77.1087875366211,79.09203771905322,76.91046251837788,78.95320913030089,21594044
2986,2019-11-27,77.38641357421875,77.74340279215212,76.98976366976713,77.32691716453273,12155700
2987,2019-11-28,77.80290985107422,78.43755086104473,77.02944027956183,77.82274019704761,6724188
2988,2019-11-29,76.67247009277344,77.70376124576146,76.1964879052681,77.50543623095263,17547179
2989,2019-12-02,75.9188232421875,77.34676418271857,75.52217327981273,77.34676418271857,19957065
2990,2019-12-03,75.12552642822266,76.19647814303467,75.00652820663711,76.19647814303467,7451455
2991,2019-12-04,74.7288818359375,75.3635175438335,74.45122467880047,75.145362191733,10311154
2992,2019-12-05,74.29256439208984,74.92720546828039,73.9752411640396,74.7685411643003,4569931
2993,2019-12-06,74.014892578125,74.62970318448268,73.71740513695772,74.35204608742967,5388071
2994,2019-12-09,74.55038452148438,74.90736843942,73.5984256136861,74.17356487594076,5459781
2995,2019-12-10,72.48777770996094,74.5503591241142,72.26962243996174,74.5503591241142,10563080
2996,2019-12-11,72.09114074707031,72.70595136506456,70.72270171974563,72.58695315840005,39214905
2997,2019-12-12,73.28109741210938,74.70903836674118,71.813495764776,72.4877974795261,63493233
2998,2019-12-13,73.65792083740234,74.39172438893391,73.38026369468994,73.65792083740234,12987237
2999,2019-12-16,74.15373229980469,74.53055193402429,73.55875732782198,73.85624481381333,8479418
3000,2019-12-17,74.59004974365234,74.90736758265244,73.61825511936115,74.31239259959493,17903634
3001,2019-12-18,74.25289916992188,74.96686702640237,73.83641881695992,74.19340274520016,10099352
3002,2019-12-19,73.9355697631836,74.2330572202096,73.34059484913159,74.21322149512903,5749401
3003,2019-12-20,73.81657409667969,74.35205261376477,73.41992414030693,73.63808484425755,9690984
3004,2019-12-23,73.69758605957031,74.37188780135658,73.28110035031938,73.63808963822295,17045076
3005,2019-12-24,74.23306274414062,74.33222523719498,73.57858598605428,73.95540561162463,3748896
3006,2019-12-26,73.3207778930664,74.3718994343144,73.0034600096404,74.29257265341317,3925143
3007,2019-12-27,74.98670196533203,75.16519123761852,73.57859123555227,73.57859123555227,7122947
3008,2019-12-30,75.48250579833984,75.95848251635746,74.84786479440703,74.96685762893411,6925363
3009,2019-12-31,75.46266174316406,76.25596694544797,75.06601183197648,75.16517430977338,11907723
3010,2020-01-01,77.54509735107422,77.70375627679336,75.4626794488367,75.58167767805855,13620373
3011,2020-01-02,77.38641357421875,78.02105449732308,77.08892614588004,77.56490818318544,5673692
3012,2020-01-03,76.55347442626953,77.26744230141392,75.85933152000395,77.04928694509485,7358268
3013,2020-01-06,76.59312438964844,76.93027793118105,74.57020852036213,76.15681373815734,7355290
3014,2020-01-07,76.03780364990234,77.14842659095648,75.81964835821935,76.61294815329721,14023712
3015,2020-01-08,75.58167266845703,75.74033158366016,74.90736555395668,75.48251017396636,9451757
3016,2020-01-09,76.53363800048828,76.71213265760369,75.81967013184682,76.13698798904079,7714854
3017,2020-01-10,76.21630859375,76.8311138663642,75.7601568457809,76.8311138663642,4118638
3018,2020-01-13,77.26744079589844,77.3467729493288,76.07749077390322,76.31548185428427,27682638
3019,2020-01-14,77.44593048095703,77.88224115709303,77.04928049908088,77.26743583714888,5994314
3020,2020-01-15,77.04927825927734,77.66408356134926,76.51379972332883,77.5054246491929,7114590
3021,2020-01-16,77.92190551757812,78.41771798401925,76.98977700468691,76.98977700468691,8552344
3022,2020-01-17,78.2987289428711,78.47721821150395,76.81129147138148,77.72358430193118,4698386
3023,2020-01-20,81.17444610595703,83.69317478006072,80.61913716030594,81.07528360209398,49337827
3024,2020-01-21,79.56800079345703,81.03560782696452,78.933365148609,80.77778642375631,17283910
3025,2020-01-22,79.34984588623047,80.26213866549725,76.57329609552868,79.5283405247394,56787054
3026,2020-01-23,80.10347747802734,82.26522190563125,76.910447461385,78.04090092004108,226059260
3027,2020-01-24,78.12023162841797,78.59621375501534,77.04927991343835,77.92190663898734,16151679
3028,2020-01-27,76.55347442626953,77.92191375028132,76.2758172637633,77.90208340149236,8213919
3029,2020-01-28,75.5419921875,76.55345266634734,75.0065137433936,76.55345266634734,9174575
3030,2020-01-29,76.31546783447266,76.87077666674004,75.06601623698472,75.5419983103048,17600091
3031,2020-01-30,77.1087875366211,77.44594114361665,75.91883742716182,76.31548746364824,26386034
3032,2020-01-31,74.11406707763672,77.54509375943798,73.41992960234441,77.46576161029782,63986362
3033,2020-02-03,74.31239318847656,74.96686459904417,70.3855593451611,71.75399858909158,16329297
3034,2020-02-04,77.08894348144531,77.46576312737605,74.57021494579053,74.70904351954974,14207381
3035,2020-02-05,75.1056900024414,77.62441842036016,74.57021146006346,76.98977738420518,14550344
3036,2020-02-06,76.51380157470703,76.85095513364071,74.82803915994828,75.34368198191062,9175642
3037,2020-02-07,75.52217864990234,76.47413755131002,74.7883750913492,76.47413755131002,18058457
3038,2020-02-10,74.014892578125,75.7998172251286,73.28108914726396,75.64115833248785,30471811
3039,2020-02-11,75.16519927978516,75.83950650477358,74.60989029562965,74.76854923682973,32456571
3040,2020-02-12,75.1056900024414,76.11715066691298,74.78837217431871,75.38334713698096,16386952
3041,2020-02-13,75.58167266845703,75.81966373121655,74.45121915528156,74.8875352070224,18581113
3042,2020-02-14,73.0232925415039,75.91884117889228,72.74563535027806,75.56185182448458,23830630
3043,2020-02-17,72.82495880126953,73.6975909722326,71.61517842689395,73.38026773737782,17670292
3044,2020-02-18,73.38025665283203,73.91573515958518,71.73416044162803,72.42829785188712,30879880
3045,2020-02-19,74.37188720703125,74.55038184955664,72.586962301416,73.77691223849283,22313738
3046,2020-02-20,75.06602478027344,75.64116940266683,73.73725165251913,74.37188731596193,25907657
3047,2020-02-24,73.81657409667969,75.04619003741709,73.40009379445203,74.9668578941788,14921452
3048,2020-02-25,73.83641815185547,74.45122350162507,73.51909492301475,73.81658242385357,17807428
3049,2020-02-26,73.71741485595703,74.72887551722336,72.96378098162167,73.38026130220159,17113656
3050,2020-02-27,73.95541381835938,74.45122633865077,71.91266731074084,73.41993522046263,28472046
3051,2020-02-28,71.99198150634766,73.49925453260259,71.05985305509553,72.76545105481222,28010970
3052,2020-03-02,72.78529357910156,74.25290078025184,72.0911560558378,72.88445608242496,19540018
3053,2020-03-03,76.03780364990234,77.22775334251914,72.21013321463336,72.90427053532649,16039306
3054,2020-03-04,78.1598892211914,78.53670881218494,74.7883647667133,75.64116105274654,16939245
3055,2020-03-05,77.72357940673828,79.15152036541558,77.16827052833862,77.76324547946172,9715265
3056,2020-03-06,75.60149383544922,76.39479369504775,74.6297047353864,75.5618277664875,14371982
3057,2020-03-09,71.77384185791016,74.80821353838867,70.58389175733738,73.34061164229514,69609292
3058,2020-03-11,71.95231628417969,72.94394116318234,70.3062200610171,71.19868245211951,42604599
3059,2020-03-12,65.88359069824219,70.56405914888981,65.34811205331718,69.88975729001922,58418097
3060,2020-03-13,66.59754943847656,68.4618065729374,59.2991905829814,64.57463338148735,44617540
3061,2020-03-16,64.95665740966797,66.99233794353714,63.74347873763001,66.7867138725568,39669086
3062,2020-03-17,66.62223052978516,70.05615439349721,64.05192907160415,64.38092542708685,35460792
3063,2020-03-18,59.28144454956055,67.81484482931612,50.2339784340776,67.44472255927032,119909061
3064,2020-03-19,60.515201568603516,62.46863094858747,57.61589777366966,59.79551706018838,44039786
3065,2020-03-20,64.66878509521484,66.56052760642689,60.967551929851595,60.967551929851595,131485883
3066,2020-03-23,62.92098617553711,64.09304456503516,58.212192440394695,58.212192440394695,39665620
3067,2020-03-24,60.57687759399414,64.64823387559532,59.79550708789468,62.53030664819829,42302851
3068,2020-03-25,61.790061950683594,64.54542168515876,61.00868586830685,61.070377563797315,23309603
3069,2020-03-26,65.12117004394531,66.49884704579117,60.556313927665954,61.93399650742248,25329120
3070,2020-03-27,65.79972076416016,68.37002170284883,64.42203834544102,65.22397446947589,28883749
3071,2020-03-30,64.01080322265625,65.75860821667582,62.94155669896793,63.74349298621196,22364337
3072,2020-03-31,65.42960357666016,66.53997032082422,64.31923125458563,65.14172761822292,24838523
3073,2020-04-01,63.5789680480957,66.60163683260622,62.98265612878055,65.38845840000853,14182117
3074,2020-04-03,64.23699188232422,65.98479699503343,62.406940463999135,63.55843336591354,21066826
3075,2020-04-07,64.97721862792969,66.5810851540401,64.31922053114069,66.210962967693,24741992
3076,2020-04-08,65.12117004394531,66.91009524405217,63.84629951375405,64.93610612356359,21481260
3077,2020-04-09,67.6297836303711,68.555092055408,65.1211685624667,66.16984921301098,15607786
3078,2020-04-13,65.7791519165039,67.81483239537727,64.6687853099537,67.44471019319386,14901247
3079,2020-04-15,65.61465454101562,67.40358504655221,65.16228047624973,66.39602488311499,25249654
3080,2020-04-16,67.1979751586914,68.5550976393657,64.77161176209987,65.0594821710349,31150756
3081,2020-04-17,68.98689270019531,71.24875748598107,67.54752420014984,68.94576677032632,18536308
3082,2020-04-20,68.06159210205078,69.58321263450068,66.68390955152081,69.58321263450068,24177042
3083,2020-04-21,66.88953399658203,68.26721655432677,66.68390990073686,67.4447201709461,13915863
3084,2020-04-22,66.7044677734375,66.930657617795,64.40148244190556,65.79972512973863,19702407
3085,2020-04-23,64.97721862792969,66.5810851540401,64.81272049820981,66.41658702432022,32128585
3086,2020-04-24,65.45016479492188,65.84085280502379,64.0519220700954,64.56598230553973,33134279
3087,2020-04-27,65.6352310180664,66.41660148782654,64.83329479141923,66.41660148782654,9762001
3088,2020-04-28,64.64822387695312,65.96422021478321,64.4837257292019,65.82028224378459,26134701
3089,2020-04-29,64.99778747558594,66.04647365106477,64.15473096208261,65.59409955053921,14509262
3090,2020-04-30,66.64279174804688,67.21853816806271,64.648236669857,65.63523690749699,18702868
3091,2020-05-04,65.40904235839844,66.41660270491508,64.81273580014052,66.16985266312419,12598146
3092,2020-05-05,67.30077362060547,68.20552175831025,65.88196530872976,66.39602548290068,18305545
3093,2020-05-06,68.02046966552734,68.53452992888418,66.91009726551223,66.99234913881367,12853774
3094,2020-05-07,66.51941680908203,67.85597353393449,66.21098064180839,67.30078731725973,8561359
3095,2020-05-08,65.38848876953125,66.86898359158441,65.01836645849582,66.86898359158441,30898767
3096,2020-05-11,65.30622863769531,66.7867232727136,65.12117029451221,65.511852737617,9453421
3097,2020-05-12,67.15682983398438,67.85595384140909,64.85383933777817,65.18284116747014,19986028
3098,2020-05-13,68.53451538085938,70.6935680286496,66.64277289768982,70.5085097198705,27175817
3099,2020-05-14,66.12871551513672,67.44471179630209,65.79971923380032,67.44471179630209,26454121
3100,2020-05-15,65.71747589111328,66.51941210042311,65.08004342170027,65.47072585917867,20009870
3101,2020-05-18,63.53786087036133,65.88197216166547,63.044360820660216,65.73803976025391,32898286
3102,2020-05-19,64.99778747558594,65.51184768574902,63.332234625821684,63.74348279395214,12276533
3103,2020-05-20,65.16229248046875,66.06704077667355,64.05192565648377,64.25754976217479,24677051
3104,2020-05-21,65.34735107421875,65.73803907431473,64.5659806519372,64.79216491857566,17176100
3105,2020-05-22,64.09305572509766,64.97723832098754,63.373371308783135,64.56599008309352,25080927
3106,2020-05-26,64.70991516113281,65.26509570910635,63.94910495735971,64.21641514303401,18512685
3107,2020-05-27,64.6276626586914,64.93609877247064,64.0519163618855,64.70991452019655,22655078
3108,2020-05-28,64.66878509521484,65.12115915323007,64.17528510866917,65.12115915323007,25797051
3109,2020-05-29,64.79216003417969,65.24453411126454,64.40147764144594,64.66878782129744,63844851
3110,2020-06-01,65.32678985595703,66.23153248601045,64.85384999666536,65.20341205782908,45314328
3111,2020-06-02,67.87652587890625,69.23364820500369,65.22397849328416,65.73803871273539,43626060
3112,2020-06-03,67.67091369628906,68.88409825879042,67.38304326949833,68.06160176296885,13811685
3113,2020-06-04,69.60376739501953,69.89164333645184,67.89708865686832,67.93821458820295,23992166
3114,2020-06-05,70.5085220336914,71.68058050562271,67.67090502441226,68.6784653338416,22851633
3115,2020-06-08,70.8786392211914,71.92731981276181,70.26176697252406,71.33101331912951,11723588
3116,2020-06-09,70.13838195800781,71.57775596801392,69.9121977212708,71.55719021509532,8412588
3117,2020-06-10,69.9327621459961,70.42626215529661,69.33645567749379,70.13838622021964,10101681
3118,2020-06-11,70.3234634399414,73.32557883905834,69.02803264251452,69.1102789410383,22109491
3119,2020-06-12,68.39058685302734,69.66545732691627,68.10271647370432,68.2877748080026,20331770
3120,2020-06-15,67.13628387451172,68.26721639908841,66.86897366610297,67.93822007764851,13833335
3121,2020-06-16,66.91009521484375,68.37002966477944,66.39603496724189,68.14384538699889,13972830
3122,2020-06-17,65.5940933227539,66.53996178848504,65.12115908988834,66.14927941260032,28371013
3123,2020-06-18,68.04104614257812,68.39060271440424,65.59411667232497,66.08761125615041,19720997
3124,2020-06-19,70.48795318603516,70.85808100782144,67.87652614538845,68.20552803387511,21577413
3125,2020-06-22,73.4489517211914,73.92188607006976,70.17952606179958,72.5442033841024,33039735
3126,2020-06-23,77.0885009765625,77.72593351263238,73.63401690197146,74.64157173569194,34298071
3127,2020-06-24,73.4078140258789,77.47917531281362,72.7909417797264,76.8006113797177,32910525
3128,2020-06-25,73.75737762451172,75.38181013787286,71.70113676097118,73.36668962927489,40909792
3129,2020-06-26,73.69568634033203,74.88830484187488,73.26387244255811,74.41537059204529,11954078
3130,2020-06-29,73.30499267578125,74.14805465187455,72.8526186371348,73.20218064781204,7547198
3131,2020-06-30,71.90676879882812,74.00413582714991,71.55720669778934,73.6134477887105,11889584
3132,2020-07-01,71.33102416992188,72.13295486843205,70.69358606925313,71.96845669267954,15209917
3133,2020-07-02,72.00957489013672,72.70869903431861,70.98145442981657,71.35157667994973,15481100
3134,2020-07-03,73.03768920898438,73.77793364700624,72.00956883511512,72.37969105412604,22720042
3135,2020-07-06,73.20220184326172,73.49007783609285,72.2974590819131,73.36670002006046,11724475
3136,2020-07-07,71.18708801269531,73.40782738747845,70.61134159373837,73.40782738747845,20855578
3137,2020-07-08,69.80938720703125,71.82450194016316,69.41869925009628,71.14594363730065,16818545
3138,2020-07-09,70.54965209960938,70.94033456118791,69.70658990331913,70.11783812260873,16110083
3139,2020-07-10,70.98145294189453,71.454387228146,69.70658248223945,70.5702047663871,23809286
3140,2020-07-13,69.54207611083984,71.63944267369439,69.17195391219721,70.98144455504654,10803798
3141,2020-07-14,67.17742156982422,69.41872125507463,67.03348356227878,69.2953490074137,16288923
3142,2020-07-15,67.25963592529297,68.39056811063388,67.0745776417098,67.87650802638801,15061461
3143,2020-07-16,66.7044677734375,67.65034192837633,65.59410104100111,67.65034192837633,15458966
3144,2020-07-17,67.15682983398438,67.38301963775561,66.47827157848944,66.47827157848944,13711930
3145,2020-07-20,67.23908996582031,67.54752608156384,66.76615570392892,67.15683810379133,8390572
3146,2020-07-21,71.41325378417969,71.74225563672934,67.48583635231101,67.48583635231101,33717545
3147,2020-07-22,73.88074493408203,74.60042918848161,71.47494774598854,71.5571940283168,46076322
3148,2020-07-23,74.744384765625,75.07338670618476,72.97601955504463,73.20220385712656,18738194
3149,2020-07-24,74.8471908569336,75.36125111876876,73.46950823963317,73.81907033326326,14438899
3150,2020-07-27,74.39481353759766,74.66212932467815,73.51063104053846,74.5593172766966,11938756
3151,2020-07-28,74.8060531616211,75.19674113036781,73.49006244493049,74.10693466216638,11893746
3152,2020-07-29,74.744384765625,75.87531743185718,74.23032446279218,74.55932640335195,13335993
3153,2020-07-30,72.72926330566406,75.36125071663344,72.21520304657197,75.05281456117817,23995122
3154,2020-07-31,73.3255615234375,73.75736982797248,72.46193933645779,72.62643747257064,14354565
3155,2020-08-03,73.42837524414062,73.8190576291532,71.59831879579208,73.61343355980662,12500988
3156,2020-08-04,73.30499267578125,73.63399451202845,72.21518629488943,73.1404945466124,9628257
3157,2020-08-05,72.359130859375,73.18162715826082,72.03012899307465,72.8115049393442,10577794
3158,2020-08-06,72.33856964111328,73.09937988087093,72.13294555349826,72.64700577253582,8564058
3159,2020-08-07,72.359130859375,73.18162715826082,72.07125492360095,72.29744475254056,8026904
3160,2020-08-10,72.89374542236328,73.53118335002515,72.4824973056432,72.72924729125715,7766140
3161,2020-08-11,72.72926330566406,74.99112844566928,72.19464286737261,73.26388374395553,21833550
3162,2020-08-12,73.2227554321289,73.79850174419255,71.2282007279172,72.46194521572936,19435650
3163,2020-08-13,73.51062774658203,74.14806576225085,72.54419342327856,74.00412778594432,10641012
3164,2020-08-14,72.13294219970703,74.29199501928048,71.59832182792907,74.29199501928048,17130105
3165,2020-08-17,73.4695053100586,75.05281196895922,72.21520055236013,72.37969871400591,17368089
3166,2020-08-18,73.0993881225586,73.98357068340945,72.60589360338906,73.963010503494,13890131
3167,2020-08-19,72.93488311767578,73.77793966181548,72.81151089391746,73.40781741263001,12400644
3168,2020-08-20,74.51818084716797,77.35579185624216,72.56475221062932,72.87318831113542,44062975
3169,2020-08-21,77.76705169677734,78.34279805547575,75.09393842333202,75.25843658611575,49949864
3170,2020-08-24,76.18375396728516,78.40449894816305,75.83419184415354,77.99325070398734,19724617
3171,2020-08-25,75.97811889648438,76.82118102230316,75.2584345728859,76.69780322008285,10109220
3172,2020-08-26,76.22486877441406,77.99323931284059,75.71080854427446,76.90342716261624,18000615
3173,2020-08-27,76.1631851196289,77.1707454343736,75.95756102093902,76.86230928633877,10363056
3174,2020-08-28,74.97056579589844,76.80061691121251,74.76494169903772,76.69780486278216,12114955
3175,2020-08-31,73.59288787841797,76.2248753688516,73.2021998385481,75.46406504684296,24259718
3176,2020-09-01,74.18919372558594,74.97056979769364,73.44894916853863,73.63401309675592,16505345
3177,2020-09-02,76.2252197265625,77.02448944978347,73.72223763221822,74.85804587963375,30959608
3178,2020-09-03,75.08941650390625,76.33039205335866,74.73184679426004,75.88868628061198,11884498
3179,2020-09-04,73.63812255859375,74.87909257678876,73.07021831705937,74.54255968845845,17373558
3180,2020-09-07,74.10084533691406,74.4373838922526,72.79677626525007,73.63811409506546,13069001
3181,2020-09-08,73.57499694824219,74.03773381876512,73.09122891774899,73.974634633168,9597878
3182,2020-09-09,73.72224426269531,74.85805261226388,72.9440056310048,73.6170770342422,20122483
3183,2020-09-10,74.7108154296875,75.06838513836865,73.25950543208812,74.03774404376189,19635358
3184,2020-09-11,73.68016815185547,75.00527964962885,73.23846812305547,74.92114359381614,31182063
3185,2020-09-14,72.1447525024414,74.66876656840206,71.82925074419633,74.66876656840206,14143608
3186,2020-09-15,72.90193939208984,73.15433616228329,71.9343975188293,72.29196721751934,7858789
3187,2020-09-16,72.33403778076172,72.96504113971571,71.85026968003444,72.77573784975463,13201491
3188,2020-09-17,70.79859161376953,72.10266636164997,70.63032519274658,72.0816351986548,10765947
3189,2020-09-18,72.31300354003906,72.77574049455947,70.37792536111841,71.13513284279384,23788415
3190,2020-09-21,71.72406005859375,72.22886498913732,70.52515262781786,71.93439449537244,13331596
3191,2020-09-22,71.0089340209961,71.70304235721248,70.04139771246389,71.0089340209961,9039386
3192,2020-09-23,68.9476547241211,71.47166834516547,68.48491775245877,71.47166834516547,8404497
3193,2020-09-24,67.03361511230469,69.43142469214519,66.67604536541884,68.25355392019067,20770480
3194,2020-09-25,67.6225357055664,68.35870620341952,67.18082998344262,67.72770291954542,8761400
3195,2020-09-28,70.73548889160156,71.1140897464446,67.72770750911658,67.72770750911658,16915185
3196,2020-09-29,68.69524383544922,71.26132517808107,68.35871100933127,71.09305876502209,13468026
3197,2020-09-30,68.33768463134766,68.67422321481055,67.43324752985026,68.54801910637904,14349950
3198,2020-10-01,69.24211883544922,69.83105415122645,68.48491139600385,69.30521802898123,14856837
3199,2020-10-05,68.50595092773438,69.99932329069648,68.21148040555356,68.98971903787088,10360105
3200,2020-10-06,68.6531753540039,69.15798029554598,68.08527692687768,68.61111303028113,8989183
3201,2020-10-07,67.13877868652344,68.65318225193566,66.88637619039226,68.56905189035024,17614061
3202,2020-10-08,66.59191131591797,67.76978782933176,66.46571290997875,67.39118120013822,12953710
3203,2020-10-09,66.4656982421875,67.03360235496359,65.91882529053078,66.76016302629188,11980039
3204,2020-10-12,67.222900390625,68.48490700306255,66.69706430210937,66.97049792700015,20670634
3205,2020-10-13,67.496337890625,68.14837810123146,66.97050177191998,67.30704031130342,11179799
3206,2020-10-14,66.06607818603516,67.64358686204389,65.7505764508334,67.4963515778121,13362234
3207,2020-10-15,65.51919555664062,66.06606282153412,65.03542748297532,65.87676524784955,15536883
3208,2020-10-16,66.86532592773438,67.81183081937763,65.35092266565421,65.66642429620197,18673957
3209,2020-10-19,67.2018814086914,68.31665297724284,67.0546461360855,67.28601177468924,18793008
3210,2020-10-20,66.12915802001953,67.4753006448157,66.00295964518276,67.30703424313782,13701957
3211,2020-10-21,68.88455200195312,69.89415625760185,66.15020405232386,66.29743931382598,36573148
3212,2020-10-22,69.45246124267578,69.78899411720008,67.81184778872854,68.21148556970292,39056262
3213,2020-10-23,71.57683563232422,72.10267180376411,69.28419334825884,69.45245978198207,29149043
3214,2020-10-26,72.37611389160156,72.75471480809847,71.366503840026,71.53477028005932,36760149
3215,2020-10-27,72.986083984375,73.76432272611507,72.14474603777776,72.37611739650487,23610507
3216,2020-10-28,72.71263885498047,73.42777827937007,72.16577155799116,73.42777827937007,14060472
3217,2020-10-29,72.18680572509766,72.90194517924749,71.6189015357066,71.95544009882488,17654072
3218,2020-10-30,71.93441009521484,72.35507905999935,71.21927057280598,71.72407561282259,22904945
3219,2020-11-02,72.79676818847656,73.36466659604397,72.33403129228113,72.58643375435925,13423596
3220,2020-11-03,75.69939422607422,76.01489592721371,73.13331258233546,73.19641178142585,27441682
3221,2020-11-04,74.50048065185547,75.72041932405291,73.46983956176324,75.69938816127026,19461431
3222,2020-11-05,75.32078552246094,75.63628719091383,74.29014445657336,74.87907976321469,10248002
3223,2020-11-06,75.06837463378906,75.48904347791603,74.5004705530804,74.98423858268913,8815864
3224,2020-11-09,77.42414093017578,77.69757460704041,75.3418273415762,75.67836021991918,15228920
3225,2020-11-10,78.20237731933594,78.60200938734798,76.372466296412,77.10863693850997,13815795
3226,2020-11-11,79.77989196777344,80.34779051361745,77.3610396807755,77.3610396807755,15502357
3227,2020-11-12,79.71678161621094,80.32675386431063,78.72821416718327,80.13745055815895,26079694
3228,2020-11-13,79.443359375,79.90609641885666,78.32858765958747,79.33819212438205,11968619
3229,2020-11-14,79.08576965332031,79.88504512116195,78.66510075685085,79.50643854978978,1162700
3230,2020-11-17,78.58096313476562,79.61159841240305,78.1813254377984,78.66509348286793,16872514
3231,2020-11-18,77.99205017089844,79.80092449328292,77.7186107707598,78.58098559871979,16685757
3232,2020-11-19,79.84297180175781,82.95592028829968,75.04734213510805,75.08941016310592,64832376
3233,2020-11-20,80.70535278320312,81.60979555066562,79.54851322133834,81.39946108487203,27479934
3234,2020-11-23,81.92530059814453,82.40906874810686,80.1374518601311,80.76846098899263,20909280
3235,2020-11-24,81.82014465332031,83.16628205179823,81.29430839476912,82.03047915674078,15308572
3236,2020-11-25,82.15665435791016,83.0610913258741,81.42048380399048,81.82012152982166,19854793
3237,2020-11-26,83.14522552490234,83.77622884271129,81.12601148450162,82.0935533285541,24879552
3238,2020-11-27,80.93672180175781,83.14523362936053,79.38024451717236,83.14523362936053,46793847
3239,2020-12-01,80.91568756103516,82.64043132833136,80.6212227312011,81.96735989405875,18193922
3240,2020-12-02,81.67288970947266,82.11458977810818,79.73781160244204,81.1260167087427,15836732
3241,2020-12-03,81.37841796875,82.07252051145612,80.34777688319232,82.0304581860759,21308517
3242,2020-12-04,81.75701904296875,82.85075932503955,81.08395336694406,81.69391984905232,14838659
3243,2020-12-07,81.39946746826172,82.97697608542276,80.97879850368544,81.18913298597359,22078115
3244,2020-12-08,80.60018157958984,81.86218831217947,80.38984712415824,81.60979153021135,15896364
3245,2020-12-09,81.06293487548828,81.92530974013694,80.38986334119109,81.14707095690858,18701467
3246,2020-12-10,81.08394622802734,82.19871757469285,80.55810444318845,81.1891134438578,13612880
3247,2020-12-11,81.23119354248047,82.13563636110224,80.83156145828022,81.60980016687463,14876364
3248,2020-12-14,81.7359848022461,82.87179307271843,81.10498147546967,82.45112418820081,20316890
3249,2020-12-15,81.10498809814453,81.90425790285546,80.49501588351158,81.77805950947014,16084083
3250,2020-12-16,82.5352554321289,82.80868906887794,80.9998151282118,81.90425209854486,35024972
3251,2020-12-17,83.4417724609375,84.34827998424429,82.7079316432856,83.4417724609375,23058726
3252,2020-12-18,83.70077514648438,84.08927669653735,82.90218504893973,83.4417721614841,20310375
3253,2020-12-21,80.07473754882812,83.39859619201452,79.62148675880013,83.31226577504908,21609326
3254,2020-12-22,82.14676666259766,82.47051894419897,79.85891369301123,80.05316740393009,23934507
3255,2020-12-23,81.99568176269531,82.7511037592633,81.5855931940289,82.66476747484032,9836093
3256,2020-12-24,82.01725006103516,82.98851261654413,81.77983409839815,82.12516747221457,12945145
3257,2020-12-28,82.68635559082031,83.01010787943893,82.01726401473799,82.10360030032773,6879688
3258,2020-12-29,81.88776397705078,83.16119196480591,81.58559283778494,82.70793525590715,8549660
3259,2020-12-30,82.10358428955078,82.29783796679922,80.63590870499912,82.01724802079723,19132583
3260,2020-12-31,81.9525146484375,82.44893365285844,81.17551149846518,82.23309879398887,23272111
3261,2021-01-01,81.80142974853516,81.97410232096613,81.36976002724835,81.58559488789176,3074621
3262,2021-01-04,81.34818267822266,82.18994101596002,81.15392895262309,82.01726843547348,7133203
3263,2021-01-05,81.1539077758789,81.80141221905335,80.3769047860272,81.80141221905335,10478882
3264,2021-01-06,84.67202758789062,85.29794509326625,80.72224544358998,81.15391511139161,54265234
3265,2021-01-07,85.0605239868164,87.11095478518578,84.39143838404304,85.47061248844797,40129922
3266,2021-01-08,87.86638641357422,88.06064011589169,85.27636827544738,85.79437424503071,29487917
3267,2021-01-11,87.86638641357422,88.49230980557948,86.95987889425085,88.06064011589169,12726089
3268,2021-01-12,87.93113708496094,88.38439377922946,86.31237572306259,86.78721356019844,31454127
3269,2021-01-13,88.4923095703125,89.18298224295573,87.45629763390022,87.97430360210636,23792586
3270,2021-01-14,88.53548431396484,89.57149639616476,87.88797969003775,88.902404771836,12024674
3271,2021-01-15,87.62897491455078,88.81606662199496,87.41314005865185,88.03905762782166,13530190
3272,2021-01-18,84.49938201904297,87.1973181173654,83.98137594620664,86.87356578556671,26118654
3273,2021-01-19,86.18287658691406,86.33396215067245,84.283531105809,84.41302967194767,19382828
3274,2021-01-20,84.67202758789062,86.59295409667116,84.240357920089,86.33395697990585,21158179
3275,2021-01-21,84.24036407470703,85.34111946606478,83.80869437536752,84.8015323418904,12509109
3276,2021-01-22,83.83027648925781,84.73678403934852,83.31227635698818,84.17561576566598,16720401
3277,2021-01-25,82.10358428955078,84.95260504479465,81.84458133818423,83.93818023396388,9393599
3278,2021-01-27,83.03168487548828,83.89502426867595,81.71509464283507,82.01725991751378,18874916
3279,2021-01-28,80.85175323486328,82.42734641718882,80.20424870610802,82.42734641718882,16072463
3280,2021-01-29,79.6214828491211,81.58557731599129,78.99555954610847,81.45607876945476,13415015
3281,2021-02-01,81.54243469238281,81.77985070322546,78.77974372132937,79.62150204139964,9485240
3282,2021-02-02,83.83027648925781,84.45619990250725,81.6719279675633,82.4489310934153,10803602
3283,2021-02-03,89.13980102539062,90.65064471362477,83.95976552287355,83.95976552287355,73411707
3284,2021-02-04,88.64338684082031,89.63623061010902,88.1469678836233,89.13981165291202,23523019
3285,2021-02-05,89.3988265991211,89.91682676754678,86.8735574814975,88.77290314218264,28755118
3286,2021-02-08,91.75141143798828,92.1183318364728,88.79447296299374,89.13981221946524,28436890
3287,2021-02-09,90.97441101074219,93.8666002891689,90.65065874173449,90.65065874173449,27738169
3288,2021-02-10,90.84490203857422,92.37733288136776,89.35564518869242,90.88807017659136,34189378
3289,2021-02-11,92.2694091796875,92.72265996076193,89.93839428935829,90.15422910984977,20504448
3290,2021-02-12,91.7945785522461,94.53568215693372,90.88807106460759,94.53568215693372,25066544
3291,2021-02-15,91.70824432373047,93.00325923134952,91.31974277889216,92.37733584724154,8599603
3292,2021-02-16,97.36312103271484,99.24089123661875,92.07516725550407,92.11833539609296,80200957
3293,2021-02-17,99.30562591552734,99.80205070621793,95.91702378363081,97.3415313132883,39034960
3294,2021-02-18,102.08989715576172,102.86690019530556,98.63653990464344,99.7157140456179,44291912
3295,2021-02-19,100.23372650146484,101.91724295491436,98.74446374799636,100.79489474935147,36335681
3296,2021-02-22,97.1041030883789,100.9675483824381,96.52134795255802,100.34162511527977,25800846
3297,2021-02-23,97.60055541992188,98.89555881972797,96.97463193819104,97.44946983589418,18293559
3298,2021-02-24,96.15445709228516,98.50705949492229,95.6580380669742,97.62213302338098,11421326
3299,2021-02-25,98.22647857666016,100.49273890999446,95.3127019083259,96.5645488676457,30696079
3300,2021-02-26,92.50682830810547,98.09695269222277,91.16865120425442,95.61485217157278,38070699
3301,2021-03-01,98.09695434570312,98.76603998145927,93.84500699376787,93.8881751310509,31441940
3302,2021-03-02,97.14727783203125,99.00345502370585,96.41344292469466,98.85237532697693,18223787
3303,2021-03-03,98.20486450195312,99.3487937083664,96.56452224561171,99.28403857978144,19350542
3304,2021-03-04,97.1904525756836,99.26247059259563,96.2839450592155,96.2839450592155,22865747
3305,2021-03-05,95.07526397705078,97.55736446833555,94.68676246243724,97.55736446833555,17342685
3306,2021-03-08,96.7899169921875,98.43862062037374,95.40500713714968,95.77871448551052,15749448
3307,2021-03-09,94.9653549194336,97.64724740608442,93.75630556557566,96.9437993166557,12585004
3308,2021-03-10,94.59165954589844,96.26234971533653,94.08605821741882,95.8446756821785,10661165
3309,2021-03-12,96.74595642089844,97.11966379263457,94.70156498670995,94.83346486313103,18173078
3310,2021-03-15,98.54854583740234,99.58173475909119,96.61406787777713,97.16363581876122,30092241
3311,2021-03-16,98.68043518066406,99.88948452168518,98.26276120485223,98.98818961682626,14767699
3312,2021-03-17,96.92181396484375,98.92223858867031,96.43819305571856,98.90025825956172,12571132
3313,2021-03-18,97.18560028076172,98.2627556544691,96.78991262050755,97.16361995198926,14232655
3314,2021-03-19,101.20845794677734,102.04379405874053,96.3502737851017,97.55932325164815,70334403
3315,2021-03-22,98.28473663330078,103.05499276944535,97.6912081205903,103.05499276944535,29180881
3316,2021-03-23,96.28431701660156,98.48258855002231,96.06448986325948,98.28474172673717,38455903
3317,2021-03-24,97.18560028076172,98.4386161742273,95.36103620728375,95.42698315679398,24398959
3318,2021-03-25,95.14122772216797,98.21880829256637,94.67959302188581,97.1856193370081,20272124
3319,2021-03-26,94.34984588623047,97.60328679155096,93.27269037392598,96.43820398965023,25184863
3320,2021-03-30,97.31749725341797,98.35068597571008,94.70155197391162,95.36103337581817,53328751
3321,2021-03-31,94.81148529052734,97.20760393518644,94.37183093100779,96.68001631848543,20694060
3322,2021-04-01,96.15242767333984,96.43820179360895,94.41579069423808,95.25113272394529,11229344
3323,2021-04-05,94.15199279785156,96.28431738609109,93.8002717364318,94.61363339955737,14484908
3324,2021-04-06,91.97570037841797,96.28431612179705,91.66794594451505,94.61363215720081,25301732
3325,2021-04-07,92.5692367553711,95.0532883859423,92.12958244386374,92.72311695703732,22841720
3326,2021-04-08,91.88777923583984,93.8662237297336,91.66795206985165,93.1847559372541,20468881
3327,2021-04-09,91.58001708984375,92.96492701679409,91.4481231780174,92.06363803852939,11773021
3328,2021-04-12,88.43648529052734,90.85458394559652,87.27140258572355,90.85458394559652,18544315
3329,2021-04-13,91.7778549194336,92.06362900915829,89.00802937399708,90.19509831678313,19831072
3330,2021-04-15,91.36019897460938,92.9429558892193,91.03045819919873,91.4041656039696,10159348
3331,2021-04-16,92.2614974975586,94.43778311972835,91.11839490689464,91.22830850285858,22020846
3332,2021-04-19,88.4584732055664,91.00847194748907,87.9308915771364,90.50286468751911,18404990
3333,2021-04-20,89.55760955810547,90.43691824031703,88.65632054411608,90.12916377945916,14467660
3334,2021-04-22,89.44769287109375,90.08519402886826,88.45847063790853,89.68950632823287,11626459
3335,2021-04-23,92.83303833007812,93.60243343982191,89.68951093147803,89.82140485072803,38318040
3336,2021-04-26,94.87742614746094,95.16320623331684,91.53605203745556,91.53605203745556,19139358
3337,2021-04-27,95.2511215209961,96.94379167562091,94.87741419389305,94.9873277628532,15270611
3338,2021-04-28,97.11965942382812,97.47138644860215,95.09724841175539,96.19638418318696,16383579
3339,2021-04-29,96.7899169921875,98.32870704516132,96.30629606861424,98.08689956497125,14761969
3340,2021-04-30,96.74595642089844,97.73517865968577,95.25113289714737,95.73475385097099,16897105
3341,2021-05-03,97.07568359375,97.97697841876172,95.2950861981786,95.62482689833573,15528063
3342,2021-05-04,95.86664581298828,97.47138884935836,95.27311725235097,97.3394889756219,20857434
3343,2021-05-05,95.93260192871094,96.8778575542891,95.31708109048002,95.86664900804794,23178237
3344,2021-05-06,94.7015609741211,96.46017821300664,93.91018560189988,96.04251019668725,18823613
3345,2021-05-07,94.32785034179688,95.31707250430995,93.86621571790131,95.11923164972313,12509591
3346,2021-05-10,96.65801239013672,96.78990628051778,94.50370774702733,94.70154858259892,17845577
3347,2021-05-11,98.21881103515625,99.01019249613019,96.02053913777445,96.72398733757547,22995780
3348,2021-05-12,99.33991241455078,103.31878132777923,98.06491021132615,98.21879040445943,55645370
3349,2021-05-14,100.61491394042969,101.12052119770922,98.41664822221165,100.131298941074,18820793
3350,2021-05-17,100.41707611083984,101.5601725813864,99.84552191237317,101.53819225048873,10996347
3351,2021-05-18,102.48345184326172,105.45113074149451,100.46104652930045,101.5162217787338,52885042
3352,2021-05-19,102.76921844482422,104.63774925558879,101.73603559060308,102.96706526888833,28081040
3353,2021-05-20,100.65888214111328,103.29680804379237,100.41707465197835,102.87913405725752,10707136
3354,2021-05-21,100.21923828125,100.79078656785728,99.36190988814512,100.26319894699368,21702883
3355,2021-05-24,101.5601577758789,103.05498702841808,100.4170614719737,100.68084925706411,22028927
3356,2021-05-25,102.39552307128906,103.0769849041067,101.62612798634304,102.43948373415971,9165363
3357,2021-05-26,99.18604278564453,102.79120474615881,98.90026866121254,102.52741691634068,18322114
3358,2021-05-27,100.37309265136719,100.94464082473675,98.15284094343991,99.66965058051011,51194207
3359,2021-05-28,99.12008666992188,101.56016561264154,98.83430660870117,101.56016561264154,15307498
3360,2021-05-31,99.2080307006836,99.62570473514586,98.37268859495308,99.36191092196937,13102261
3361,2021-06-01,98.65845489501953,100.24121168500932,98.43862772872076,99.49379693431612,15733731
3362,2021-06-02,99.99940490722656,100.30716532753773,98.52656168978356,98.57052831599853,7995532
3363,2021-06-03,99.49378204345703,101.75800628801119,99.20800796267807,100.70283127714637,10291328
3364,2021-06-04,99.42784881591797,100.30716343403766,98.83431428120409,99.3619018594372,6142487
3365,2021-06-07,103.86835479736328,104.54981659394468,99.75758579802869,99.93344632974066,18058790
3366,2021-06-08,102.90111541748047,105.05542636344609,102.02180677445561,105.05542636344609,22511761
3367,2021-06-09,106.44035339355469,107.9351710874072,102.79121260174189,103.75845459563939,39865778
3368,2021-06-10,106.24250030517578,109.03430060467971,105.62697945618268,109.03430060467971,32690784
3369,2021-06-11,108.28688049316406,109.38601629326219,107.27567794235112,109.38601629326219,29142097
3370,2021-06-14,109.34207153320312,109.82568658502275,106.44035736950849,109.01233074522017,18732629
3371,2021-06-15,108.8584213256836,110.5730657136195,108.61660195148062,110.1553917984507,15026686
3372,2021-06-16,106.46232604980469,108.81447197605613,105.93473846150529,108.52870381358485,30706682
3373,2021-06-17,105.45111083984375,107.29764928827535,104.08817540601838,107.29764928827535,22261167
3374,2021-06-18,102.43949127197266,107.7153436712446,101.16448883826008,107.2756893046386,49278209
3375,2021-06-21,103.25285339355469,103.5166412286245,100.41708049781134,101.95587069728896,11719831
3376,2021-06-22,102.90111541748047,104.19809805121949,102.02180677445561,102.02180677445561,10961545
3377,2021-06-23,102.10972595214844,103.75842943060987,101.99981238691767,103.64851586537911,10721151
3378,2021-06-24,101.62612915039062,102.41750457583656,100.28517387444398,102.10974415305557,12964208
3379,2021-06-25,101.4942398071289,102.35156829339685,100.85675045263221,101.7580396094209,7736431
3380,2021-06-28,101.9338607788086,102.21964082261172,101.42826552812227,101.99981368934324,9989595
3381,2021-06-29,103.7584457397461,104.59379373735702,101.84595417467237,102.26361624709085,61089570
3382,2021-06-30,102.1756820678711,104.46188668168364,101.99981558742955,104.26403987278327,17437744
3383,2021-07-01,101.47225189208984,102.41751357517926,101.20846403589145,102.24164705345481,15924813
3384,2021-07-02,100.21923828125,101.6041423688306,100.06535209837133,101.47224844521168,9549992
3385,2021-07-05,101.2524185180664,101.51621828453872,100.39509014820962,100.81276416700011,6849185
3386,2021-07-06,100.59292602539062,101.34034072600188,100.37309887382179,100.85672576310496,5343938
3387,2021-07-07,101.53819274902344,101.758019911853,100.5929311783016,100.5929311783016,7228897
3388,2021-07-08,101.62612915039062,102.50543782897216,100.92267505169305,101.16448255302552,8740010
3389,2021-07-09,101.23043823242188,101.75802583922197,101.12052464460466,101.58215932815942,2990856
3390,2021-07-12,100.68087768554688,101.8899272403072,100.3291565639852,101.42829252285823,5578309
3391,2021-07-13,100.5269775390625,101.955853917703,100.37309138860846,101.29637251217662,8264289
3392,2021-07-14,101.09854125976562,101.75802276675658,100.43905975277467,100.5269930056509,9228746
3393,2021-07-15,101.29637908935547,101.75801371792082,100.81275220473633,101.56016689813963,5376823
3394,2021-07-16,102.81318664550781,103.97827541881114,101.3403493748525,101.84595663716614,15903784
3395,2021-07-19,102.50545501708984,103.16493663660789,101.78002046506428,102.81320356508687,13725925
3396,2021-07-20,101.69207000732422,103.89034170079216,101.53819575933635,103.27483278245347,14178067
3397,2021-07-22,102.54940032958984,103.0989682635492,100.5489754352553,103.0989682635492,10378326
3398,2021-07-23,102.43949127197266,102.85716530552595,102.02181723841937,102.76923204692716,6660369
3399,2021-07-26,102.3075942993164,103.4726831066671,102.02181419898129,102.63733506444724,12963701
3400,2021-07-27,101.9338607788086,103.25283550480472,101.40628520007247,102.4394679558802,10832912
3401,2021-07-28,100.28517150878906,102.17569466425309,99.9774170564614,101.99982816213044,13828088
3402,2021-07-29,98.13085174560547,101.73601974358316,97.98430029793472,100.24119020678667,28609665
3403,2021-07-30,100.32911682128906,101.53083145683209,98.59980866057425,99.09808116440362,34142169
3404,2021-08-02,100.2411880493164,100.82739382738258,99.24463703396519,100.5342909383495,9575755
3405,2021-08-03,102.26358795166016,102.70324226258971,100.29980108145209,101.14980657174779,20959435
3406,2021-08-04,102.7325668334961,103.52394228117275,101.91187632515499,102.96705153964892,23323277
3407,2021-08-05,102.7032470703125,103.0256650173084,101.56015057893985,102.73256212963469,6621382
3408,2021-08-06,102.58601379394531,103.4653224836077,102.32222595760155,102.87911669049944,5340311
3409,2021-08-09,103.43600463867188,103.75842258675618,102.0291203141984,103.75842258675618,16415005
3410,2021-08-10,101.17910766601562,103.2308277423744,100.44635049588749,103.2308277423744,11925263
3411,2021-08-11,103.37739562988281,103.75843180427218,101.14982063398556,101.38429342463611,31279965
3412,2021-08-12,109.62047576904297,110.03081502543128,103.34807898489835,103.75841824128666,58107755
3413,2021-08-13,108.301513671875,109.79634312369235,107.62737466563607,107.97909573477348,26776843
3414,2021-08-16,105.92737579345703,108.03772606522737,105.75152122173397,107.86185956711762,21308655
3415,2021-08-17,107.42221069335938,107.71531358747495,106.10324766983926,106.13256272980574,15962459
3416,2021-08-18,105.86876678466797,109.03428054047545,105.60497894101223,107.68600240839835,25227527
3417,2021-08-20,104.69631958007812,105.54632487056546,103.78770804024035,103.93425944276744,18720467
3418,2021-08-23,102.967041015625,105.45841542028757,102.11703553349655,105.22393073810088,13112745
3419,2021-08-24,103.52394104003906,105.10670384280444,102.84980199032718,103.93429225248376,11029463
3420,2021-08-25,102.87909698486328,104.02219329191882,102.61530919904588,103.87564187171247,12001351
3421,2021-08-26,101.47222900390625,102.82050721290831,100.59292023970188,102.82050721290831,12115246
3422,2021-08-27,102.20497131347656,102.49807419187849,100.68083873106384,101.88256530306643,8051699
3423,2021-08-30,102.87909698486328,103.37736942828788,101.29634641718866,102.7032305100616,14512401
3424,2021-08-31,102.79118347167969,103.7877404761396,102.5566987690781,102.87911672595371,43248333
3425,2021-09-01,102.967041015625,104.22738574679039,102.38083527335147,104.22738574679039,11817591
3426,2021-09-02,103.02566528320312,103.23083491982683,102.11704155851479,102.82049564657942,13545023
3427,2021-09-03,102.90843200683594,103.641189250045,102.23429295780612,103.17221984383623,12286475
3428,2021-09-06,102.05843353271484,103.37739666203986,101.41360949921139,102.99636048384609,13950485
3429,2021-09-07,101.41358947753906,102.08772844026808,101.09117156124685,102.05841338373756,12485031
3430,2021-09-08,103.11376190185547,103.56117482199963,101.53290655840173,102.15928343291834,25370295
3431,2021-09-09,103.50151824951172,103.88927852623183,102.5470398169442,102.8453150856748,5078350
3432,2021-09-13,103.74014282226562,103.97876546906075,103.0242748818803,103.94893308689186,7522483
3433,2021-09-14,103.85945892333984,104.45600953419975,103.50153098419455,103.74015365590915,8434427
3434,2021-09-15,106.12635040283203,106.78255361218444,103.65066307327959,103.79980071798934,20064238
3435,2021-09-16,107.05097961425781,108.36339796258052,106.36495626640011,106.75270437193684,16214883
3436,2021-09-17,106.66324615478516,107.61772463390277,105.44031263860634,107.11065907970145,21219226
3437,2021-09-20,105.58944702148438,106.90185337266034,104.45599855264042,105.70875227637238,7833069
3438,2021-09-21,104.9332504272461,106.42462689114427,104.66479538163279,105.02273544245053,9481007
3439,2021-09-22,105.44029235839844,105.85787281992933,104.87357428391367,104.87357428391367,9165634
3440,2021-09-23,106.33514404296875,106.63341934182701,105.5894557958231,105.5894557958231,10295913
3441,2021-09-24,105.08236694335938,107.08080857575976,104.87357670776835,106.36495287177614,7093411
3442,2021-09-27,104.992919921875,105.67895563282636,104.45602188126719,105.29119526256214,5205649
3443,2021-09-28,109.73546600341797,112.68839843229651,105.05254673338932,105.4999596344147,38873626
3444,2021-09-29,116.35719299316406,117.10288120220292,108.8406461365705,109.46702908690409,53686662
3445,2021-09-30,113.28494262695312,118.11699926022864,112.53925450031028,116.29751537647967,23618199
3446,2021-10-01,114.44823455810547,115.43254551310731,113.135828042672,113.82186368627048,16994903
3447,2021-10-04,114.32891845703125,115.16409167720906,113.3744399783362,114.53770872786262,10757286
3448,2021-10-05,113.31478118896484,116.3870191947776,112.95685325768198,114.32892448726142,17200858
3449,2021-10-06,111.91288757324219,114.6271975959086,111.40582200220912,114.5078801965255,8929507
3450,2021-10-07,112.33049011230469,114.26927968791318,111.91289738313826,113.94117198191483,6733699
3451,2021-10-08,111.97254943847656,113.43410577769261,111.55496884833126,112.7480701194364,8165175
3452,2021-10-11,115.4026870727539,116.38699780552786,112.92701225652192,113.34459274346807,12982042
3453,2021-10-12,115.34306335449219,116.1185840381265,114.32893212529697,115.67117105991912,8539966
3454,2021-10-13,118.95217895507812,121.99458425233823,115.8202886503115,116.38700680310002,33075614
3455,2021-10-14,122.08404541015625,122.85955367105971,118.26612030949133,119.42938876927118,19185455
3456,2021-10-18,121.57699584960938,125.24577168781484,120.5926851045673,125.15629882296174,38546365
3457,2021-10-19,118.50479125976562,122.17358025305255,117.52048024153925,121.69633486941119,16174177
3458,2021-10-20,115.9395980834961,119.45924878981745,115.3430475277417,119.31011115087885,21909934
3459,2021-10-21,115.76062774658203,117.72923708669818,115.4325201214706,117.07303397332612,16946547
3460,2021-10-22,115.99922943115234,117.52043792399478,114.09027285768528,116.86423486041859,7705870
3461,2021-10-25,114.92547607421875,116.32736756364073,113.64288985063364,115.99925987730974,7862419
3462,2021-10-26,113.58320617675781,115.10440251629153,113.16561358674578,114.8956122897104,8525850
3463,2021-10-27,113.49374389648438,114.44822236390698,112.47961280050767,113.43409126793026,9862679
3464,2021-10-28,110.89876556396484,114.00082401374345,110.51100522352908,113.76220133217885,11095238
3465,2021-10-29,110.39169311523438,112.53927284262075,108.15462837069587,111.49530929516945,12988035
3466,2021-11-01,112.00236511230469,112.44977802220737,110.09340821812737,110.12322846334304,5475153
3467,2021-11-02,110.6601333618164,114.09029922074063,110.4513430847307,112.53927012929327,10946890
3468,2021-11-03,109.73546600341797,111.73392000414604,109.16874785019317,110.66012418694444,13957727
3469,2021-11-04,110.39169311523438,110.86892631195747,109.9144477816583,110.33202834589763,830214
3470,2021-11-08,112.83753204345703,113.55338780483761,110.12322235259072,111.91287389289344,11947323
3471,2021-11-09,111.28651428222656,113.55339917821448,110.54082606574649,113.55339917821448,10381150
3472,2021-11-10,110.00390625,111.25665977722609,109.49684079098587,110.92855217247279,13857851
3473,2021-11-11,108.66167449951172,110.5109785965645,107.79666900436469,110.36184097362715,8851354
3474,2021-11-12,108.57219696044922,109.58632801138309,107.55806590951536,109.58632801138309,9590673
3475,2021-11-15,112.33049011230469,112.5989330449551,108.57221623407592,108.69152150706415,24821341
3476,2021-11-16,111.91288757324219,114.14995227208173,111.25668435561981,112.74806082151284,23206330
3477,2021-11-17,113.97098541259766,115.61149939602664,111.55495087317063,111.55495087317063,18359498
3478,2021-11-18,114.83597564697266,115.99924431177284,113.97098224359318,114.44821537975545,10742933
3479,2021-11-22,115.85013580322266,117.52048254180741,114.53772917780215,115.96945321989558,25095721
3480,2021-11-23,120.41372680664062,120.7418344658338,115.22374184549889,115.28339447348345,19671538
3481,2021-11-24,121.27872467041016,123.7543996005505,120.50320414542678,120.62250939380054,18120478
3482,2021-11-25,121.845458984375,122.29287193046206,120.05580720002678,120.86114807561289,18537454
3483,2021-11-26,120.50322723388672,122.2630467372639,119.7873713327833,121.72616087986316,12814537
3484,2021-11-29,119.45925903320312,121.6963238091058,118.41529547111521,118.71357077456891,16066147
3485,2021-11-30,123.33684539794922,124.97735966563657,119.48909860666045,119.48909860666045,37739647
3486,2021-12-01,123.60527038574219,124.52992860256194,122.11389399529234,123.48596512924705,20332817
3487,2021-12-02,127.96012115478516,128.8549471768466,123.18771570379083,124.67909240722655,33758843
3488,2021-12-03,122.94908905029297,129.1233859766039,122.59116108034895,127.15477607348463,47614182
3489,2021-12-06,120.50322723388672,124.08253101311108,120.11546689710002,123.69477067632438,11322446
3490,2021-12-07,122.77010345458984,123.45612685195907,120.5926916011289,120.86113448385152,8049102
3491,2021-12-08,122.17353820800781,123.87370457974332,121.42785013822468,122.38232844017706,8788449
3492,2021-12-09,121.21907043457031,123.15785977851846,120.56286723783526,122.59114159425918,5755422
3493,2021-12-10,120.89097595214844,121.84545444083837,120.41373063937725,121.84545444083837,6164402
3494,2021-12-13,121.93492126464844,125.06681130327716,121.5173286440542,122.59112436918146,21648126
3495,2021-12-14,126.61786651611328,127.15476449054871,121.2190786603316,121.75597663476704,48042035
3496,2021-12-15,125.18611907958984,128.6461168089567,123.96319784566862,127.12490819037193,15207306
3497,2021-12-16,124.20183563232422,126.34942759806758,123.06839915100292,126.11080492000126,13410737
3498,2021-12-17,125.24578857421875,125.57389624575389,122.32270046135307,124.20182506623742,15209414
3499,2021-12-20,125.18611907958984,126.85646532208092,123.78422784224067,125.72301695302275,22539246
3500,2021-12-21,123.2473373413086,126.31957500492625,122.17355366706128,126.14060499079254,17566511
3501,2021-12-22,124.4513931274414,125.3467218298009,122.25936414926393,123.37081793925347,14750231
3502,2021-12-23,128.6502227783203,129.42206238289685,124.76015870875065,125.03801594140079,15932489
3503,2021-12-24,126.82868957519531,128.86633864581435,126.48907511551187,128.5576027960999,8975969
3504,2021-12-27,127.26091766357422,127.97101264673041,126.58170129109644,126.82869248904132,8648187
3505,2021-12-28,126.9521713256836,128.83546492172394,125.53199403911421,127.60052159644978,15736206
3506,2021-12-29,126.33473205566406,127.137450447909,125.16153308334314,125.34677965462932,17172943
3507,2021-12-30,126.79780578613281,130.5335144400891,124.51316561656022,126.33470203047675,87481206
3508,2021-12-31,126.2112045288086,127.32264593274827,125.68635615229603,125.9642133626578,9842223
3509,2022-01-03,126.58171081542969,127.7857757225784,126.05686233186474,126.82870203195881,7410054
3510,2022-01-04,130.03952026367188,131.52145465965944,126.89041752375594,127.3843998432492,14784090
3511,2022-01-05,128.83547973632812,130.50264839215626,128.4649992086435,129.6690640642422,9565107
3512,2022-01-06,127.16828155517578,128.8663285961832,126.36557594601348,128.2797355524687,5615931
3513,2022-01-07,126.70520782470703,128.74286978149888,126.27298259144615,127.7857834703551,11908249
3514,2022-01-10,125.96421813964844,127.97100102667714,125.6246037030002,127.97100102667714,11085710
3515,2022-01-11,125.87159729003906,127.07567458282053,125.6554847182557,126.30383499609906,7208789
3516,2022-01-12,126.55083465576172,127.63141025684165,126.18035410503339,127.19918504140782,11018139
3517,2022-01-13,128.43409729003906,130.5952479655926,127.53876846373522,128.1871061289059,20522807
3518,2022-01-14,128.2797393798828,129.4529380648088,127.53877840124181,128.4032286888252,14183654
3519,2022-01-17,127.41527557373047,129.3911924394354,127.07567369544044,129.14420126091065,7574539
3520,2022-01-18,126.67431640625,128.34148490069273,126.33470196062598,127.35353273500469,8475422
3521,2022-01-19,126.36557006835938,128.06361703038536,124.1426747396602,127.19915424631003,13724367
3522,2022-01-20,132.540283203125,132.9725083038372,126.82867082768455,127.87836753655246,30170343
3523,2022-01-21,132.81817626953125,135.3806866478854,131.52148805473018,132.0772151646436,29509593
3524,2022-01-24,132.138916015625,134.45443440374927,130.59523709020883,133.6208502965228,12850189
3525,2022-01-25,135.13369750976562,135.96728190624552,130.8731396847071,131.83022597557013,27389035
3526,2022-01-27,132.66378784179688,135.41154435335216,131.12010864288723,134.60882614492172,28512473
3527,2022-01-28,129.7925262451172,134.3000739831103,129.20593324581992,134.3000739831103,18932049
3528,2022-01-31,133.00341796875,133.83700232192388,130.4100290713818,130.90401149826005,19907759
3529,2022-02-01,131.49058532714844,134.0222291899807,130.47176713539116,133.99135058190004,8622355
3530,2022-02-02,132.138916015625,134.4853130072541,131.67581233800016,132.66376433776827,9921099
3531,2022-02-03,130.47177124023438,132.75641143528608,130.28652471090868,132.13893975419174,4594389
3532,2022-02-04,129.48379516601562,131.73756911722273,129.11331470228802,130.90398493321254,7329263
3533,2022-02-07,131.92283630371094,132.3241954366839,129.66906199931915,130.3174123343135,7869237
3534,2022-02-08,129.69992065429688,133.0033913558748,128.7428346046609,132.13892856305725,9074237
3535,2022-02-09,129.26768493652344,130.68787472929097,128.8663258592202,130.03952448422478,9833985
3536,2022-02-10,130.93487548828125,133.18863708266738,129.69993212149717,129.69993212149717,19180334
3537,2022-02-11,128.31060791015625,130.9039836941953,127.84750419425698,129.7925297510401,20071130
3538,2022-02-14,124.63665008544922,127.78575298909894,124.2661696078127,127.78575298909894,12109375
3539,2022-02-15,125.62460327148438,125.8715944461535,122.87685942983452,124.72927439611342,19046061
3540,2022-02-16,124.57748413085938,127.5602306276868,124.19669699378355,126.03712081400344,20270061
3541,2022-02-17,125.02171325683594,126.19577244876737,124.38708527076062,125.81499823943007,16405551
3542,2022-02-18,124.19670104980469,127.0208035471335,123.91112359921141,124.89480221621567,14600643
3543,2022-02-21,125.75152587890625,126.29095703266779,124.10149585676696,124.19667971625451,10682638
3544,2022-02-22,125.75152587890625,125.94190650941951,121.72164113881469,123.2447378290736,13606058
3545,2022-02-23,125.6880874633789,126.60829294927122,125.4024971007796,125.87846812690468,6493463
3546,2022-02-24,121.27742004394531,124.38710012949078,120.51587153429952,123.11784400572047,13145037
3547,2022-02-25,125.21209716796875,125.59287134796219,121.94376070924307,122.19761446641817,10920938
3548,2022-02-28,132.73245239257812,133.4305406292579,124.41882794875877,125.307296843693,31938385
3549,2022-03-02,133.84304809570312,135.27096109904662,130.86028874179513,131.8439673087143,20502615
3550,2022-03-03,138.25369262695312,139.205634526489,133.71610032352444,133.71610032352444,19805555
3551,2022-03-04,136.47674560546875,138.031578915999,133.8747606851776,137.04790043037298,12794317
3552,2022-03-07,135.04884338378906,136.57194025251792,132.54205504022175,133.58919382112762,17635653
3553,2022-03-08,134.7632598876953,141.77590479939664,133.14496615452296,135.81039872183058,28410490
3554,2022-03-09,132.06607055664062,137.07963382034038,131.11412865511048,136.54020265844764,22830958
3555,2022-03-10,132.54205322265625,134.16035976291323,131.39973058677444,133.9065059844263,16516553
3556,2022-03-11,134.8267059326172,135.1757564778093,131.8439596632154,132.82763817309205,12992850
3557,2022-03-14,135.4296112060547,135.81038540525694,133.01801975854198,134.82670688840696,12598659
3558,2022-03-15,133.0497589111328,136.47675259373,132.19301371836835,135.30268049865867,14528285
3559,2022-03-16,132.85935974121094,134.414205977232,132.60550597700967,134.06515543751289,11933774
3560,2022-03-17,134.2555389404297,135.01708726449797,131.84394772831706,134.54111633407084,28464621
3561,2022-03-21,130.03530883789062,137.0796786296034,129.78145499886062,137.0796786296034,17797415
3562,2022-03-22,132.4468536376953,132.95456118392025,129.495843873823,130.09873528736827,13285297
3563,2022-03-23,133.33535766601562,133.6526717075395,132.19303486345459,132.9545833984953,9408783
3564,2022-03-24,133.74786376953125,134.03344123218076,132.00263660290628,133.27189272408808,11188958
3565,2022-03-25,133.0497589111328,133.779583672206,131.17759861868078,133.7478471085135,9842670
3566,2022-03-28,134.73150634765625,135.01708373382962,131.68528730796544,133.04973985515065,12823578
3567,2022-03-29,134.096923828125,136.09599203078955,133.0815085303084,135.71521774987923,10470515
3568,2022-03-30,137.77774047851562,138.79314272760934,134.41421972142143,135.23922840001129,54218485
3569,2022-03-31,137.58734130859375,137.87291871438794,136.28634887877934,136.79405639078945,10326026
3570,2022-04-01,142.82302856445312,143.26726297495367,137.14310053568772,137.14310053568772,39663961
3571,2022-04-04,144.3144073486328,144.75864177652548,142.18840616679302,143.42592558130795,9907530
3572,2022-04-05,147.90005493164062,148.88372054725255,143.9970902979824,145.9326978773383,17167487
3573,2022-04-06,150.18472290039062,151.3270455847894,146.69426880468197,146.82118924354626,17153675
3574,2022-04-07,146.8211669921875,152.2472408832429,145.9644218808467,149.7404528474968,11913911
3575,2022-04-08,147.6144561767578,148.56639808621009,146.3452002974881,147.86830993491944,6746769
3576,2022-04-11,146.53558349609375,149.4866057893112,144.94901375904539,147.55098554549718,12413822
3577,2022-04-12,147.93177795410156,148.28082850393827,145.0759520750203,145.48846283986208,14769907
3578,2022-04-13,145.64710998535156,149.35968079482737,144.40959068603905,149.10582704043196,11015439
3579,2022-04-18,146.6625518798828,147.10679929848047,144.4096298633255,145.64714949836812,19069923
3580,2022-04-19,144.60000610351562,148.09046055939464,143.74326077392632,147.67794972320974,15036942
3581,2022-04-20,144.06056213378906,145.32981818783125,141.80762747324806,144.85384716756542,9814641
3582,2022-04-21,144.21922302246094,145.1077048665136,142.94996693425446,143.4893981894341,11134333
3583,2022-04-22,143.07688903808594,146.09137228254298,142.60091799948748,142.8230481467327,12032249
3584,2022-04-25,141.42684936523438,143.99709796887905,140.57010413453278,142.1249375935268,11042683
3585,2022-04-26,146.97984313964844,147.36061735972896,142.37879011078755,144.06055690364465,15389155
3586,2022-04-27,145.52020263671875,147.77312424446566,144.34613053110954,146.82118226361894,12680209
3587,2022-04-28,149.5183563232422,149.9308671113592,145.99617862056593,148.1221798681968,18378146
3588,2022-04-29,144.53652954101562,149.99432785465817,144.09229509782168,149.20104284071186,9026331
3589,2022-05-02,146.9481201171875,148.02698256397028,143.36246929699558,143.36246929699558,12634353
3590,2022-05-04,150.78761291503906,151.96167215373316,147.80486642629842,147.86832664512568,23124643
3591,2022-05-05,148.3442840576172,152.72321951691984,147.77311631744053,151.2953066222476,16481935
3592,2022-05-06,151.29530334472656,151.77127429930633,146.88463141869772,146.88463141869772,17715186
3593,2022-05-09,155.57907104492188,156.4040797736302,149.55010449222013,151.67610590481203,54118806
3594,2022-05-10,154.6271209716797,157.60986752645636,153.89729616015853,155.9915738086036,30997494
3595,2022-05-11,151.80300903320312,157.38774047265503,151.4856950403147,154.8492285295477,15412618
3596,2022-05-12,149.70872497558594,153.51649239550824,147.3288703381345,151.67606889357157,26538994
3597,2022-05-13,149.9625701904297,152.21549137216445,147.93175326838005,152.21549137216445,15074553
3598,2022-05-16,149.26451110839844,150.97801457784468,147.86833457318207,149.45490468662823,7960529
3599,2022-05-17,151.45396423339844,151.86647498697462,147.709656711885,149.07410939915755,15470937
3600,2022-05-18,144.63172912597656,151.2001265863494,144.12402154260255,150.72415556876382,19181550
3601,2022-05-19,144.88558959960938,145.7423348884674,140.66531046674186,141.5220557555999,15085602
3602,2022-05-20,145.36154174804688,147.93177728059467,143.90189225187964,146.44040413283892,15148281
3603,2022-05-23,142.5374298095703,147.23367905127196,142.2835760564846,147.23367905127196,11572501
3604,2022-05-24,144.06056213378906,145.74232898770302,142.53745228663038,142.79130607974687,16336858
3605,2022-05-25,142.6961212158203,145.5836841446418,141.2364843786415,144.94905606459676,11062614
3606,2022-05-26,144.1874542236328,145.39324982019068,142.09318989317333,144.0605338078005,14150454
3607,2022-05-27,142.6009063720703,145.10769471788115,141.77589771936044,145.07595815327934,8430491
3608,2022-05-30,144.85385131835938,145.90099017525804,142.34707570441037,142.4739961488354,9305758
3609,2022-05-31,147.8048553466797,149.23276826518477,144.8220961699901,144.8538327327947,26351545
3610,2022-06-01,145.45672607421875,147.86831753337006,144.7903744502837,147.3288863392686,10282009
3611,2022-06-02,143.1403350830078,145.58365003643863,142.5057071516472,145.58365003643863,10071898
3612,2022-06-03,143.4259490966797,144.75866551040247,142.79132100333155,143.4259490966797,16082518
3613,2022-06-06,142.66439819335938,144.34615228372667,141.8711130897743,143.4259467281845,12693293
3614,2022-06-07,142.7913055419922,143.58459057278102,141.9662839453557,142.12494095151348,9103195
3615,2022-06-08,142.50572204589844,143.743241476778,141.5537800493635,141.5537800493635,11240130
3616,2022-06-09,142.6961212158203,143.23555250155033,140.25280568995515,142.60092442150528,9468041
3617,2022-06-10,142.4422607421875,144.3461448933143,140.91916375051863,140.91916375051863,9019239
3618,2022-06-13,141.10952758789062,143.10860829044188,140.57009639172009,140.7922136005504,10186775
3619,2022-06-14,142.12493896484375,144.2509531468719,140.8874194987277,141.1095367219357,17023962
3620,2022-06-15,141.04608154296875,143.6163302632611,140.82396431182335,142.31533761984585,5898563
3621,2022-06-16,137.30177307128906,142.34707370680172,136.85753861049494,141.74416932539205,11883333
3622,2022-06-17,134.1286163330078,137.65080666431368,133.43052816155713,135.93730343089237,19675226
3623,2022-06-20,132.16127014160156,133.8430367857352,130.95547445836203,132.70070131497383,7402273
3624,2022-06-21,133.49398803710938,135.27095147952082,131.55838051714784,132.6689794407703,9459619
3625,2022-06-22,133.68438720703125,134.06516141453983,132.1295409016905,133.77958398679326,10257637
3626,2022-06-23,132.3516845703125,134.3507525922089,130.82857467285848,133.33535029775314,13114525
3627,2022-06-24,132.60552978515625,134.54115055923336,131.84398126736193,134.54115055923336,9499105
3628,2022-06-27,134.2555389404297,135.3978614265321,133.04974333437337,135.3978614265321,17545390
3629,2022-06-28,133.4622802734375,134.255565313314,132.22474786430595,132.9863092495116,6770087
3630,2022-06-29,133.96998596191406,136.44503807204077,132.28821895685738,132.70072979380205,41502918
3631,2022-06-30,134.47767639160156,136.28636361748843,133.52573438728848,134.22382260814345,22260722
3632,2022-07-01,131.05067443847656,135.11229598643206,130.2256529214638,133.9382368364823,11133663
3633,2022-07-04,133.71612548828125,134.6363439112698,130.13048732112625,130.13048732112625,20178279
3634,2022-07-05,135.9055938720703,137.0479165679273,133.87477644909092,133.90651301489535,20083997
3635,2022-07-06,133.55746459960938,135.90559607249054,132.12955152301396,135.8103992850761,19203527
3636,2022-07-07,134.89019775390625,136.63542489867476,134.60460738329238,135.3344322261401,14069302
3637,2022-07-08,138.8566131591797,139.23738738124436,134.95364833205193,135.81039355958245,17142257
3638,2022-07-11,137.7460174560547,140.41144998608982,137.20657330766696,139.61816495791982,10826079
3639,2022-07-12,135.4930877685547,137.68254936179096,135.2709705348488,136.50849005945352,8503695
3640,2022-07-13,136.09597778320312,137.52389087078808,135.46134974427648,136.12771434976565,10210005
3641,2022-07-14,136.34983825683594,139.14220434713687,135.08058211683925,139.14220434713687,10898403
3642,2022-07-15,132.82766723632812,137.71429846899844,132.51035318455624,137.71429846899844,22067479
3643,2022-07-18,133.43057250976562,134.79502565519434,132.5738270640686,133.4940327443463,15155654
3644,2022-07-19,133.2718963623047,134.22383847917828,133.01804254883012,133.20843613682138,14922395
3645,2022-07-20,132.7958984375,134.7315188481579,132.31992747535844,134.0968908986358,14181034
3646,2022-07-21,134.73150634765625,135.302661120003,132.9228065301,133.24012047542038,12461554
3647,2022-07-22,133.2718963623047,135.7786721054553,132.9545823233468,135.7786721054553,9272199
3648,2022-07-25,131.9391632080078,133.90650741713648,131.621849209389,133.27187941989888,6635194
3649,2022-07-26,132.7007293701172,133.90652530828203,131.43147320605766,131.93918083629802,11451315
3650,2022-07-27,133.68438720703125,133.906504418783,132.891102228247,133.2084162197607,9209354
3651,2022-07-28,135.93728637695312,136.3180734331901,133.30359101104983,133.90648233086299,13192642
3652,2022-07-29,135.77865600585938,138.2219841453568,135.08056778523428,137.3335023593159,15433067
3653,2022-08-01,138.95179748535156,139.71335884351078,135.90559078733446,136.47675857806888,12136557
3654,2022-08-02,141.26820373535156,141.77591134854893,137.93640641653883,139.58643679211886,17748747
3655,2022-08-03,141.90283203125,142.63265688460288,139.39605635184333,141.7441750158055,12406038
3656,2022-08-04,140.12588500976562,142.2836101491626,139.04700952852582,142.15668969797736,9712267
3657,2022-08-05,141.9345703125,142.63265860657546,138.88835041457293,140.6970378301679,14099223
3658,2022-08-08,140.823974609375,143.61634076500053,140.31626697688256,142.79131909008566,8392041
3659,2022-08-10,141.83937072753906,142.7278525895723,139.9672231241633,140.09414357093624,8585266
3660,2022-08-11,141.42684936523438,143.99709796887905,140.69702457184417,142.56918494719642,5040626
3661,2022-08-12,144.72691345214844,145.0759510880715,140.88740907622136,141.52203704503316,13279062
3662,2022-08-16,145.23463439941406,145.93272270930544,144.09231159546673,145.45675164644203,11298246
3663,2022-08-17,145.0124969482422,146.5673303723493,144.50478938730865,145.23461416432326,11225465
3664,2022-08-18,146.8211669921875,147.04328418230725,144.53650905809926,144.66342947772824,11360485
3665,2022-08-19,146.21237182617188,147.2056980916539,144.64225528265098,146.40462221384047,9829530
3666,2022-08-22,144.80245971679688,147.91064432282388,144.61020934338936,146.18031273209596,9190493
3667,2022-08-23,145.827880859375,146.66099207981802,143.6809867398052,144.16163234179612,8903751
3668,2022-08-24,147.04550170898438,147.3659321010618,145.15496761106607,145.69969666992847,13007225
3669,2022-08-25,145.02679443359375,148.03883477426882,144.2577537026682,147.71840439596954,12124365
3670,2022-08-26,147.6863555908203,148.16700115647282,145.21904429480657,145.21904429480657,7966045
3671,2022-08-29,145.50743103027344,146.69302074921816,144.57817516748835,146.27645867544172,7517013
3672,2022-08-30,147.1416015625,147.55816358963995,146.18031059448933,146.24439405135473,7214498
3673,2022-09-01,144.8986053466797,147.46204821186055,144.19366116642388,144.2257094175765,13109081
3674,2022-09-02,143.6809539794922,146.66095864004203,143.4246201475535,145.79579936139038,6897237
3675,2022-09-05,143.1682586669922,144.5461115455986,142.07878783905923,144.19363300513808,18055474
3676,2022-09-06,144.2257080078125,146.1162418870661,143.55279904694214,143.55279904694214,14103701
3677,2022-09-07,143.80914306640625,145.4433300213399,142.94398373281265,142.94398373281265,7866745
3678,2022-09-08,143.80914306640625,145.41129480948487,143.20031758102982,144.8345175743077,7187735
3679,2022-09-09,142.8478546142578,144.93065191807753,142.59150772304187,144.86656845485965,9162027
3680,2022-09-12,143.52076721191406,144.00141279941323,142.39926084108265,143.26443332925797,8778919
3681,2022-09-13,145.34719848632812,145.79579571935815,143.4246165647542,143.7450468850165,11278383
3682,2022-09-14,149.03216552734375,149.4487145643214,144.00139844885354,144.19366188003147,25072958
3683,2022-09-15,152.2685089111328,152.68507099896692,148.90399003287646,149.6089342377945,23606369
3684,2022-09-16,151.0188446044922,152.81324695585812,149.5769078572278,152.78121174003755,29399642
3685,2022-09-19,149.41668701171875,152.58894252037823,148.45539588323462,151.21108929521523,13920046
3686,2022-09-20,149.12828063964844,151.40334135470772,148.74376682482918,149.9614047703772,20162973
3687,2022-09-21,145.50743103027344,150.18570644201242,143.74506405828015,149.8652760834682,14468837
3688,2022-09-22,141.05345153808594,145.0908795663195,140.44463902767012,143.55281112516644,26264530
3689,2022-09-23,129.8063201904297,140.82911733288884,126.95448268764565,139.89987467503946,87162722
3690,2022-09-26,128.7168731689453,134.1641892959118,119.42439271706128,128.1721441639176,167547134
3691,2022-09-27,131.2803192138672,133.23494967477848,128.97322317102348,131.88914473631507,54127095
3692,2022-09-28,133.10678100585938,134.83711296366357,129.80635836460962,131.50462902919594,52877873
3693,2022-09-29,133.2990264892578,135.92655276911756,132.04935333125877,133.90783894298156,36761869
3694,2022-09-30,135.99063110351562,140.15622552421567,132.65816078229318,132.65816078229318,62897614
3695,2022-10-03,135.09344482421875,137.5607559854976,133.9398903143079,136.50333319113673,11740863
3696,2022-10-04,133.58741760253906,136.0867771254862,133.29903548149892,135.9265619386094,19179333
3697,2022-10-06,132.20957946777344,135.1575363441625,131.7609691145834,133.8437665761462,20692745
3698,2022-10-07,134.19622802734375,134.4205266560498,130.73557777274928,130.73557777274928,14282850
3699,2022-10-10,133.9078369140625,135.83041899775813,133.01064237234658,133.26697621949728,16834226
3700,2022-10-11,133.5233154296875,135.50998086097155,132.36977406878555,134.58073812260525,17807162
3701,2022-10-12,138.1375274658203,138.39386131211177,134.16418334982845,134.8691275038183,35288330
3702,2022-10-13,137.11215209960938,139.25904604047528,136.66355479043025,137.75301284891972,16436903
3703,2022-10-14,136.279052734375,139.70765543203314,135.5741084568368,139.70765543203314,23365190
3704,2022-10-17,135.76632690429688,137.7529923234731,135.22159795621775,135.8304103620103,9520537
3705,2022-10-18,136.08676147460938,137.78504486785872,135.57408075857245,136.47127527122302,13256574
3706,2022-10-19,137.08009338378906,139.00267530210772,136.47126795331562,136.50331620062485,11595367
3707,2022-10-20,139.38720703125,139.70763739224137,136.08677170536984,136.21495167277325,16371066
3708,2022-10-21,139.259033203125,140.28440769983013,137.14418771001607,138.00934703416277,11634491
3709,2022-10-24,140.25238037109375,141.14958807892413,140.0921651746364,140.8612059406393,1132859
3710,2022-10-25,140.02806091308594,140.60483814236474,137.30440297770554,140.25235954715433,20622687
3711,2022-10-27,143.48870849609375,144.09752092521356,139.29106583739227,140.54075198323213,24298489
3712,2022-10-28,145.34719848632812,146.7570866801451,143.0400897497649,143.4246165647542,11669879
3713,2022-10-31,146.21237182617188,147.55817669322954,145.2831159849017,146.0841918627151,11755682
3714,2022-11-01,150.6984100341797,151.17905560326275,147.26980758238957,147.8145366196813,15220278
3715,2022-11-02,149.51280212402344,151.59559933771067,149.22440699450652,150.69839177645352,12884449
3716,2022-11-03,146.14828491210938,149.70505390259595,145.28311255382772,149.32054009799526,9358215
3717,2022-11-04,144.9306640625,147.04549675596817,144.1936715778773,146.1162538655823,8059667
3718,2022-11-07,146.1162567138672,148.61561634427358,145.09088208143905,145.66765938666296,14862038
3719,2022-11-09,140.18829345703125,148.038837890625,139.73969613330704,148.038837890625,22831150
3720,2022-11-10,137.72097778320312,141.08549672071618,136.8237701255306,138.4259220005368,16217631
3721,2022-11-11,137.17623901367188,139.61150186776717,136.85580866142163,138.42591217211012,12123886
3722,2022-11-14,138.68545532226562,140.22749583312128,137.96365054592798,138.42297721718165,18460862
3723,2022-11-15,141.7367401123047,142.0648344181202,137.56994509848587,137.79960844251843,15258103
3724,2022-11-16,142.4585418701172,142.68820520924086,140.06345081881884,141.70392231283262,9825807
3725,2022-11-17,143.2459716796875,144.65676643989295,141.90077975694422,142.32730500197434,9449665
3726,2022-11-18,143.27877807617188,143.57407095615517,142.2944951766101,143.27877807617188,5828998
3727,2022-11-21,143.73812866210938,144.03340821358654,142.06484226989286,142.72103091779076,4712051
3728,2022-11-22,142.9178924560547,143.83654588041136,142.32732000454527,143.377219168233,4366445
3729,2022-11-23,141.17897033691406,143.5740612336967,140.58839796713076,143.21315218822073,13510578
3730,2022-11-24,144.85365295410156,145.01770012619002,141.14618419486396,141.34304614144733,7622243
3731,2022-11-25,144.75521850585938,144.95208044771692,142.13046381545325,144.85364947678815,10989671
3732,2022-11-28,145.21456909179688,145.80512825970584,143.8037606736054,143.8037606736054,4526153
3733,2022-11-29,143.9349822998047,145.83793211555803,143.41003937317137,145.21455821824577,6476054
3734,2022-11-30,146.98623657226562,147.60961036050938,142.8194419109024,143.93495711624078,17317951
3735,2022-12-01,145.6082763671875,147.54402770762655,144.6896095097851,146.9862699781944,13241961
3736,2022-12-02,144.2302703857422,145.3457857489302,143.41003457451797,143.41003457451797,12880949
3737,2022-12-05,145.6082763671875,145.83793974398975,142.52418144235043,144.16465320549992,16477957
3738,2022-12-06,146.65817260742188,147.08469792710176,143.9678016412617,145.37860999857529,11299945
3739,2022-12-07,145.05050659179688,147.05187396651635,144.65678272118373,146.23163815305946,5813973
3740,2022-12-08,142.9178924560547,145.5754484625588,142.32732000454527,145.54264704037016,11176439
3741,2022-12-09,142.524169921875,143.67250006325813,141.5398869435466,143.3116043146531,6020031
3742,2022-12-12,141.4414520263672,143.04910868759646,140.8180648728894,141.73673154367356,8194429
3743,2022-12-13,141.93362426757812,142.26171862478455,139.80101094573632,141.44148273176847,8235450
3744,2022-12-14,143.83653259277344,144.7223978632973,141.93359637509195,141.93359637509195,10055353
3745,2022-12-15,141.96640014648438,144.6239693017072,141.67112061821123,144.03339689496977,5385778
3746,2022-12-16,139.89939880371094,143.18034167762715,139.50568832887913,141.08054357839706,11166617
3747,2022-12-19,143.63967895507812,143.8365275136505,140.09625804867997,140.45716709801505,7758862
3748,2022-12-20,142.58978271484375,143.63968176500637,140.35873888937897,143.63968176500637,6541929
3749,2022-12-21,141.76954650878906,143.2131560290283,140.32592363835911,142.42573508165975,7005861
3750,2022-12-22,141.08053588867188,142.39291296670604,139.66972785974716,141.80234061155267,6961415
3751,2022-12-23,138.61984252929688,141.27741171431376,138.09488630626916,140.03065069726645,4554651
3752,2022-12-26,139.0135498046875,140.58840508713703,138.42297740499504,138.78388646874905,6864331
3753,2022-12-27,139.5385284423828,141.21180160188592,138.98077072254844,139.7353770404574,13115851
3754,2022-12-28,141.5727081298828,143.3116108070787,139.4400949135578,139.4400949135578,16815549
3755,2022-12-29,141.5727081298828,142.06484964134242,140.09628359550396,140.4571927106515,22536873
3756,2022-12-30,140.2274932861328,142.22887378208154,139.93221376714598,141.76954711917074,4643134
3757,2023-01-02,141.1133575439453,141.40863706084065,139.76816563322066,140.7852632584213,5959394
3758,2023-01-03,141.47425842285156,141.86796890984363,140.6540226790384,141.2445950846221,2873110
3759,2023-01-04,138.48858642578125,141.34300369283332,138.12767741549885,141.34300369283332,9954542
3760,2023-01-05,137.01217651367188,139.0463583773414,135.56855367318448,139.0463583773414,21273509
3761,2023-01-06,136.55284118652344,137.99646407642862,136.19194547669028,136.58565595568592,11510471
3762,2023-01-09,137.20904541015625,139.07918041122517,134.0265330960295,137.27466160577066,52485126
3763,2023-01-10,138.98077392578125,139.40728590653632,137.143440200246,137.7340127084676,17248326
3764,2023-01-11,139.0791778564453,139.80099604552177,137.86523153420458,139.24322501756413,9164361
3765,2023-01-12,140.0962677001953,140.35874581323162,138.71827429449397,140.1290824706466,21179555
3766,2023-01-13,140.42434692382812,141.3101987787769,139.96502028798506,140.16186883897925,6560245
3767,2023-01-16,141.50709533691406,141.6711425113482,139.57133066847547,141.0805700133467,8362194
3768,2023-01-17,143.3115692138672,143.5084177512041,141.01490949361352,141.5070508622393,13000571
3769,2023-01-18,143.9349822998047,144.45993857663066,141.99923106062013,143.24599220543735,11171369
3770,2023-01-19,144.85365295410156,145.18174729827845,143.4756593785972,143.57409035188886,11586815
3771,2023-01-20,146.4940948486328,146.9206200792604,145.01767060043832,145.01767060043832,10112645
3772,2023-01-23,147.70806884765625,149.80788062879205,146.6909844061841,146.98626397140666,14393610
3773,2023-01-24,144.98486328125,148.69233147611504,144.68958375651718,148.46266814019054,6150893
3774,2023-01-25,143.96778869628906,145.18173499684576,142.91788955392087,144.82082590875424,5790331
3775,2023-01-27,143.86935424804688,145.31296386507722,142.39292986009656,143.90216901896684,10458603
3776,2023-01-30,139.0135498046875,143.60686992422055,138.16051264974595,143.04911229402975,24288177
3777,2023-01-31,142.16326904296875,144.4927306641664,139.21042021454417,139.50569975730988,20997546
3778,2023-02-01,142.09764099121094,147.64242909953958,140.1618766884581,147.64242909953958,20246369
3779,2023-02-02,139.57131958007812,142.45855229077796,138.68546757855,141.73674745065105,12820663
3780,2023-02-03,140.9821319580078,141.17899389751892,138.06209773981251,139.8994179910818,10815686
3781,2023-02-06,142.42575073242188,142.6225993157998,139.80099615251225,140.0634609303495,6948201
3782,2023-02-07,142.29449462890625,143.1803465650639,141.14616458383753,143.04911418570393,10035526
3783,2023-02-08,142.395263671875,143.23485838692145,141.354160759106,142.96618534505086,12432719
3784,2023-02-09,142.96617126464844,143.70501180806693,142.39524964770132,142.39524964770132,7011082
3785,2023-02-10,143.80575561523438,144.0408393624309,142.2944853850445,142.3280746340481,10892159
3786,2023-02-13,145.0819549560547,145.41779281474925,143.7386035212764,143.8057683599598,7710133
3787,2023-02-14,144.4102783203125,145.7872189983148,142.8990079657976,145.7872189983148,6010681
3788,2023-02-15,144.07444763183594,144.54461518829947,143.06693401203287,143.2348529486667,8107497
3789,2023-02-16,144.1416015625,145.68646112870297,143.73859887814007,145.68646112870297,3963115
3790,2023-02-17,143.60426330566406,145.01477947561656,143.06691730507433,143.73859297317327,6491149
3791,2023-02-20,144.9476318359375,145.75363726715617,143.87293970727518,144.8132884872157,6841917
3792,2023-02-21,145.887939453125,146.92904213205662,145.115523420994,146.12303685275668,6701434
3793,2023-02-22,144.1751708984375,145.95511397921328,143.0669034205752,145.0819302293157,9128659
3794,2023-02-23,143.23484802246094,145.01479142261854,142.79825606917282,144.41028053847174,10345874
3795,2023-02-24,144.44384765625,144.67893139037253,142.66390452885,142.66390452885,9808830
3796,2023-02-27,147.23130798339844,147.73506475843098,144.1080269104184,145.38419980827913,17763618
3797,2023-02-28,149.27992248535156,149.78367925414352,146.92905756432242,148.17165486095388,36559278
3798,2023-03-01,147.02981567382812,149.27992656960586,146.02230210867893,148.80975903864717,12896085
3799,2023-03-02,148.00375366210938,148.44034564706823,144.94763709795453,146.4253183305922,79708558
3800,2023-03-03,149.17916870117188,151.42927953995198,148.03732548903778,148.03732548903778,9951869
3801,2023-03-06,152.57113647460938,153.67940410167122,149.78367961420446,150.45535530754168,15659957
3802,2023-03-08,153.17564392089844,153.37713842524676,151.59719514448176,152.43678974245802,11591495
3803,2023-03-09,151.66436767578125,154.7876485251147,151.46285951408666,153.81372429590175,13941653
3804,2023-03-10,152.1681365966797,153.24281499277413,149.27992559597843,149.27992559597843,9605434
3805,2023-03-13,151.86587524414062,154.51900249686705,151.39570771341812,153.17565107734296,13209653
3806,2023-03-14,151.26133728027344,152.9741154995063,150.45533203903142,151.22776169996536,9583405
3807,2023-03-15,153.3435821533203,154.5190147385267,151.5972142373624,152.20172515709567,12228069
3808,2023-03-16,155.9295196533203,156.43327643854624,153.377146475398,154.11598702734057,18437817
3809,2023-03-17,154.28392028808594,157.1721315911284,153.3435851338662,157.1385423362154,33711025
3810,2023-03-20,152.8062286376953,154.08241525827447,151.3285474972001,151.3285474972001,9281411
3811,2023-03-21,149.88442993164062,152.94054606029704,149.4142487589635,152.63829747200765,11272787
3812,2023-03-22,150.5225372314453,150.92553996014195,148.30601539097452,149.78369661795506,7589846
3813,2023-03-23,149.2127685546875,150.79120381254273,148.60825765490011,150.45536594213618,17091298
3814,2023-03-24,149.38067626953125,150.62327356364528,148.30599789800766,149.78367895069297,10371666
3815,2023-03-27,147.83583068847656,151.96663930768588,147.46641722302812,149.716528265357,19983733
3816,2023-03-28,149.17916870117188,149.8508443942571,146.89546861162674,148.60824709510484,8689166
3817,2023-03-29,149.41427612304688,150.25387087236783,148.1381030363023,149.17919232629282,19743258
3818,2023-03-31,151.59719848632812,152.30246343028588,149.78367958083243,150.45535527402,10202058
3819,2023-04-03,150.85836791992188,152.70547619817518,150.3546111167619,152.70547619817518,7643214
3820,2023-04-05,151.5636444091797,152.20173094214775,150.25386842242784,152.20173094214775,12019382
3821,2023-04-06,151.29495239257812,152.73905788986903,150.8919497030562,152.6047145498436,4282875
3822,2023-04-10,153.84732055664062,154.08240431248151,151.12702857615906,151.2613582465605,4145643
3823,2023-04-11,155.3921661376953,155.82875806360127,153.44430392884496,153.74656618459986,5106602
3824,2023-04-12,152.67190551757812,155.5265274939034,152.50398657779428,155.42577339697743,9118795
3825,2023-04-13,155.29141235351562,155.59367460985655,152.47037995266078,152.67188812355474,11428621
3826,2023-04-17,158.9520721435547,161.13501837463062,156.03028530578564,156.231779835641,21815047
3827,2023-04-18,154.68690490722656,159.52296403502,154.25031300944397,159.11996138524987,13482833
3828,2023-04-19,154.4518280029297,155.4257660065325,153.57865775673966,153.81374152820322,8264190
3829,2023-04-20,155.08993530273438,156.43328681914562,154.25034060497734,155.05634604871278,7308750
3830,2023-04-21,155.52651977539062,156.06385215686504,154.21674391091162,155.69443870684094,5030650
3831,2023-04-24,155.795166015625,156.03026343208248,154.45181467713192,155.15707959595136,5725067
3832,2023-04-25,156.4332733154297,157.10494901565457,154.92200298992373,155.3585949281253,8338703
3833,2023-04-26,160.06031799316406,160.86632333289677,155.828755796376,157.20569638913562,13581018
3834,2023-04-27,158.4818878173828,160.0603367628124,156.83628769525689,159.85882857161087,9794457
3835,2023-04-28,159.3550567626953,159.82522427754932,156.56759992820608,159.15354859045684,10585487
3836,2023-05-02,161.26934814453125,161.9746131625854,160.0267507146401,160.3289993422185,6732907
3837,2023-05-03,161.00067138671875,162.5455310737791,160.39617414552632,161.2021795773016,4789217
3838,2023-05-04,160.4297332763672,161.6723305500836,157.81019539390113,160.9670792859467,9189783
3839,2023-05-05,161.907470703125,162.2097193724896,159.9931835795484,160.39620002574156,3896441
3840,2023-05-08,164.3926239013672,165.4001374288526,161.94100491809738,162.44476168184008,8758321
3841,2023-05-09,163.48585510253906,165.83671986545275,163.01567395079073,163.92244700584968,9166941
3842,2023-05-10,166.34048461914062,166.54197912365248,164.2918683323049,164.661295421825,9689409
3843,2023-05-11,166.94500732421875,167.38158561431717,165.63523145809054,166.3740720243467,12616726
3844,2023-05-12,162.3776092529297,167.6502610499072,161.97460654419928,167.14650424767473,13853807
3845,2023-05-15,163.38511657714844,164.99714101538441,162.7806057046503,163.48587066677769,12187763
3846,2023-05-16,161.60519409179688,164.25832169020856,161.20219134648647,163.58664589293156,11418509
3847,2023-05-17,160.3961639404297,162.47835589443616,159.48939080577773,161.80668018893232,11560929
3848,2023-05-18,158.28041076660156,161.87387369439634,157.57514568480872,161.87387369439634,14497723
3849,2023-05-19,156.97061157226562,159.52298479509824,155.8287683051065,158.28038743606564,10071694
3850,2023-05-22,157.40721130371094,160.53050631443233,156.265367980138,157.6422950861785,12566129
3851,2023-05-23,157.23927307128906,158.88488667720702,156.73551631412008,157.20569748664377,12458561
3852,2023-05-24,158.3811492919922,159.75807639750315,157.7430491223647,159.72450080875115,8877971
3853,2023-05-25,159.82522583007812,161.4036746422999,158.7169718678315,159.65730690667385,12502747
3854,2023-05-26,159.38865661621094,159.7916593222201,157.70946728677458,159.7580700695203,6811801
3855,2023-05-29,157.50794982910156,160.09389851115083,157.23927681915217,159.99314442426018,13638297
3856,2023-05-30,157.9109649658203,158.44831102809954,156.9706161894707,158.44831102809954,9469926
3857,2023-05-31,157.0713653564453,157.97812485097512,154.48541655157234,157.8437951722587,48104157
3858,2023-06-01,156.5004425048828,157.2392830626229,154.51900460022384,156.46685325282655,8804790
3859,2023-06-02,157.5751190185547,157.91095687395028,156.56760545236793,157.17211632513545,6617781
3860,2023-06-05,158.24681091308594,159.85883551690034,157.70947848866695,158.81773259259054,27428302
3861,2023-06-06,158.04531860351562,159.18716197860078,157.47438325069416,158.81773482857264,6898603
3862,2023-06-07,160.66482543945312,161.23576072898996,158.61622270943073,158.98563615323278,11153571
3863,2023-06-08,162.3104248046875,164.86278409516467,160.69840049922624,160.69840049922624,19300834
3864,2023-06-09,164.49339294433594,164.89639565891923,162.4112008645905,163.586633420204,11037141
3865,2023-06-12,162.3104248046875,165.53445975033384,162.00816256069564,164.56053551644902,8188909
3866,2023-06-13,162.7134552001953,163.5194606576762,162.17610911835573,162.54553625778027,6443218
3867,2023-06-14,165.56808471679688,166.0382523107329,162.6127084634412,162.6127084634412,10297426
3868,2023-06-15,165.53448486328125,165.87032274181522,163.75455503927384,165.87032274181522,9732749
3869,2023-06-16,165.53448486328125,166.13899577769806,164.22472260311008,165.50090927459482,9702361
3870,2023-06-19,163.28436279296875,166.77708469322658,162.81419526085585,165.53447369427028,10431647
3871,2023-06-20,167.07931518554688,167.71740157642657,163.72093699086253,163.78810182170105,13426365
3872,2023-06-21,173.42665100097656,173.99758624767102,167.07932144147142,167.11291069078626,31172093
3873,2023-06-22,170.3033905029297,173.29234210017418,169.7324551878191,173.29234210017418,7430965
3874,2023-06-23,167.986083984375,171.04221377901146,167.61667056141147,170.33694885247178,5593393
3875,2023-06-26,166.9114227294922,168.08685528392522,166.00466320627086,167.91893634757764,7305362
3876,2023-06-27,167.61669921875,167.95253711446756,166.34051248196744,166.64276112200167,11142907
3877,2023-06-28,168.01966857910156,169.59810364232138,165.53446044537506,168.4562604898499,17808717
3878,2023-06-30,171.3780517578125,174.43416788967787,168.72492463390503,172.28481118890934,17659979
3879,2023-07-03,168.25479125976562,171.24374316333834,167.5831154463534,170.97508377019696,12467239
3880,2023-07-04,167.65025329589844,169.59811557416208,167.3815802807453,169.59811557416208,8637967
3881,2023-07-05,170.1018524169922,170.57201988944817,167.58306881753032,167.7173984767247,5340907
3882,2023-07-06,176.44918823242188,177.05369905199663,170.87428852257415,174.60208019027888,16705046
3883,2023-07-07,171.5795440673828,176.3484522463756,171.07578731596328,176.3484522463756,13149183
3884,2023-07-10,167.91893005371094,172.21765739614145,166.91141647338867,171.57955726277083,15319047
3885,2023-07-11,170.26980590820312,171.54599259086663,167.95252999213184,169.2622922637759,7486045
3886,2023-07-12,169.2958526611328,171.1093714458717,168.6913418444612,170.60561470952467,9390877
3887,2023-07-13,163.28436279296875,169.3966090368233,162.3440140634656,169.09436043264745,30591450
3888,2023-07-14,161.23574829101562,164.15753469059246,158.9856238888365,163.21718602979354,72085831
3889,2023-07-17,161.87384033203125,164.52695382571937,160.66481863107546,162.8813538610688,11474161
3890,2023-07-18,161.974609375,163.68737433335735,160.93350649941328,161.87385527973709,14940593
3891,2023-07-19,163.38511657714844,165.36655445698855,161.57159762493131,161.87384622854174,22954874
3892,2023-07-20,164.05679321289062,165.13147162268314,162.74703103615556,163.85528503249566,10249082
3893,2023-07-21,163.9560546875,165.43374959836416,162.67986797616055,163.38513300921826,18466409
3894,2023-07-24,166.20614624023438,166.67632742866894,163.1164407580981,163.92245979601,14825562
3895,2023-07-25,168.6913604736328,168.92644424350067,166.6763333057183,167.2136656846623,10500017
3896,2023-07-26,168.59059143066406,171.71388599699657,167.9189157675937,170.5384535866234,12898171
3897,2023-07-27,168.3890838623047,170.2026163581866,167.71740819685428,169.26226769350075,10836773
3898,2023-07-28,173.42665100097656,175.40810240919703,167.98608085493268,169.12793768304522,17518458
3899,2023-07-31,178.69935607910156,179.3374426373549,174.06479022170953,175.979063561749,24269734
3900,2023-08-01,169.1279754638672,175.9790633018742,168.25479143938733,175.9790633018742,31395702
3901,2023-08-02,166.94500732421875,170.47130488911543,165.63523145809054,169.8667940020776,20825405
3902,2023-08-03,167.0457763671875,168.32196319949267,165.29942191179725,167.2472845858125,10882019
3903,2023-08-04,166.13900756835938,167.28086463557787,165.63525071480748,166.57559957449354,7406390
3904,2023-08-07,166.54197692871094,167.21365259878485,165.23221483817744,167.11291218049496,6345966
3905,2023-08-08,165.37786865234375,167.9458479792435,164.79579612468237,167.9458479792435,15171726
3906,2023-08-09,164.59033203125,166.74743718787784,164.17945817574417,166.40503998626002,18442141
3907,2023-08-10,165.58328247070312,166.1653548925521,164.38489233600004,164.7272895173438,9962450
3908,2023-08-11,167.29527282714844,168.63061629703577,166.26808125579595,168.1170205113595,23866073
3909,2023-08-14,167.43223571777344,167.98007682673557,164.86425664234747,167.67191097837755,9188486
3910,2023-08-16,169.86325073242188,170.27412457205267,166.43927884853656,167.50070177323465,9191471
3911,2023-08-17,166.8843994140625,170.37686220294592,165.85720775431525,169.8632663730723,15301142
3912,2023-08-18,165.03543090820312,166.85013864030947,164.41911323455886,166.85013864030947,12292241
3913,2023-08-21,169.28115844726562,169.62355562368177,165.51478950668817,165.92567726412895,9129526
3914,2023-08-22,169.6920623779297,171.30132647402792,168.93877737227774,169.82901568867834,11107830
3915,2023-08-23,170.9246826171875,171.198603168693,169.28117324033246,171.198603168693,8487619
3916,2023-08-24,168.66485595703125,173.01329734412172,168.32245877801347,171.1985895088921,18982087
3917,2023-08-25,165.72024536132812,169.41813792028918,165.30937150637195,168.56214491738976,12851343
3918,2023-08-28,170.17140197753906,170.51379916461661,166.09688102418718,166.40503291968608,11908665
3919,2023-08-29,171.98611450195312,173.25298134193093,170.23988322780966,170.92467762046553,12363321
3920,2023-08-30,169.2126922607422,172.2942670390194,168.76757311744439,172.08883707977415,6748007
3921,2023-08-31,167.4664764404297,170.92467980830017,166.78168203900847,169.72628960581304,20715819
3922,2023-09-01,172.7051239013672,172.97904441892732,167.91156360668177,169.14419896961425,13120723
3923,2023-09-04,174.896484375,175.64975539337047,171.74643306861086,173.66384893971957,10240031
3924,2023-09-05,174.14320373535156,175.99214285394268,173.25296553325876,174.82799806552254,10893186
3925,2023-09-06,174.28018188476562,176.16336656132006,172.67091776578204,175.78672405313787,10018473
3926,2023-09-07,175.99217224121094,176.47152277950232,172.67092197173275,173.93778890765594,13760453
3927,2023-09-08,177.1220703125,178.93677821760576,176.060633443803,176.84814977230295,16781751
3928,2023-09-11,181.12811279296875,181.4705099816133,176.40302880323847,178.2862133407835,17683806
3929,2023-09-12,174.668212890625,186.49232573852976,174.0747161017962,185.35100183560118,29826173
3930,2023-09-13,176.40304565429688,177.68133697331947,174.66823863898304,176.40304565429688,10692151
3931,2023-09-14,178.18350219726562,178.6400318097948,176.85956910736664,177.31609871989582,10941807
3932,2023-09-15,177.22482299804688,179.14223924766668,175.4900018973282,179.09658349435148,20516593
3933,2023-09-18,182.70315551757812,183.0683736327523,177.22480019689726,178.27481272715656,25627043
3934,2023-09-20,186.85755920410156,188.04453894734172,181.19659496577663,181.42485976516215,33369524
3935,2023-09-21,184.07273864746094,187.67931966878646,182.97705647151295,187.1771343268399,20332556
3936,2023-09-22,181.83570861816406,185.25968013820614,179.32479617013323,183.11399967828524,21193988
3937,2023-09-25,181.6074676513672,183.20532123679914,179.5987402161168,182.61183833508116,11951847
3938,2023-09-26,181.10528564453125,182.65748339311895,180.4204912908446,181.7900799982179,7440011
3939,2023-09-27,182.0183563232422,182.24662112227702,180.14658218472107,181.97270057699967,6736870
3940,2023-09-28,183.29664611816406,186.67496258770447,180.6031240924026,182.70316317309377,50185120
3941,2023-09-29,182.38357543945312,184.34664714915937,181.790092531545,183.47924369445607,16293959
3942,2023-10-03,182.20095825195312,182.61183208771504,179.78134311748462,181.47050813716683,10830728
3943,2023-10-04,181.69876098632812,182.06397905363116,178.41174265189593,181.60744950341424,14120040
3944,2023-10-05,179.5074462890625,182.1553124256367,178.36612227637053,182.1553124256367,14575590
3945,2023-10-06,179.91830444335938,180.28352252267226,177.90957714278514,179.87264870040107,12857229
3946,2023-10-09,179.18785095214844,179.78133380281363,176.90520316931853,179.41611573043141,7853369
3947,2023-10-10,180.74005126953125,181.2878923181967,178.68566823530077,179.18785354121465,7440527
3948,2023-10-11,181.24224853515625,181.83573143355903,180.1922360434659,180.1922360434659,10031916
3949,2023-10-12,183.29664611816406,184.43797019112895,180.19225021257097,180.19225021257097,21872719
3950,2023-10-13,184.25537109375,184.80319831910236,181.97272282433332,183.02273545539325,13105921
3951,2023-10-16,185.39666748046875,186.12711760379278,182.70314571212757,182.88575475991425,18336656
3952,2023-10-17,189.1402130126953,190.82937815294912,184.98580468190232,185.85320815979827,19378328
3953,2023-10-18,188.54672241210938,190.32718504312479,186.26407444101847,190.32718504312479,14923328
3954,2023-10-19,187.90756225585938,189.3684484308156,184.62054398089995,186.26405311837965,13192888
3955,2023-10-20,185.2140655517578,187.3597463270352,183.43358895391384,187.3597463270352,22081120
3956,2023-10-23,182.38357543945312,187.31408955305534,181.69878103855405,184.43795864215033,6988219
3957,2023-10-25,182.15530395507812,183.02270737795257,180.6031061564327,181.6987743712308,16817158
3958,2023-10-26,181.6531219482422,182.6118368782887,179.23352068247587,181.4705128977994,11070090
3959,2023-10-27,183.47923278808594,184.25533863584272,181.83572353718608,181.9270350247493,9995487
3960,2023-10-30,183.38795471191406,184.62057633188363,180.46615398566382,183.47925227699787,7679981
3961,2023-10-31,184.5749053955078,185.3053555169653,183.11401908477012,183.98142250867332,7474770
3962,2023-11-01,183.47923278808594,184.7575239530867,183.0683589584052,184.7575239530867,5598615
3963,2023-11-02,185.44232177734375,185.94449317179138,183.43358047084453,184.20968633309897,12924797
3964,2023-11-03,186.62930297851562,188.54673295431218,185.44233711292364,185.71624373902745,8684015
3965,2023-11-06,190.0989227294922,190.7837171297657,187.13148032830696,187.17713607476074,9804415
3966,2023-11-07,189.9163055419922,190.92067619224858,187.86192242915814,190.09891458780868,10730361
3967,2023-11-08,189.00323486328125,191.377194110763,188.68365860344383,190.82935307452067,7435543
3968,2023-11-09,191.55982971191406,192.1989683880515,188.18151333903478,189.27718163129586,13777877
3969,2023-11-10,192.79246520996094,194.4816304842214,191.37723444372995,192.19898223910144,12066023
3970,2023-11-13,193.84246826171875,196.39903677274586,192.38156798908113,193.568547719077,11352269
3971,2023-11-15,191.87939453125,196.30773743700257,191.55983215519447,196.30773743700257,19182861
3972,2023-11-16,192.85671997070312,194.39250837946048,191.46055643683823,192.3913321260815,27533260
3973,2023-11-17,194.99749755859375,196.1144254916972,192.57747520144522,193.32209855768394,16705395
3974,2023-11-20,194.81134033203125,196.57980833107504,194.39249414304814,195.55596366939506,11156900
3975,2023-11-21,194.48556518554688,195.60249310183502,193.5547895548886,195.4628824382399,9608081
3976,2023-11-22,196.95211791992188,197.88289349761052,193.78747243427554,193.78747243427554,13079580
3977,2023-11-23,196.30056762695312,198.3482853013236,194.76479357368376,197.3709680844665,11382709
3978,2023-11-24,195.88172912597656,197.41751744194477,194.997495115121,196.67289409503675,7250200
3979,2023-11-28,195.64903259277344,199.60482897998287,194.9974924989113,199.60482897998287,15629209
3980,2023-11-29,196.44017028808594,196.8124748036197,194.62516092047173,195.74208866957994,10062023
3981,2023-11-30,194.48556518554688,198.0690570445849,193.8340250845879,195.8351870094996,60354322
3982,2023-12-01,195.64903259277344,197.74327773894314,194.95095087738355,196.85904373995103,20719909
3983,2023-12-04,198.16212463378906,199.2790667444,197.04519672568705,197.04519672568705,27914088
3984,2023-12-05,206.9114227294922,207.79565672612287,196.90558483562515,198.906746733395,40709207
3985,2023-12-06,208.8660430908203,210.58798366588746,207.0975750968396,210.35528976128427,29544730
3986,2023-12-07,214.07838439941406,216.3122401208394,208.7264247894287,209.42450647768766,24534268
3987,2023-12-08,212.77529907226562,217.24301040613878,210.77412309323148,215.75377802901704,22206320
3988,2023-12-11,214.96261596679688,216.7776254955277,210.8672091223526,212.21683086410073,19106395
3989,2023-12-12,215.33493041992188,217.1499399124261,213.6129899614517,214.07837773914548,14355329
3990,2023-12-13,220.54727172851562,221.0592011400785,214.6368552932227,215.00915984571847,26878281
3991,2023-12-14,216.03302001953125,221.1522857621504,215.10224442996412,220.82650862479855,29972018
3992,2023-12-15,220.9196014404297,221.6176831628631,211.42567865332813,218.73227302913475,41341690
3993,2023-12-18,215.8003387451172,220.5007443853689,215.42801996600696,220.5007443853689,29051897
3994,2023-12-19,217.38262939453125,218.1737800790679,214.86953828643126,216.0795351219,12612164
3995,2023-12-20,211.42567443847656,219.1045732321623,210.54144044819026,218.6857270475539,20400245
3996,2023-12-21,216.26571655273438,217.0568672920038,207.2837234824356,208.9125807840303,17755207
3997,2023-12-22,215.70724487304688,217.98764224803153,214.54377537534975,216.870714370744,9735375
3998,2023-12-26,217.1964874267578,219.47688475885997,215.05570075075053,215.93993471187076,6772092
3999,2023-12-27,217.84803771972656,219.52343668405916,216.40533266148157,218.73227172235772,10231881
4000,2023-12-28,222.5484619140625,223.33961268907768,217.89458369923483,218.82535934220036,39164340
4001,2023-12-29,220.77996826171875,221.75728547682976,218.4995708947987,221.33843929964175,12665999
4002,2024-01-01,221.7572784423828,222.92074789905848,220.03533796549962,221.43150131351044,5952776
4003,2024-01-02,221.38497924804688,223.47922432068026,219.8026493867172,223.38614108089322,9128513
4004,2024-01-03,220.64035034179688,222.17612434177715,218.35995304992903,219.66303315885122,8284439
4005,2024-01-04,224.7357635498047,226.27155179607266,220.64035663144028,221.52459060216574,19663959
4006,2024-01-05,224.5496063232422,228.04001471168635,222.73459680175282,225.24768800093102,16345257
4007,2024-01-08,225.57347106933594,228.27271461311557,223.75844729756128,225.61999848706682,13585746
4008,2024-01-09,225.52691650390625,227.7142305045189,224.78229323034356,225.80615200680575,8688409
4009,2024-01-10,222.59500122070312,225.34080087608362,221.52461485513817,224.3169419331441,16872195
4010,2024-01-11,225.20115661621094,226.27155709214983,222.6415236816957,223.618840915376,18812468
4011,2024-01-12,222.9207763671875,225.8527140914305,222.2692362287457,225.71310341980364,11296498
4012,2024-01-15,224.45652770996094,224.7823048472647,220.59381469483117,223.7584460178887,12597366
4013,2024-01-16,222.5019073486328,225.61999704968474,221.24535462271845,224.9219153580675,7478450
4014,2024-01-17,222.6415252685547,224.5030765069247,221.24536183977716,221.98998517562694,13620300
4015,2024-01-18,217.28956604003906,219.38381118881273,210.40183212063138,211.51876002614222,25522629
4016,2024-01-19,219.1045684814453,220.54727348826728,216.31224170792217,218.7322639259789,20931080
4017,2024-01-23,221.47805786132812,229.7154278508469,219.89574213409253,224.3169263674764,27492163
4018,2024-01-24,229.15695190429688,229.901575231378,218.73226793268756,219.8026542011419,28309825
4019,2024-01-25,228.5054168701172,231.48389604177171,226.27156104200355,227.80733514851806,20651484
4020,2024-01-29,236.37045288085938,237.34777006870272,228.17962503406528,228.45886054523595,26181011
4021,2024-01-30,236.5100860595703,239.1628022052684,234.09006381428404,236.41700281840215,16031367
4022,2024-01-31,241.35009765625,242.00165192729165,234.92775180533673,236.41699842127724,34369455
4023,2024-02-01,247.40011596679688,252.19363250474083,240.4192997329142,241.0708539434155,29929092
4024,2024-02-02,257.9178771972656,261.920200182139,245.67818598025696,246.19010110448082,33900724
4025,2024-02-05,263.3164367675781,269.3664787467785,255.87023125471615,258.2902537274002,27440927
4026,2024-02-06,255.2652130126953,263.31641642033287,253.4501891971796,263.31641642033287,29668277
4027,2024-02-07,249.4013214111328,255.40480669996464,248.33090679849738,253.2640342847252,27335466
4028,2024-02-08,257.0802307128906,268.1098987901369,252.05401977564472,252.05401977564472,69776717
4029,2024-02-09,254.10174560546875,260.1052597482645,250.47172634925136,259.3140947860717,24496638
4030,2024-02-12,251.5886688232422,256.894101853974,247.81903847326296,254.2879411681885,19140023
4031,2024-02-13,251.5421142578125,252.10058531737184,245.95746047225515,251.5886416773516,22031847
4032,2024-02-14,254.7067413330078,255.96329409410967,248.51708917500832,250.8440282122275,13546941
4033,2024-02-15,266.5359802246094,268.1447657023801,256.78871446145286,257.4038281276834,25475670
4034,2024-02-16,259.8169860839844,267.7189111106001,258.634064040477,266.8672130152613,25129188
4035,2024-02-19,261.5203552246094,263.36569588986794,258.6340087277796,260.3374334340873,11429901
4036,2024-02-20,272.4505615234375,273.2549541775216,262.7979363142147,263.4130499155983,43053543
4037,2024-02-21,265.06915283203125,273.9174146771855,264.2647601406663,272.11935023298264,24651085
4038,2024-02-22,267.43499755859375,268.28669557809377,258.5867356850586,265.0691536822437,26793590
4039,2024-02-23,266.81988525390625,269.89548230845946,264.02817791395506,267.3876646831103,14313526
4040,2024-02-26,272.3559265136719,275.8573868871963,266.914485777475,267.7662126488231,31012494
4041,2024-02-27,276.80377197265625,277.65547011043145,268.8545412201976,268.8545412201976,36510093
4042,2024-02-28,264.54864501953125,277.8920099715436,263.4603626357703,275.857390057568,18824161
4043,2024-02-29,267.6716003417969,269.7062204392999,259.67503593820265,264.59600309117326,35043015
4044,2024-03-01,272.2613220214844,273.8700785127763,269.32766986921933,269.70619910952746,15149735
4045,2024-03-04,278.83837890625,281.0622781287095,272.5452393975365,272.5452393975365,23131460
4046,2024-03-05,279.1695251464844,279.5953885164743,274.20125393625034,276.3778183430496,13220556
4047,2024-03-06,277.9393615722656,279.07494935164203,271.12571937628184,274.72179066420415,15969436
4048,2024-03-07,276.9456481933594,282.86025723934745,275.38419718120394,278.2232095232782,14908694
4049,2024-03-11,270.2266540527344,276.2832369881251,269.1383717340065,272.92372162866184,19020659
4050,2024-03-12,269.84814453125,273.16032593077773,267.5769402047027,269.61156014556946,17906155
4051,2024-03-13,250.1170196533203,268.66524265073593,247.75117561997473,268.0974343067466,39389523
4052,2024-03-14,252.0570068359375,253.99698722003816,246.7102055686017,249.88041318945946,26005940
4053,2024-03-15,251.67849731445312,257.40382826619543,243.82387787395942,253.71311738689442,43817794
4054,2024-03-18,250.684814453125,252.3409051869904,245.57459739318358,251.67848622140255,12423655
4055,2024-03-19,245.10142517089844,252.19895678781634,244.43897733468071,248.08238267401794,20031514
4056,2024-03-20,250.44825744628906,250.92142627912918,245.05415007987187,246.0004877455521,11308487
4057,2024-03-21,259.0599060058594,259.76965917299873,252.76676703320993,253.42918599458181,23559105
4058,2024-03-22,260.95257568359375,263.3184195247868,256.7886962990799,259.0599006106393,22097588
4059,2024-03-26,255.55844116210938,259.3911255276234,251.82042520652487,255.60577536707413,28477120
4060,2024-03-27,255.7477264404297,258.1608756744819,254.75408355109772,256.4574796127898,18094214
4061,2024-03-28,262.0408630371094,264.50134645453295,257.0725908765144,257.40381479654013,26646830
4062,2024-04-01,265.116455078125,266.4886560580407,262.7506112368426,265.68426337601875,8945400
4063,2024-04-02,264.54864501953125,266.58329381343634,263.5550021647777,264.2647553124387,13229425
4064,2024-04-03,265.06915283203125,267.9081654745451,263.60231230544105,265.11645815743447,14499308
4065,2024-04-04,262.7505798339844,271.31495084380657,260.2900967571314,267.624211788564,23722104
4066,2024-04-05,263.4603576660156,264.9271981381364,260.38476075083423,264.9271981381364,9308711
4067,2024-04-08,266.6305847167969,268.94912309239237,264.07546197144376,265.49496818998927,14473340
4068,2024-04-09,266.1100769042969,269.0910338091791,265.9207978805261,267.671527770671,5780865
4069,2024-04-10,267.38763427734375,270.0373964586784,264.9744853378449,264.9744853378449,8809693
4070,2024-04-12,260.4793701171875,269.18568577480033,259.91156189953006,266.39397888460775,17731780
4071,2024-04-15,259.3437805175781,261.3784292480473,253.9969794145529,255.74770956685194,13378690
4072,2024-04-16,259.5330810546875,260.7633083554812,256.694068317535,258.350159080874,9662195
4073,2024-04-18,265.06915283203125,274.34324924560457,262.79794849400616,272.4505741505953,51039603
4074,2024-04-19,266.5359802246094,267.1037885626421,259.95895120886473,263.1764932844744,18755469
4075,2024-04-22,268.4286193847656,269.42229106286794,266.5832786338806,268.7598432774664,14965203
4076,2024-04-23,270.03741455078125,271.74081051867876,265.6369509004387,268.42862923004446,11464036
4077,2024-04-24,274.81640625,276.1886071870875,269.1383812081408,269.7061894883125,19324163
4078,2024-04-25,277.560791015625,278.69640762412996,273.7281355017983,276.330563756353,22022414
4079,2024-04-26,276.5671081542969,280.25781827840325,275.81004977804326,278.45978297485664,15581578
4080,2024-04-29,277.9393615722656,278.7910596267808,274.05937167955074,276.6144658430962,9804396
4081,2024-04-30,285.6520080566406,288.01785203776245,277.3242199151328,277.9393624541696,33288857
4082,2024-05-02,296.771484375,300.2256109232686,285.6520173037678,285.74665684206263,44059506
4083,2024-05-03,294.1690368652344,299.13730906474717,291.7085534285372,295.257319285332,27074447
4084,2024-05-06,290.3836669921875,294.12168278074984,286.83490137523864,293.55390338598085,16855909
4085,2024-05-07,279.4061584472656,291.7558517817859,278.69640529286954,290.52562453280456,13857464
4086,2024-05-08,285.7939147949219,286.59830741718446,276.3305401328384,276.3305401328384,18754452
4087,2024-05-09,280.25787353515625,288.0178533814101,279.4061754739654,286.50370745044205,11196567
4088,2024-05-10,287.4500427246094,288.11249058903365,280.35251080548323,280.35251080548323,11786977
4089,2024-05-13,290.0997619628906,291.14073903512957,281.63005828951754,287.87589184302135,11710605
4090,2024-05-14,292.6549377441406,296.20370416787716,291.235431174646,291.4720156028951,9957875
4091,2024-05-15,297.95440673828125,299.3265789653332,292.2763809934067,293.3646634851878,11397656
4092,2024-05-16,295.73046875,298.66412077598574,288.91682719802856,297.62314375,19843532
4093,2024-05-17,296.3455505371094,299.0426178985721,294.0743465569028,298.0016409843325,9069551
4094,2024-05-21,308.1748352050781,309.8782602215553,294.3109950717367,294.3109950717367,21976662
4095,2024-05-22,308.2694396972656,310.1621146915696,303.0172781400434,310.1621146915696,10287081
4096,2024-05-23,302.7333679199219,303.4904552665001,292.4182946922022,302.30753336240537,35705284
4097,2024-05-24,301.6924133300781,305.61973744801486,300.3675464748383,300.93535480706436,15058182
4098,2024-05-27,300.8880310058594,304.2475177053777,297.62315495596044,304.2475177053777,12857918
4099,2024-05-28,296.014404296875,302.35487808090477,295.25734573158775,301.88170925761693,10935739
4100,2024-05-29,300.65142822265625,301.59776570037326,292.51292013830465,292.51292013830465,16812268
4101,2024-05-30,290.2417297363281,300.6041082809454,287.49732781681695,297.7177903889579,22768893
4102,2024-05-31,293.3646545410156,294.78416093395606,289.29541443322574,291.9924534758673,36929443
4103,2024-06-03,319.5308532714844,329.98790004553837,308.12749787092514,317.02306465541983,55218939
4104,2024-06-04,280.068603515625,316.975767180374,264.73792397983436,316.975767180374,73262478
4105,2024-06-05,282.765625,284.89488431138534,264.2174336580967,280.39978132068296,45312613
4106,2024-06-06,284.3271179199219,294.7368305844166,282.10321898379397,287.11879626107896,36508044
4107,2024-06-07,292.74951171875,293.9797389181139,280.87295875290147,282.0558806291855,38016104
4108,2024-06-10,298.8533630371094,305.99822830093547,294.8787629702778,296.2036296592217,25478964
4109,2024-06-11,299.56317138671875,302.5441580864855,298.238304453452,299.23197631335194,12238518
4110,2024-06-12,307.2284851074219,309.54702369670923,299.89436896897615,302.7333816677293,20346144
4111,2024-06-13,304.2002258300781,310.3514200836407,303.4431384401426,309.4523878330707,11756503
4112,2024-06-14,304.2475280761719,308.5060471316704,302.2129080811976,308.5060471316704,14159988
4113,2024-06-18,313.9947814941406,314.65722931836166,304.7206852346239,304.7206852346239,21653702
4114,2024-06-19,309.7362365722656,316.88110166477423,307.93820118895974,316.076709054369,14235150
4115,2024-06-20,307.1338195800781,310.6825851531645,305.00456023622627,309.9255267162107,11749507
4116,2024-06-21,308.4587097167969,311.912835704277,305.66700262997006,309.1684628188789,17209541
4117,2024-06-24,315.0831298828125,316.0767728562857,305.2411952887303,305.7616983204953,18044357
4118,2024-06-25,309.8309326171875,317.0231043424352,308.31678664135654,317.0231043424352,13979671
4119,2024-06-26,309.1684875488281,312.48066895681404,307.51239684483517,308.2221500036893,12946277
4120,2024-06-27,313.7581787109375,314.65721086538116,306.9445662096288,310.9191662820769,27061015
4121,2024-06-28,313.1904296875,319.24698434682847,311.9128681946897,315.13041014996446,21676594
4122,2024-07-01,311.9128112792969,313.9474309032879,307.7962378335927,313.2376778567846,11959181
4123,2024-07-02,313.0484313964844,316.4552521501437,310.4460032885392,312.3386782761357,12684459
4124,2024-07-03,317.1650085449219,318.82109917616634,311.4396782003053,313.3323532074418,9369793
4125,2024-07-04,317.0230712890625,320.52453168810746,315.982094234217,318.9157463415345,12878827
4126,2024-07-05,321.18695068359375,321.6601194467929,314.98845143765675,317.02307134342715,10894118
4127,2024-07-08,321.18695068359375,322.7010965018169,318.7738015432499,322.7010965018169,7828162
4128,2024-07-09,322.843017578125,323.97863407813907,319.9566998871528,321.7547352789024,9214579
4129,2024-07-10,327.4801330566406,329.13622394831833,317.4962823759283,324.5938147688328,10662609
4130,2024-07-11,324.4045104980469,330.03523064452804,323.647451986892,329.7986462498008,12642065
4131,2024-07-12,324.6883850097656,327.3381183189274,321.84937265855217,324.40446644668805,11380570
4132,2024-07-15,325.398193359375,326.8650051046372,321.94406685477577,326.8650051046372,5277531
4133,2024-07-16,324.0733337402344,328.379158415321,323.17430143755655,324.3572234779576,11363095
4134,2024-07-18,322.93768310546875,326.20255914597936,318.8684432659284,323.6474362551511,13908161
4135,2024-07-19,314.3733825683594,323.50553522195764,313.2377658230697,321.3289412734747,12937990
4136,2024-07-22,320.4299011230469,321.1869596132415,311.8182236174145,312.29139239376866,10678640
4137,2024-07-23,316.31329345703125,322.22790253438785,303.8689617342584,320.9030358770454,15954324
4138,2024-07-24,319.05767822265625,320.61912930147633,312.57526065550735,313.1430689241496,12573882
4139,2024-07-25,321.2342834472656,324.215240866066,312.71724574787646,312.71724574787646,16271884
4140,2024-07-26,325.7293701171875,327.0069026032018,320.33523496317764,322.08596506614066,11468068
4141,2024-07-29,323.9786376953125,327.3381241521442,319.6254795698925,321.5654598258216,31849674
4142,2024-07-30,331.02886962890625,337.7952063418939,324.8776754388671,326.4864608559265,25813219
4143,2024-07-31,329.5147399902344,331.8332496142403,324.21524403833155,329.56204531483326,17976593
4144,2024-08-01,341.7225036621094,343.0473704893926,331.360095677423,332.30643325118683,26792459
4145,2024-08-02,339.0254211425781,341.675154682579,335.0034866279767,338.7888367593663,13771470
4146,2024-08-05,324.4045104980469,335.76056144495533,323.1742831974375,333.8205809601642,13566586
4147,2024-08-06,322.4645080566406,331.97518852512167,321.0450017849313,324.40448840933846,12273667
4148,2024-08-07,333.1581115722656,333.6312803311411,324.9722978197053,327.2908362901669,12441847
4149,2024-08-08,324.2625427246094,335.94981677429234,322.93767598373876,335.94981677429234,15489731
4150,2024-08-09,327.43280029296875,330.22450768558923,325.8240148667246,329.2308359058746,8720610
4151,2024-08-12,322.843017578125,325.3508060624016,321.2815665505511,324.59374764901037,12521136
4152,2024-08-13,318.86846923828125,324.0733260932291,317.1650442123391,318.915774566808,10435954
4153,2024-08-14,315.60357666015625,320.1933196079617,314.6572390989564,318.91575812435576,12385993
4154,2024-08-16,323.0941162109375,324.0005943232757,315.46046918466635,317.7505574685372,13013828
4155,2024-08-19,324.7162170410156,327.5788343964876,323.76201125585834,326.95860646014523,5891370
4156,2024-08-20,324.9070739746094,326.95861061475625,323.28491247120957,324.85937533276524,6393840
4157,2024-08-21,321.2333679199219,325.33647021921684,320.75626503303056,324.4299630861036,10118601
4158,2024-08-22,318.7047119140625,322.2352847419679,315.3649918790349,320.6131233626497,18370039
4159,2024-08-23,320.8517150878906,321.51967082680045,318.08452396393096,319.32497991327625,7494822
4160,2024-08-26,322.7601013183594,325.86127006716845,320.4700132970948,321.0425425824232,7993675
4161,2024-08-27,319.992919921875,325.8135811089295,319.65894206883786,323.4757652577195,9589690
4162,2024-08-28,319.1341247558594,323.3803228716009,318.4661690827974,319.9929041069044,8790600
4163,2024-08-29,318.0367736816406,320.5177145247238,313.7428476870908,317.27342070840706,17653536
4164,2024-08-30,321.9490661621094,325.2410881786906,318.75247055993185,319.658977816687,22713812
4165,2024-09-02,320.1837463378906,324.3345474151825,318.8955917967054,322.9032387071543,9789776
4166,2024-09-03,319.3249816894531,322.47387846461993,318.70475371133057,320.61316541020085,8434423
4167,2024-09-04,317.65509033203125,319.372678164772,315.8421052197344,316.03295801894404,9025610
4168,2024-09-05,316.0806579589844,318.9909738785872,314.5062242791985,317.13029011885794,13912371
4169,2024-09-06,314.69708251953125,317.8459793449673,310.11690601714497,317.7982515797027,23755639
4170,2024-09-09,313.5043029785156,314.1245600426495,308.733273993178,312.6932513470482,18597200
4171,2024-09-10,318.8478698730469,319.9452007452858,312.0253040638565,312.0253040638565,15472387
4172,2024-09-11,317.9413757324219,321.8058974713824,316.7963171549265,321.4719196262755,10134008
4173,2024-09-12,322.7124328613281,323.4757858997966,317.9891022156555,319.51583741264426,18410837
4174,2024-09-13,321.805908203125,325.62273142866246,320.708577349793,324.239121361385,10417461
4175,2024-09-16,322.7601013183594,325.86127006716845,321.61504274770255,321.80589554949506,7748570
4176,2024-09-17,321.471923828125,324.4299675919438,319.1818357632506,321.2811001427478,11451846
4177,2024-09-18,318.990966796875,323.38031901887,317.8459373824729,322.99864254740265,6583254
4178,2024-09-19,319.56353759765625,322.85555947202744,317.84597869279855,320.8040226912108,10589610
4179,2024-09-20,325.2410583496094,327.24489638809433,319.420397045458,322.66469099726436,31236123
4180,2024-09-23,325.52728271484375,326.81546628919034,324.6685033719621,326.3383634186952,6542941
4181,2024-09-24,334.0197448730469,334.9262520751169,326.6723773280453,328.7716127180237,26145769
4182,2024-09-25,347.0923767089844,349.47789132554095,336.21443588149657,337.64574465143056,40770462
4183,2024-09-26,348.71453857421875,349.33476655100753,340.84234033330716,347.37862709184105,18733959
4184,2024-09-27,338.0274353027344,346.66298692779657,337.16865582886925,345.6133837486573,33148043
4185,2024-09-30,336.6914978027344,341.0808499866763,333.6857555759207,338.0273800013129,16356171
4186,2024-10-01,334.7353820800781,339.69726387458076,333.9243304483277,335.02166129132826,9856291
4187,2024-10-03,328.3899230957031,333.87660649331565,326.9109157408886,327.2925922401907,19350466
4188,2024-10-04,323.3326416015625,331.5388173169314,322.2830093960996,327.2925898530338,20121706
4189,2024-10-07,313.885986328125,324.4299479897735,310.11686204904817,324.4299479897735,13851446
4190,2024-10-08,312.16839599609375,315.84209384824754,307.5882201804524,312.3115210303236,21148292
4191,2024-10-09,314.64935302734375,316.60546321012333,310.593978500077,312.02528715675936,9228363
4192,2024-10-10,319.0387268066406,322.6169986884557,314.98335200725023,315.0787784147755,20773976
4193,2024-10-11,314.93560791015625,319.9929160462016,314.41080637606126,319.13413666311453,6098468
4194,2024-10-14,315.5558776855469,316.31923069682506,312.7886574995491,314.9356206038262,5944216
4195,2024-10-15,314.7447814941406,318.1799281167331,312.5023920932782,318.1799281167331,12415489
4196,2024-10-16,312.2161560058594,317.4165602537257,310.06919291048916,316.5100821965998,22085298
4197,2024-10-17,315.9852600097656,316.7009143941091,309.73522336785345,313.4566203424291,17039729
4198,2024-10-18,316.8440246582031,318.5616125724895,313.2180542614599,316.3192231155337,10569021
4199,2024-10-21,315.9852600097656,318.4662010328332,314.36312754395135,317.7505466484898,8745904
4200,2024-10-22,307.9699401855469,320.2791899103934,306.34777858147527,317.65512380501696,11219831
4201,2024-10-23,302.3878173828125,307.1588464646494,299.47750129091224,304.5825082324878,12541589
4202,2024-10-24,304.5347900390625,306.10922386153214,300.81339306230205,300.81339306230205,8327779
4203,2024-10-25,301.3381652832031,306.777149725738,298.904952259992,306.777149725738,12979410
4204,2024-10-28,303.7236633300781,305.7752288856285,296.5194219272498,300.0976933101209,9610615
4205,2024-10-29,305.87066650390625,306.49092358811964,299.76375502898543,301.62446804152387,15856332
4206,2024-10-30,303.8668518066406,310.49856471332737,302.244690281812,303.96224909158906,14498110
4207,2024-10-31,306.1092224121094,307.92223680763374,303.29433265073186,305.7275458993863,9900390
4208,2024-11-01,307.3019714355469,307.9222285120696,305.3458611605076,307.6836770580379,847672
4209,2024-11-04,301.00421142578125,309.8306144942368,297.3305135138199,309.68746033762875,9249409
4210,2024-11-05,302.1015319824219,303.1511640817764,297.7121799160603,298.0461577367704,7518195
4211,2024-11-06,303.91455078125,305.67983735548086,299.52519822696127,302.8649185652168,11019250
4212,2024-11-07,298.61871337890625,304.3916467555608,297.42595614240327,304.3916467555608,14504208
4213,2024-11-08,301.7676086425781,303.00806463482706,294.56336591826243,297.5691086072136,15740539
4214,2024-11-11,314.69708251953125,317.1780235916788,298.47558282017286,299.19123721867396,22838987
4215,2024-11-12,307.9222412109375,317.2734469466062,307.0634326449654,316.3192410911277,12069181
4216,2024-11-13,303.43743896484375,309.7352029560485,302.6263582253618,307.87449003135754,12918639
4217,2024-11-14,302.0823974609375,308.5673269454409,300.63054360855045,304.9861051657116,12500377
4218,2024-11-18,302.0339660644531,305.4216248453499,300.14657389506345,303.92138777188325,9408101
4219,2024-11-19,304.93768310546875,308.03498304557405,302.22756781140765,303.0018780274133,13157158
4220,2024-11-21,315.4394226074219,316.2621456498498,302.9534861159999,305.8571936506581,25406386
4221,2024-11-22,326.134765625,326.763896354805,313.6004161874757,315.3426289066342,31523269
4222,2024-11-25,331.74859619140625,334.31353201948644,325.360433508121,330.8774898114222,29419152
4223,2024-11-26,327.92535400390625,333.53920620651456,327.0542476646512,331.02265380796877,13997179
4224,2024-11-27,328.36090087890625,330.3450890542636,325.6991691842357,326.4250960100549,12177260
4225,2024-11-28,322.940673828125,330.78069024332933,321.5372328798368,328.36093391382434,16920231
4226,2024-11-29,318.8271179199219,321.8276219570551,316.0202062224917,320.71453984887256,13890537
4227,2024-12-02,317.3268737792969,321.29528035267924,315.7298403945819,317.617232744502,16003524
4228,2024-12-03,319.0690612792969,320.71450738608837,313.84239355484294,313.84239355484294,23174488
4229,2024-12-04,314.61669921875,320.6177065989888,310.7935020251486,318.4883092607001,17880011
4230,2024-12-05,317.810791015625,319.8433921683277,309.2932313133566,314.56831174084215,19785053
4231,2024-12-06,318.3431396484375,322.06957033680214,316.2137717822587,316.60092689083285,8802058
4232,2024-12-09,318.5367126464844,320.03694967795724,316.2137525979291,317.23003838853464,9376929
4233,2024-12-10,317.375244140625,321.19847107536157,314.9071044229873,321.19847107536157,14994365
4234,2024-12-11,317.0364685058594,318.4399390188796,316.3589544435378,316.74610955601327,5013051
4235,2024-12-12,318.63348388671875,319.310997848131,315.3910049188454,317.4719891842444,10414162
4236,2024-12-13,323.1342468261719,323.5697852166128,314.61668733284245,320.03694709440856,14973536
4237,2024-12-16,324.2473449707031,325.4572231235789,320.95648230248923,323.1342629776656,12695136
4238,2024-12-17,319.2142333984375,324.7796727858799,317.47202070975857,321.8275819694961,17360248
4239,2024-12-18,311.2290344238281,318.5367159597598,310.357928088814,317.4720173111692,15037099
4240,2024-12-19,311.3258361816406,313.4552335171315,306.6799159526212,307.7929979306112,10234715
4241,2024-12-20,305.6636047363281,315.1490671779783,303.53423691002854,310.9870686091384,13973399
4242,2024-12-23,305.1796569824219,308.08336458278,301.5500224819742,307.7930056379607,5984169
4243,2024-12-24,300.1465759277344,306.48632558827376,298.8399016243598,304.01818598926457,4833589
4244,2024-12-26,300.3401184082031,303.0502629909218,298.83988142597644,300.1465556410338,3775101
4245,2024-12-27,299.4690246582031,302.27593597309306,298.8882772562853,300.7756989280084,3981693
4246,2024-12-30,297.67840576171875,301.98558375549896,296.46852762167265,299.0818762193884,12489142
4247,2024-12-31,298.79150390625,299.80778968318066,295.355432419503,297.4848296658825,8402716
4248,2025-01-01,300.4369201660156,301.35643932585094,296.0813590599225,298.79150369320394,4239498
4249,2025-01-02,305.03448486328125,307.0187028275163,298.83991440746365,299.90461312753587,10766571
4250,2025-01-03,305.90557861328125,307.7930003362196,303.582618480616,306.19596709113983,7636948
4251,2025-01-06,296.17816162109375,306.3411377551509,295.01666681912843,305.6635941976645,6722495
4252,2025-01-07,295.2586669921875,300.7273401399524,293.2744785400542,296.17818624837156,10137739
4253,2025-01-08,296.80731201171875,297.96880689069934,293.27447360037866,296.32336073515046,6907996
4254,2025-01-09,295.4522399902344,297.0492732177086,293.90359007284945,296.807297591181,8244909
4255,2025-01-10,290.08038330078125,295.4522302167797,288.9188885166543,294.29073543265275,6540783
4256,2025-01-13,278.3687744140625,288.9672894281838,277.546051353358,285.53124725105704,19474228
4257,2025-01-14,280.9337158203125,283.6438311516828,277.59444019947966,278.5139594394313,15954608
4258,2025-01-15,289.0640563964844,292.79048668001957,281.7564048251405,285.5312184152257,12198882
4259,2025-01-16,288.09619140625,291.9194183378442,287.0799055323032,289.40286577135447,11694289
4260,2025-01-17,292.8873291015625,295.21028940567066,286.2088071504854,288.09619947467957,7593230
4261,2025-01-20,296.4201354980469,298.8882750151413,292.2581666352493,292.88729734175973,9435937
4262,2025-01-21,292.64532470703125,300.00138956246667,291.82260168025834,297.1460653925019,13911546
4263,2025-01-22,287.9993896484375,292.59692672439905,286.30556019939905,292.3065677769233,9723333
4264,2025-01-23,284.902099609375,289.9835876064339,284.1761727526523,287.95098650000244,12228286
4265,2025-01-24,286.3539733886719,292.7905193950371,284.90211957348987,285.82160926694695,11142914
4266,2025-01-27,277.78802490234375,285.5312451086809,274.6423416935193,285.5312451086809,13477947
4267,2025-01-28,274.8359069824219,279.530210140373,270.3835498940812,277.9331770375003,11298068
4268,2025-01-29,278.6107177734375,279.8689791054365,274.2067440353655,276.19096172110267,4800024
4269,2025-01-30,285.8700256347656,287.563855106655,278.6107564695255,278.6107564695255,10969499
4270,2025-01-31,291.9678039550781,293.71004630164896,286.4023641847799,287.46706291801064,14141459
4271,2025-02-01,280.5465393066406,295.5490277237012,279.38504451720075,291.96777673796123,6945157
4272,2025-02-03,274.6907043457031,282.6275162755047,269.07688193352845,280.6917113695081,14978897
4273,2025-02-04,276.4813232421875,277.2072500647408,263.36625712994,271.9805828499647,19836427
4274,2025-02-05,276.0458068847656,281.41765398482295,275.4166466246166,276.43296198006016,15337191
4275,2025-02-06,272.12579345703125,281.6112560803486,270.7707358074263,278.27198049914233,21418561
4276,2025-02-07,272.3705749511719,276.04265720348,264.3899221661853,267.42551613812304,17193482
4277,2025-02-10,263.116943359375,270.26525146278794,262.5294042273248,269.28602953719815,16709670
4278,2025-02-11,256.0176086425781,263.21486657042624,254.59772476262356,263.116968275382,22083955
4279,2025-02-12,251.70899963378906,256.6540885948664,248.72238452886342,254.108105453701,17861265
4280,2025-02-13,253.765380859375,255.91968125976615,250.77876564761343,251.9048649954833,12257226
4281,2025-02-14,252.0028076171875,256.06657326204856,249.45682423903202,254.989423000119,11339563
4282,2025-02-17,257.7312316894531,258.5145973036469,246.95977519339317,251.5621154146174,8332653
4283,2025-02-18,261.4033203125,262.3335632662502,254.7935719273194,258.3677261885352,10483635
4284,2025-02-19,257.5843200683594,262.92109160935365,256.84990361135004,257.0457599532787,14602009
4285,2025-02-20,260.228271484375,260.9137389035799,255.87072121261542,257.2906052023313,15312926
4286,2025-02-21,256.458251953125,260.2282628669348,254.0101967991557,259.7876009858261,10757038
4287,2025-02-24,253.765380859375,256.36031323928853,251.9048649954833,252.63928151150512,14599185
4288,2025-02-25,250.43603515625,254.5487796517994,249.60369045078346,253.42265040608797,21287363
4289,2025-02-27,250.92562866210938,252.10070697411533,248.18380417033123,248.72237923971036,13614799
4290,2025-02-28,245.63784790039062,251.6600573027279,242.16160676642085,250.58290711189485,38512868
4291,2025-03-03,247.2535400390625,248.52653155038408,243.33665227606744,247.74315100943687,9873539
4292,2025-03-04,248.72238159179688,251.80692483562845,244.26691861824116,244.80549369271347,11947033
4293,2025-03-05,258.9062805175781,261.64811993852993,250.43601653143247,251.6110948380522,14536637
4294,2025-03-06,261.10955810546875,261.7460464721183,255.2832047387709,259.6407250054378,11926868
4295,2025-03-07,257.8291320800781,263.06797558271114,256.1644726654778,260.47304334562614,10043068
4296,2025-03-10,265.6629333496094,268.551650384625,255.6259072185523,255.6259072185523,30233763
4297,2025-03-11,261.74603271484375,266.2015108141842,260.32617872286573,264.3899441093308,9255499
4298,2025-03-12,261.5502014160156,266.7400660475281,258.12292442598334,265.07540658245983,11875548
4299,2025-03-13,262.0887756347656,265.0264417839694,259.98345420453336,264.1940970649979,9270442
4300,2025-03-17,261.7950134277344,265.02643414532776,259.44488655280423,264.38994580804234,11987667
4301,2025-03-18,261.7950134277344,261.7950134277344,261.7950134277344,261.7950134277344,0
4302,2025-03-19,271.4403381347656,272.51745837949295,264.1940717541623,266.34837201058207,13089950
4303,2025-03-20,274.52490234375,277.6583949125875,271.2934517116392,277.60944576443563,13710249
4304,2025-03-21,277.2177429199219,279.2251359850156,274.23109801110803,275.1613708267267,26003527
4305,2025-03-24,285.78594970703125,287.8423219055328,278.53971280689245,279.0782729592095,19966817
4306,2025-03-25,284.95361328125,289.11530694601055,281.67321347468294,284.95361328125,16983852
4307,2025-03-26,284.8067321777344,290.58413615319876,283.5337256141165,285.6390768763529,20367015
4308,2025-03-27,289.360107421875,291.07374595990643,282.9951642806155,282.9951642806155,37203166
4309,2025-03-28,284.3171081542969,288.136067903423,282.3096851631975,287.79333423338323,10834900
4310,2025-04-01,283.2889099121094,290.7799820465876,281.03671128724267,283.58269443936393,11603556
4311,2025-04-02,280.7919006347656,283.72956655247896,278.5886511964806,280.88982880871936,11679536
4312,2025-04-03,292.88531494140625,293.71765964301125,279.17620653115574,283.33790015569605,23478876
4313,2025-04-04,287.7933349609375,294.6478888451275,286.0307473441106,293.766595036714,21020875
4314,2025-04-07,283.3868408203125,287.793339820266,276.4343586436891,277.707365173766,22847548
4315,2025-04-08,282.94622802734375,287.8912875090539,278.7355552119157,285.88389422641575,20831596
4316,2025-04-09,287.3037414550781,293.277001894399,283.28892510186347,283.92544333663614,21342531
4317,2025-04-11,297.78143310546875,298.6627269788732,287.1568678247691,287.1568678247691,19831004
4318,2025-04-15,298.2220458984375,303.999479561671,297.3897311114991,300.8170080856623,16563441
4319,2025-04-16,299.3971252441406,300.6211527390063,296.5084084028641,298.12414860287384,7032401
4320,2025-04-17,302.57958984375,303.36295546924026,295.7250360285194,299.1033637908477,8528993
4321,2025-04-21,313.3510437011719,315.3094877243042,302.0410414209764,303.55882358551025,13369014
4322,2025-04-22,306.0558166503906,313.1062268310987,305.6151846912733,313.1062268310987,10027268
4323,2025-04-23,308.4059753417969,309.5320746449753,303.0202544380464,307.6225798257068,8225575
4324,2025-04-24,307.86737060546875,309.2872543656177,306.34958855853597,308.3569815733157,8021180
4325,2025-04-25,300.13153076171875,308.84660022965284,297.0959367088025,306.49647350217936,11475773
4326,2025-04-28,302.1389465332031,304.48910332078134,297.2428363648901,297.87935459355873,7314824
4327,2025-04-29,296.65533447265625,304.34220372241566,294.94169587087805,302.138954091558,14678005
4328,2025-04-30,301.06182861328125,303.5588328657181,295.6271283528523,298.1241624887743,17619987
4329,2025-05-02,296.75323486328125,302.57961810378737,296.01881831448566,299.15234087607456,5688285
4330,2025-05-05,301.7962341308594,304.2442891452775,298.3199780802952,298.4668554044635,4342960
4331,2025-05-06,301.2087097167969,303.99949854674264,299.20128657647405,301.2087097167969,9124804
4332,2025-05-07,304.6359558105469,306.64334886248787,300.6211398231825,301.6003617770039,14679327
4333,2025-05-08,301.8451843261719,310.8050597333663,297.683490787206,306.8881716966925,19253478
4334,2025-05-09,293.0811462402344,296.75322891055214,290.24140828521905,293.76661362542114,11981497
4335,2025-05-12,302.6285400390625,304.6359630220064,297.7324301540527,297.7324301540527,7145884
4336,2025-05-13,292.24884033203125,302.33481575441147,291.8081784447437,298.66273297196926,17988336
4337,2025-05-14,289.8007507324219,294.3051478372375,287.94020510345246,292.9832220993144,10359258
4338,2025-05-15,293.4238586425781,294.15827512335386,285.0025436863195,289.75177623869934,22640626
4339,2025-05-16,293.96246337890625,295.9209074257118,289.3601079155194,293.7666070208319,16763668
4340,2025-05-19,297.7324523925781,298.17311426853666,292.78739299275026,295.7250591431792,12575289
4341,2025-05-20,291.7102355957031,298.9564726120769,290.9268699282245,298.07517876529226,21339095
4342,2025-05-21,289.99658203125,295.9698420577473,289.5069710435614,291.5633431685501,11997632
4343,2025-05-22,284.8556823730469,290.1924543866199,280.59606056850055,289.75179252000015,26158839
4344,2025-05-23,291.9060974121094,292.5425857642718,285.68803145347715,285.93283696457695,9872024
4345,2025-05-26,290.53515625,297.487607990353,289.60488347058185,293.81552578235744,16469130
4346,2025-05-27,288.4298400878906,291.41648524163105,286.1286921994079,290.8289460406096,17074710
4347,2025-05-28,285.1004638671875,289.50696262829854,284.46397557839015,288.4298125099972,10099453
4348,2025-05-29,287.0099792480469,287.7933449084951,285.2963407177676,285.2963407177676,9773818
4349,2025-05-30,283.7295837402344,288.5277657198002,282.2607506923988,285.9328333119877,21788566
4350,2025-06-02,286.96099853515625,287.54853771879095,282.40762215808496,284.2681380033579,7255782
4351,2025-06-03,282.2607116699219,289.2621422532949,281.7711007216653,286.42240473010287,10989055
4352,2025-06-04,282.55450439453125,283.7785319302613,281.08567135165515,282.26074973934993,8580196
4353,2025-06-05,288.1360778808594,289.11529989574757,284.0723124957701,284.95360633247265,13110486
4354,2025-06-06,289.6538391113281,290.8289173976408,286.86308047742943,287.4505897371036,7935393
4355,2025-06-09,294.2561950683594,294.8926833572018,289.9965736222873,291.80814020090213,8666186
4356,2025-06-10,294.7947692871094,295.5291857824769,292.05295965779766,294.3051582901977,7273892
4357,2025-06-11,289.3111572265625,295.13751030468086,287.89127334679847,294.8437556526187,10941604
4358,2025-06-12,282.99517822265625,289.65387634508903,282.50556718766893,289.01738797630276,14071159
4359,2025-06-13,279.56787109375,280.4981439141801,275.9447378687391,276.67915434271566,16028417
4360,2025-06-16,282.6524353027344,284.4640020498002,280.35125753665,281.9669978061994,11067299
4361,2025-06-17,282.55450439453125,284.4150501556287,281.23257856273057,282.6524325740866,7286868
4362,2025-06-18,281.3304748535156,282.3096968751199,279.56788716802174,281.5263312112303,11904855
4363,2025-06-19,280.4981384277344,281.67318683302364,279.3720092828774,280.84084220210065,13573824
4364,2025-06-20,287.0099792480469,288.38088409557344,279.1272240786715,279.61683508732267,33014151
4365,2025-06-23,284.21917724609375,287.35269950848783,282.11385598393036,285.3452765366943,6833477
4366,2025-06-24,280.008544921875,288.57673748517,279.4210057408379,287.35270997612787,15007849
4367,2025-06-25,284.4150390625,285.0515273795575,280.54710024706156,280.54710024706156,10838516
4368,2025-06-26,287.40167236328125,288.13608890254005,283.72958966698724,284.75776086855535,10232220
4369,2025-06-27,293.0321960449219,294.4520799591017,288.0381576544267,288.87050236675674,15523628
4370,2025-06-30,293.6686706542969,294.7458208267058,290.0945163452213,294.1582816523479,8415241
4371,2025-07-01,291.36749267578125,295.2354315096494,290.8289325318935,294.745820512121,12349270
4372,2025-07-02,288.7236022949219,292.5425619809049,287.30371849258376,291.3674836697642,10826029
4373,2025-07-03,287.5975341796875,292.73845005196546,287.00999496044426,292.1998599828733,10373094
4374,2025-07-04,287.8912658691406,289.0173651841089,285.5900882094763,287.59751122470846,14193884
4375,2025-07-07,289.75177001953125,290.4861864845436,287.40164330818806,288.5767216056009,6220756
4376,2025-07-08,291.5633544921875,292.19984282420575,286.9609990757769,288.03814926722237,6254288
4377,2025-07-09,293.4238586425781,293.76659231030345,290.24138722588316,292.05295385516,5650646
4378,2025-07-10,293.0321960449219,296.41052404294413,291.8081684925204,293.7666125763628,9307817
4379,2025-07-11,292.3467102050781,294.64788783500677,290.7799789437068,293.0321775445405,7073217
4380,2025-07-14,292.0040283203125,294.2072779407872,291.26961178015426,293.2770050365259,5484223
4381,2025-07-15,291.85711669921875,293.7666116281961,290.682068182797,291.90609573124783,6173407
4382,2025-07-16,290.87786865234375,292.73841426642105,289.5559429250016,292.73841426642105,8144630
4383,2025-07-17,290.437255859375,292.00401706133243,289.6538603166541,291.36749884428286,8318287
4384,2025-07-18,288.03814697265625,295.23543469056585,287.4016586457084,290.33932466253,8702106
4385,2025-07-21,290.82891845703125,291.0737239439479,286.1776142056141,287.8912526140309,5298012
4386,2025-07-22,291.6123046875,292.6405057353641,288.42983313248686,290.92686720574164,7775653
4387,2025-07-23,293.0321960449219,293.4238788849933,290.9268746314883,292.64051320485044,5310964
4388,2025-07-24,293.130126953125,295.088571055189,290.33933813098673,293.619737978641,6294709
4389,2025-07-25,286.0307312011719,291.56332911875245,284.85565293395047,290.9757899851418,8202572
4390,2025-07-28,285.83489990234375,289.1152996258539,284.7088005629704,285.932828080438,7037396
4391,2025-07-29,287.0099792480469,287.7933449084951,283.7785286608581,284.4639960263636,6586034
4392,2025-07-30,282.94622802734375,290.3393426749472,280.64505019470687,286.91206544269653,10515572
4393,2025-07-31,284.95361328125,288.1850340557877,279.0293319001026,279.0293319001026,14283621
4394,2025-08-01,285.1983947753906,286.7161768542786,280.35123413826136,285.5900775812182,6697683
4395,2025-08-04,281.96697998046875,285.49215518775577,279.7637305341728,285.14945140289626,10397121
4396,2025-08-05,280.0574951171875,282.65242746937366,279.17620128407503,281.1346453058735,15561914
4397,2025-08-06,278.8824157714844,282.40762097504063,278.14799926588864,281.6242553224655,12985269
4398,2025-08-07,279.6168212890625,280.35123776579803,277.51150003245044,278.58865017502586,8893659
4399,2025-08-08,278.931396484375,280.30230132639235,277.70736896766584,278.8824174536161,6172968
4400,2025-08-11,278.931396484375,280.4491786517006,277.4135844335651,278.931396484375,8755499
4401,2025-08-12,278.73553466796875,281.57527247440754,278.0990463484455,278.4907291694226,13184438
4402,2025-08-13,282.2117919921875,283.3868404605932,280.10644078809503,281.03671364029793,9928283
4403,2025-08-14,282.701416015625,284.1212700491301,281.1836039175517,283.04411982418765,8464495
4404,2025-08-18,284.3171081542969,285.24735110613807,282.50554151278686,283.48476349376705,9836105
4405,2025-08-19,283.23529052734375,285.3005538566439,281.80926751093165,285.202202267117,7196772
4406,2025-08-20,283.628662109375,284.2187416239352,282.202669129603,283.4319889463155,3106073
4407,2025-08-21,279.3014831542969,284.75965154184763,278.9081067861956,283.62868322879666,7389271
4408,2025-08-22,278.6622314453125,279.8423605015101,277.137856813606,279.301471769006,6824793
4409,2025-08-25,279.448974609375,279.89154174827274,277.53125370376324,278.6622219321021,7426789
4410,2025-08-26,275.269287109375,279.1047589315473,274.2858312568851,278.3180062546317,22905910
4411,2025-08-28,269.90948486328125,277.334564933553,269.07354134232605,277.334564933553,12455072
4412,2025-08-29,270.69622802734375,271.53217151879477,267.7458604194163,269.0735318455219,12841075
4413,2025-09-01,275.22015380859375,275.95774577162587,271.4338423958234,271.4338423958234,10820878
4414,2025-09-02,281.9568176269531,283.13694669553684,275.2201387311121,275.5643542975419,16983677
4415,2025-09-03,281.3175354003906,284.4154453547042,280.874998273125,284.21874217857004,30178885
4416,2025-09-04,277.1378479003906,283.1861254180615,276.2527436335359,282.10431797515423,5946090
4417,2025-09-05,280.629150390625,281.9076310706873,277.67878265568805,277.67878265568805,9695914
4418,2025-09-08,278.1213073730469,282.94026513480105,277.43290627329003,281.6617544992105,5186605
4419,2025-09-09,279.1539611816406,279.6456891280544,277.0395370145998,278.36717845976335,7093190
4420,2025-09-10,278.26885986328125,281.71095552507205,277.8262927016883,279.9899076941767,7767863
4421,2025-09-11,282.0551452636719,283.9237355179357,277.8754576123742,277.8754576123742,7406625
4422,2025-09-12,282.8910827636719,283.82537787087944,280.3832822314505,282.49770640741843,7618852
4423,2025-09-15,281.5142517089844,284.0220522518827,281.022523758401,283.5303243012993,5420800
4424,2025-09-16,283.57952880859375,284.90720034187007,281.6126169112048,281.80929009332743,8626429
4425,2025-09-17,282.39935302734375,284.4154556110037,281.21922396605464,284.2187524277762,19010126
4426,2025-09-18,284.3171081542969,285.054700083089,281.36674043912814,282.2518447511403,16842964
4427,2025-09-19,281.465087890625,285.3989114529667,280.18657722524875,285.2022082697728,14993879
4428,2025-09-22,281.9076232910156,284.2187506221423,281.17003137763635,282.25183885313095,9456933
4429,2025-09-23,283.82537841796875,284.2187547749804,280.6783075364907,283.87453920783565,13619147
4430,2025-09-24,288.4476013183594,289.67692118421104,282.2026804099865,283.13694550041856,14032389
4431,2025-09-25,279.6948547363281,289.97198099851187,278.90810201358835,289.136037472668,16242837
4432,2025-09-26,277.5804138183594,279.4489739318704,275.4659897422103,278.80973363154965,8959035
4433,2025-09-29,275.9577331542969,281.36674063588873,275.3184928181018,279.20312563817504,14600560
4434,2025-09-30,275.613525390625,281.2683970088091,274.38420547362847,277.33457327442017,18772881
4435,2025-10-01,276.00689697265625,278.1705119941076,275.26930503525597,276.3511125459816,11812449
4436,2025-10-03,284.9071960449219,285.20222082000316,276.40027820686026,278.66224486235905,19597461
4437,2025-10-06,282.15350341796875,283.8745513143992,279.8423759545092,283.57952653723135,11702722
4438,2025-10-07,284.21875,287.5133332084207,282.3501898260677,284.16958921095903,11371062
4439,2025-10-08,280.5799560546875,285.5464263535815,279.9407157227049,285.5464263535815,9989251
4440,2025-10-09,281.4158935546875,282.20267626489124,277.58042163210547,280.2849252972544,10714949
4441,2025-10-10,284.36627197265625,286.4315353978056,280.5307999046319,280.5307999046319,10773268
4442,2025-10-13,281.4158935546875,283.4319961126862,280.1865737068925,282.9894289624034,8950161
4443,2025-10-14,282.7435607910156,283.13693713392576,280.6782974748735,281.7601049273947,7667654
4444,2025-10-15,286.1365051269531,288.3984416841045,282.30100311997757,282.3993547121781,8125514
4445,2025-10-16,287.0216064453125,288.39843868371946,285.79228658732563,287.56249517775,7824732
4446,2025-10-17,284.95635986328125,286.6774077658205,283.235311960742,286.1856797936664,14275188
4447,2025-10-20,283.4320068359375,287.2674789036292,282.3501993264109,285.34972786343695,13536721
4448,2025-10-21,283.82537841796875,284.8088343168441,283.4320020609571,283.5303236406908,398291
4449,2025-10-23,284.8580017089844,286.33318559148836,283.23530544076857,284.1696005714316,21031287
4450,2025-10-24,283.7270202636719,285.93979598496566,281.8092693001406,284.8579885186837,16350189
4451,2025-10-27,286.2348327636719,287.95588061917886,283.4320074091433,284.2187601380122,13396182
4452,2025-10-28,283.4811706542969,287.75920993470606,282.0551475565961,285.7431072788983,13543174
4453,2025-10-29,290.4637145996094,291.74219530208654,283.97289946640996,284.21876344863193,14608714
4454,2025-10-30,286.6773986816406,291.5455174567833,286.1365099344882,291.3979750596575,10329750
4455,2025-10-31,283.3828125,287.1691237297978,282.2518442138766,287.1691237297978,10088802
4456,2025-11-03,283.23529052734375,285.3497146450617,282.3993470354019,284.21874639723035,8578207
4457,2025-11-04,274.433349609375,280.23576327559437,273.49908453677585,279.7931961272585,26098629
4458,2025-11-06,265.72979736328125,273.89246936439633,265.3855817942166,273.4007414122161,21919591
4459,2025-11-07,267.5,268.28675270080566,264.3037683823529,265.7297914168414,11379131
4460,2025-11-10,268.20001220703125,270.54998779296875,266.54998779296875,268.6000061035156,10717941
4461,2025-11-11,267.6499938964844,269.1499938964844,264.6499938964844,268.25,11154806
4462,2025-11-12,267.1000061035156,270.25,266.5,269.0,16444701
4463,2025-11-13,269.8500061035156,270.45001220703125,265.6499938964844,267.1000061035156,12573141
4464,2025-11-14,271.29998779296875,272.29998779296875,269.5,270.3500061035156,10308317
4465,2025-11-17,273.54998779296875,273.95001220703125,270.0,272.1000061035156,9884392
4466,2025-11-18,274.20001220703125,276.79998779296875,272.29998779296875,274.0,16434280
4467,2025-11-19,275.1499938964844,276.0,272.5,275.95001220703125,15765235
4468,2025-11-20,277.20001220703125,279.04998779296875,274.5,275.25,15337345
4469,2025-11-21,277.6000061035156,279.0,275.3999938964844,277.20001220703125,12941485
4470,2025-11-24,275.79998779296875,279.04998779296875,272.5,278.0,49791096
4471,2025-11-25,273.45001220703125,276.8999938964844,272.6499938964844,275.0,12114606
4472,2025-11-26,275.04998779296875,276.95001220703125,273.5,274.0,8352869
4473,2025-11-27,273.70001220703125,277.0,273.29998779296875,277.0,9865039
4474,2025-11-28,269.95001220703125,274.3500061035156,269.45001220703125,273.79998779296875,12580231
4475,2025-12-01,269.6499938964844,272.45001220703125,268.75,272.45001220703125,10428760
4476,2025-12-02,267.45001220703125,270.6499938964844,266.8999938964844,269.0,11029817
4477,2025-12-03,268.45001220703125,269.0,264.5,267.45001220703125,9063557
4478,2025-12-04,269.1000061035156,270.20001220703125,265.6000061035156,266.54998779296875,5103204
4479,2025-12-05,269.79998779296875,271.5,267.79998779296875,268.20001220703125,5535798
4480,2025-12-08,265.20001220703125,269.3999938964844,264.75,268.79998779296875,10203843
4481,2025-12-09,264.54998779296875,265.75,262.8999938964844,264.1000061035156,10686557
4482,2025-12-10,265.5,267.25,264.29998779296875,264.8999938964844,7157092
4483,2025-12-11,264.79998779296875,266.3500061035156,262.5,264.25,8336183
4484,2025-12-12,263.6000061035156,266.75,263.29998779296875,265.0,5522827
4485,2025-12-15,262.20001220703125,263.8500061035156,260.5,263.6000061035156,6400400
4486,2025-12-16,260.3500061035156,263.3500061035156,259.70001220703125,262.1499938964844,9241981
4487,2025-12-17,261.1000061035156,262.75,259.29998779296875,260.3500061035156,10944698
4488,2025-12-18,257.95001220703125,261.70001220703125,255.8000030517578,260.75,10930748
4489,2025-12-19,263.45001220703125,263.95001220703125,257.95001220703125,258.04998779296875,16657897
4490,2025-12-22,265.0,265.6000061035156,259.04998779296875,259.1000061035156,10054250
4491,2025-12-23,267.0,269.29998779296875,264.3999938964844,265.0,10526826
4492,2025-12-24,268.04998779296875,270.04998779296875,266.29998779296875,267.79998779296875,6131188
